"sep=	"
Shimmer_Timestamp	Shimmer_EMG_ENV	Shimmer_EMG_RAW	Shimmer_EMG_REF
hh:mm:ss	unit	unit	unit
13:27:12	117	1760	537
13:27:12	118	1760	534
13:27:12	123	1771	542
13:27:12	121	1761	539
13:27:12	119	1762	541
13:27:12	118	1762	534
13:27:12	118	1760	533
13:27:12	118	1761	534
13:27:12	114	1760	534
13:27:12	117	1761	537
13:27:12	121	1761	540
13:27:12	118	1759	538
13:27:12	121	1760	530
13:27:12	117	1759	539
13:27:12	119	1761	534
13:27:12	118	1754	537
13:27:12	121	1762	528
13:27:12	92	1762	283
13:27:12	77	1762	301
13:27:12	80	1762	323
13:27:12	78	1762	346
13:27:12	75	1765	367
13:27:12	69	1762	370
13:27:12	71	1763	394
13:27:12	70	1761	401
13:27:12	74	1763	415
13:27:12	70	1760	419
13:27:12	75	1762	432
13:27:12	75	1762	438
13:27:12	84	1763	449
13:27:12	73	1763	448
13:27:12	78	1762	453
13:27:12	79	1761	464
13:27:12	80	1765	466
13:27:12	80	1762	471
13:27:12	82	1765	477
13:27:12	82	1762	478
13:27:12	83	1763	488
13:27:12	83	1762	484
13:27:12	92	1763	494
13:27:12	88	1761	493
13:27:12	93	1751	496
13:27:12	90	1762	496
13:27:12	95	1763	499
13:27:12	95	1763	499
13:27:12	94	1765	505
13:27:12	92	1763	498
13:27:12	94	1760	500
13:27:12	96	1761	502
13:27:12	96	1761	504
13:27:12	97	1763	510
13:27:12	102	1762	511
13:27:12	100	1759	511
13:27:12	105	1761	506
13:27:12	102	1761	509
13:27:12	101	1761	511
13:27:12	103	1761	511
13:27:12	102	1763	511
13:27:12	107	1762	511
13:27:12	106	1759	511
13:27:12	107	1763	511
13:27:12	107	1761	510
13:27:12	112	1759	511
13:27:12	109	1763	511
13:27:12	101	1762	511
13:27:12	111	1761	528
13:27:12	109	1761	525
13:27:12	109	1761	522
13:27:12	107	1758	511
13:27:12	103	1763	511
13:27:12	106	1759	522
13:27:12	106	1760	524
13:27:12	108	1760	523
13:27:12	106	1760	527
13:27:12	111	1759	524
13:27:12	109	1759	509
13:27:12	111	1761	527
13:27:12	107	1761	523
13:27:12	110	1761	525
13:27:12	107	1761	524
13:27:12	111	1759	528
13:27:12	111	1759	528
13:27:12	110	1763	524
13:27:12	110	1760	527
13:27:12	110	1760	528
13:27:12	110	1761	511
13:27:12	110	1762	511
13:27:12	110	1762	511
13:27:12	115	1759	528
13:27:12	111	1759	528
13:27:12	112	1760	528
13:27:12	112	1761	528
13:27:12	101	1763	528
13:27:12	112	1760	511
13:27:12	112	1761	524
13:27:12	113	1762	528
13:27:12	112	1760	527
13:27:12	111	1759	528
13:27:12	112	1751	524
13:27:12	112	1761	528
13:27:12	112	1763	529
13:27:12	109	1765	528
13:27:12	113	1761	528
13:27:12	112	1761	528
13:27:12	112	1762	529
13:27:12	111	1760	526
13:27:12	112	1759	523
13:27:12	109	1761	511
13:27:12	109	1762	524
13:27:12	107	1763	528
13:27:12	112	1760	527
13:27:12	112	1760	528
13:27:12	112	1761	511
13:27:12	110	1758	528
13:27:12	106	1760	523
13:27:12	111	1760	511
13:27:12	111	1761	511
13:27:12	110	1759	528
13:27:12	114	1760	529
13:27:12	109	1759	511
13:27:12	110	1759	524
13:27:12	106	1761	527
13:27:12	109	1759	527
13:27:12	111	1759	528
13:27:12	110	1759	528
13:27:12	107	1759	528
13:27:12	109	1763	528
13:27:12	112	1759	528
13:27:12	107	1761	526
13:27:12	108	1761	526
13:27:12	106	1761	525
13:27:12	108	1759	527
13:27:12	111	1760	527
13:27:12	110	1759	527
13:27:12	109	1761	526
13:27:12	109	1760	526
13:27:12	103	1760	511
13:27:12	110	1766	526
13:27:12	108	1760	525
13:27:12	112	1761	528
13:27:12	112	1760	525
13:27:12	112	1763	530
13:27:12	112	1759	526
13:27:12	112	1761	528
13:27:12	109	1760	511
13:27:12	108	1762	511
13:27:12	109	1759	525
13:27:12	111	1760	528
13:27:12	112	1759	527
13:27:12	111	1759	528
13:27:12	112	1760	526
13:27:12	112	1762	528
13:27:12	109	1760	511
13:27:12	110	1759	511
13:27:12	110	1760	525
13:27:12	111	1761	527
13:27:12	112	1761	526
13:27:12	113	1761	528
13:27:12	112	1761	526
13:27:12	113	1765	528
13:27:12	111	1759	526
13:27:12	109	1759	511
13:27:12	110	1761	532
13:27:12	112	1760	528
13:27:12	112	1755	527
13:27:12	112	1761	528
13:27:12	112	1760	526
13:27:12	112	1761	524
13:27:12	109	1760	523
13:27:12	110	1757	509
13:27:12	111	1760	528
13:27:12	112	1760	526
13:27:12	112	1760	527
13:27:12	115	1761	526
13:27:12	112	1770	525
13:27:12	112	1763	526
13:27:12	112	1759	525
13:27:12	112	1762	524
13:27:12	111	1760	526
13:27:12	112	1759	527
13:27:12	112	1760	526
13:27:12	112	1760	524
13:27:12	111	1761	528
13:27:12	112	1759	526
13:27:12	112	1761	525
13:27:12	112	1762	527
13:27:12	111	1762	526
13:27:12	111	1763	525
13:27:12	112	1761	527
13:27:12	112	1760	526
13:27:12	112	1761	525
13:27:12	112	1761	523
13:27:12	111	1761	524
13:27:12	112	1763	526
13:27:12	112	1762	525
13:27:12	112	1763	525
13:27:12	111	1760	526
13:27:12	111	1761	527
13:27:12	112	1762	526
13:27:12	112	1761	525
13:27:12	112	1761	525
13:27:12	112	1761	525
13:27:12	112	1761	528
13:27:12	112	1764	528
13:27:12	112	1761	528
13:27:12	111	1761	527
13:27:12	112	1762	528
13:27:12	112	1763	527
13:27:12	112	1764	528
13:27:12	112	1762	526
13:27:12	109	1762	524
13:27:12	111	1763	527
13:27:12	111	1764	528
13:27:12	112	1762	528
13:27:12	112	1763	527
13:27:12	112	1763	525
13:27:12	112	1763	528
13:27:12	112	1763	526
13:27:12	112	1763	527
13:27:12	112	1762	526
13:27:12	112	1761	526
13:27:12	112	1763	528
13:27:12	112	1763	526
13:27:12	112	1765	528
13:27:12	113	1762	525
13:27:12	111	1762	526
13:27:12	112	1761	528
13:27:12	111	1763	527
13:27:12	112	1762	527
13:27:12	112	1763	527
13:27:12	112	1765	528
13:27:12	112	1761	528
13:27:12	112	1760	528
13:27:12	112	1762	529
13:27:12	112	1762	529
13:27:12	112	1760	529
13:27:12	115	1765	528
13:27:12	114	1763	531
13:27:12	113	1763	533
13:27:12	113	1761	531
13:27:12	116	1764	529
13:27:12	116	1763	533
13:27:12	114	1763	534
13:27:12	114	1765	538
13:27:12	115	1765	539
13:27:12	117	1762	538
13:27:12	118	1765	541
13:27:12	113	1764	530
13:27:12	91	1763	357
13:27:12	89	1763	375
13:27:12	85	1763	389
13:27:12	83	1765	401
13:27:12	82	1763	416
13:27:12	81	1763	429
13:27:12	80	1765	438
13:27:12	80	1763	447
13:27:12	81	1763	454
13:27:12	82	1765	463
13:27:12	85	1766	464
13:27:12	85	1765	471
13:27:12	87	1765	479
13:27:12	89	1764	486
13:27:12	93	1765	491
13:27:12	90	1765	494
13:27:12	91	1763	496
13:27:12	93	1763	497
13:27:12	96	1766	506
13:27:12	96	1763	505
13:27:12	16	1769	66
13:27:12	1	1763	112
13:27:12	2	1763	146
13:27:12	0	1764	184
13:27:12	0	1766	213
13:27:12	0	1755	235
13:27:12	0	1763	257
13:27:12	5	1763	279
13:27:12	6	1764	300
13:27:12	9	1762	317
13:27:12	5	1763	336
13:27:12	16	1765	342
13:27:12	21	1762	359
13:27:12	20	1764	363
13:27:12	26	1764	375
13:27:12	29	1762	384
13:27:12	34	1765	395
13:27:12	37	1765	400
13:27:12	41	1760	406
13:27:12	43	1762	415
13:27:12	48	1763	421
13:27:12	51	1763	427
13:27:12	54	1763	433
13:27:12	58	1763	435
13:27:12	62	1766	443
13:27:12	61	1762	439
13:27:12	66	1764	453
13:27:12	67	1762	450
13:27:12	70	1767	448
13:27:12	67	1762	453
13:27:12	76	1763	462
13:27:12	72	1763	464
13:27:12	74	1760	465
13:27:12	77	1763	465
13:27:12	81	1761	470
13:27:12	80	1763	473
13:27:12	80	1762	468
13:27:12	80	1763	485
13:27:12	81	1762	483
13:27:12	80	1763	479
13:27:12	83	1760	475
13:27:12	83	1761	482
13:27:12	83	1759	486
13:27:12	86	1762	487
13:27:12	86	1761	486
13:27:12	87	1759	489
13:27:12	87	1763	490
13:27:12	87	1762	492
13:27:12	90	1761	494
13:27:12	90	1764	495
13:27:12	90	1762	496
13:27:12	94	1762	497
13:27:12	95	1763	498
13:27:12	96	1763	500
13:27:12	97	1762	502
13:27:12	96	1762	502
13:27:12	98	1763	507
13:27:12	97	1760	506
13:27:12	99	1761	508
13:27:12	98	1763	510
13:27:12	99	1763	509
13:27:12	102	1762	510
13:27:12	100	1763	511
13:27:12	99	1763	511
13:27:12	100	1765	511
13:27:12	101	1764	511
13:27:12	102	1763	511
13:27:12	70	1762	266
13:27:12	64	1763	290
13:27:12	59	1764	314
13:27:12	61	1767	333
13:27:12	57	1764	350
13:27:12	58	1764	368
13:27:12	55	1763	375
13:27:12	59	1762	390
13:27:12	60	1762	400
13:27:12	59	1751	408
13:27:12	63	1763	419
13:27:12	65	1766	425
13:27:12	66	1764	435
13:27:12	66	1764	443
13:27:12	69	1766	449
13:27:12	75	1765	461
13:27:12	73	1765	461
13:27:12	76	1767	468
13:27:12	75	1764	464
13:27:12	78	1763	476
13:27:12	80	1763	471
13:27:12	81	1764	477
13:27:12	81	1765	481
13:27:12	81	1765	490
13:27:12	83	1762	487
13:27:12	85	1763	490
13:27:12	5	1765	55
13:27:12	0	1763	99
13:27:12	0	1763	144
13:27:12	0	1764	180
13:27:12	0	1763	206
13:27:12	0	1766	227
13:27:12	0	1762	250
13:27:12	0	1763	271
13:27:12	0	1761	289
13:27:12	3	1763	309
13:27:12	6	1764	323
13:27:13	13	1766	336
13:27:13	16	1761	353
13:27:13	16	1762	355
13:27:13	19	1761	368
13:27:13	21	1763	374
13:27:13	26	1763	384
13:27:13	30	1762	392
13:27:13	35	1761	405
13:27:13	39	1762	409
13:27:13	43	1764	418
13:27:13	46	1763	416
13:27:13	48	1762	420
13:27:13	49	1761	430
13:27:13	50	1762	432
13:27:13	56	1763	438
13:27:13	59	1763	445
13:27:13	62	1762	448
13:27:13	64	1761	453
13:27:13	63	1762	447
13:27:13	64	1760	448
13:27:13	66	1761	451
13:27:13	64	1759	455
13:27:13	71	1760	463
13:27:13	70	1761	465
13:27:13	74	1761	464
13:27:13	77	1765	466
13:27:13	71	1761	464
13:27:13	73	1761	480
13:27:13	77	1763	471
13:27:13	77	1762	473
13:27:13	80	1761	469
13:27:13	80	1762	478
13:27:13	80	1762	479
13:27:13	80	1765	476
13:27:13	80	1762	477
13:27:13	82	1763	480
13:27:13	82	1761	489
13:27:13	80	1762	477
13:27:13	81	1761	480
13:27:13	86	1761	484
13:27:13	86	1760	485
13:27:13	86	1762	490
13:27:13	85	1761	487
13:27:13	92	1761	487
13:27:13	86	1763	490
13:27:13	91	1761	485
13:27:13	89	1763	493
13:27:13	92	1762	492
13:27:13	94	1761	496
13:27:13	86	1762	489
13:27:13	88	1762	492
13:27:13	94	1761	495
13:27:13	94	1761	495
13:27:13	95	1764	493
13:27:13	93	1761	496
13:27:13	93	1761	496
13:27:13	89	1762	497
13:27:13	89	1761	495
13:27:13	94	1762	496
13:27:13	95	1761	498
13:27:13	94	1762	497
13:27:13	91	1762	495
13:27:13	95	1761	496
13:27:13	93	1761	496
13:27:13	94	1762	498
13:27:13	96	1761	498
13:27:13	97	1761	499
13:27:13	93	1760	502
13:27:13	102	1762	503
13:27:13	94	1761	496
13:27:13	98	1761	501
13:27:13	97	1761	503
13:27:13	97	1762	502
13:27:13	94	1762	498
13:27:13	99	1769	502
13:27:13	99	1763	503
13:27:13	100	1764	506
13:27:13	99	1768	496
13:27:13	100	1761	507
13:27:13	98	1761	502
13:27:13	100	1763	507
13:27:13	98	1760	499
13:27:13	100	1760	505
13:27:13	99	1762	503
13:27:13	102	1759	505
13:27:13	101	1762	506
13:27:13	101	1764	511
13:27:13	102	1762	507
13:27:13	102	1763	507
13:27:13	104	1761	506
13:27:13	103	1762	511
13:27:13	103	1762	506
13:27:13	101	1762	507
13:27:13	101	1761	506
13:27:13	106	1763	511
13:27:13	102	1762	507
13:27:13	103	1761	505
13:27:13	102	1762	502
13:27:13	102	1762	506
13:27:13	102	1762	505
13:27:13	102	1761	502
13:27:13	101	1761	509
13:27:13	108	1762	507
13:27:13	105	1759	508
13:27:13	105	1761	503
13:27:13	102	1766	505
13:27:13	93	1760	503
13:27:13	102	1763	506
13:27:13	101	1761	506
13:27:13	106	1759	511
13:27:13	105	1761	511
13:27:13	103	1760	509
13:27:13	107	1761	505
13:27:13	101	1760	507
13:27:13	101	1759	502
13:27:13	100	1758	504
13:27:13	102	1760	509
13:27:13	102	1761	507
13:27:13	102	1758	506
13:27:13	103	1760	510
13:27:13	99	1760	506
13:27:13	99	1761	511
13:27:13	101	1760	508
13:27:13	103	1759	510
13:27:13	102	1762	503
13:27:13	101	1759	509
13:27:13	99	1762	507
13:27:13	99	1761	508
13:27:13	99	1759	508
13:27:13	104	1760	509
13:27:13	106	1760	511
13:27:13	103	1757	511
13:27:13	101	1760	503
13:27:13	109	1761	500
13:27:13	106	1760	511
13:27:13	104	1759	509
13:27:13	103	1759	508
13:27:13	106	1759	511
13:27:13	105	1759	511
13:27:13	105	1760	511
13:27:13	102	1760	507
13:27:13	103	1760	501
13:27:13	99	1761	500
13:27:13	102	1759	511
13:27:13	103	1757	510
13:27:13	105	1759	511
13:27:13	105	1759	511
13:27:13	102	1763	511
13:27:13	112	1761	511
13:27:13	105	1762	511
13:27:13	106	1759	511
13:27:13	105	1761	510
13:27:13	105	1759	509
13:27:13	106	1761	527
13:27:13	107	1760	509
13:27:13	106	1761	510
13:27:13	106	1762	510
13:27:13	109	1761	511
13:27:13	106	1760	511
13:27:13	106	1762	511
13:27:13	105	1761	510
13:27:13	110	1761	510
13:27:13	111	1761	510
13:27:13	107	1762	511
13:27:13	109	1761	511
13:27:13	110	1762	525
13:27:13	109	1763	511
13:27:13	110	1761	522
13:27:13	109	1760	511
13:27:13	110	1763	528
13:27:13	109	1762	526
13:27:13	110	1762	526
13:27:13	109	1762	511
13:27:13	112	1763	527
13:27:13	112	1762	526
13:27:13	108	1762	526
13:27:13	111	1763	527
13:27:13	112	1762	527
13:27:13	110	1762	527
13:27:13	23	1765	62
13:27:13	13	1763	99
13:27:13	6	1762	137
13:27:13	6	1763	176
13:27:13	5	1763	205
13:27:13	2	1763	234
13:27:13	4	1771	256
13:27:13	11	1762	275
13:27:13	4	1764	296
13:27:13	11	1763	304
13:27:13	15	1762	320
13:27:13	16	1771	336
13:27:13	20	1762	347
13:27:13	26	1762	359
13:27:13	27	1754	372
13:27:13	31	1761	381
13:27:13	37	1763	390
13:27:13	34	1765	392
13:27:13	42	1763	405
13:27:13	45	1763	409
13:27:13	48	1765	417
13:27:13	48	1762	415
13:27:13	50	1767	428
13:27:13	53	1761	430
13:27:13	55	1763	432
13:27:13	59	1763	437
13:27:13	64	1763	444
13:27:13	64	1762	447
13:27:13	67	1765	446
13:27:13	64	1762	448
13:27:13	67	1762	452
13:27:13	67	1761	453
13:27:13	71	1762	462
13:27:13	71	1763	463
13:27:13	77	1763	464
13:27:13	75	1761	465
13:27:13	77	1765	464
13:27:13	67	1763	464
13:27:13	79	1764	471
13:27:13	79	1763	471
13:27:13	79	1763	471
13:27:13	80	1762	476
13:27:13	80	1762	478
13:27:13	81	1761	479
13:27:13	83	1761	476
13:27:13	80	1761	477
13:27:13	83	1761	485
13:27:13	85	1761	482
13:27:13	85	1760	481
13:27:13	85	1763	485
13:27:13	83	1762	490
13:27:13	89	1761	489
13:27:13	83	1762	482
13:27:13	83	1762	489
13:27:13	82	1761	489
13:27:13	90	1763	491
13:27:13	84	1761	490
13:27:13	87	1761	490
13:27:13	87	1761	490
13:27:13	87	1761	488
13:27:13	87	1759	496
13:27:13	91	1759	496
13:27:13	92	1760	495
13:27:13	91	1759	491
13:27:13	91	1755	493
13:27:13	90	1760	494
13:27:13	93	1759	496
13:27:13	93	1759	496
13:27:13	93	1760	497
13:27:13	94	1763	498
13:27:13	97	1761	500
13:27:13	94	1761	501
13:27:13	92	1760	493
13:27:13	93	1759	496
13:27:13	91	1760	496
13:27:13	96	1757	499
13:27:13	96	1761	497
13:27:13	96	1759	503
13:27:13	96	1760	504
13:27:13	96	1762	507
13:27:13	95	1759	496
13:27:13	98	1762	500
13:27:13	99	1760	499
13:27:13	97	1762	503
13:27:13	99	1760	501
13:27:13	104	1761	509
13:27:13	102	1760	505
13:27:13	101	1770	507
13:27:13	99	1761	499
13:27:13	98	1762	496
13:27:13	101	1762	498
13:27:13	101	1760	503
13:27:13	102	1760	501
13:27:13	104	1761	509
13:27:13	101	1762	505
13:27:13	106	1759	508
13:27:13	100	1759	501
13:27:13	106	1761	509
13:27:13	105	1763	506
13:27:13	102	1750	509
13:27:13	100	1760	501
13:27:13	99	1759	510
13:27:13	103	1749	497
13:27:13	102	1761	507
13:27:13	101	1760	506
13:27:13	103	1763	507
13:27:13	101	1762	507
13:27:13	112	1763	504
13:27:13	102	1763	507
13:27:13	106	1760	504
13:27:13	101	1763	510
13:27:13	103	1760	505
13:27:13	102	1762	506
13:27:13	106	1761	506
13:27:13	102	1760	511
13:27:13	101	1761	509
13:27:13	100	1760	511
13:27:13	101	1761	508
13:27:13	101	1763	509
13:27:13	98	1760	499
13:27:13	99	1761	502
13:27:13	102	1759	510
13:27:13	101	1761	508
13:27:13	99	1763	508
13:27:13	101	1762	507
13:27:13	100	1763	509
13:27:13	101	1762	510
13:27:13	100	1760	507
13:27:13	101	1763	507
13:27:13	101	1768	509
13:27:13	103	1762	509
13:27:13	101	1761	507
13:27:13	102	1762	507
13:27:13	100	1762	507
13:27:13	102	1762	511
13:27:13	99	1763	502
13:27:13	102	1761	511
13:27:13	102	1763	510
13:27:13	101	1762	509
13:27:13	103	1762	509
13:27:13	106	1761	511
13:27:13	105	1763	511
13:27:13	106	1763	511
13:27:13	107	1762	511
13:27:13	107	1762	511
13:27:13	109	1763	525
13:27:13	108	1762	511
13:27:13	103	1763	511
13:27:13	107	1762	511
13:27:13	106	1762	525
13:27:13	109	1762	526
13:27:13	110	1762	523
13:27:13	14	1770	59
13:27:13	6	1767	103
13:27:13	1	1767	144
13:27:13	0	1765	176
13:27:13	0	1766	208
13:27:13	0	1769	226
13:27:13	0	1765	248
13:27:13	0	1764	270
13:27:13	0	1763	288
13:27:13	0	1766	305
13:27:13	11	1766	322
13:27:13	14	1765	336
13:27:13	16	1766	340
13:27:13	16	1765	354
13:27:13	19	1762	367
13:27:13	21	1763	378
13:27:13	30	1762	384
13:27:13	33	1763	393
13:27:13	38	1765	398
13:27:13	39	1765	405
13:27:13	45	1763	403
13:27:13	44	1761	421
13:27:13	48	1761	413
13:27:13	48	1762	429
13:27:13	55	1762	429
13:27:13	55	1766	433
13:27:13	57	1763	438
13:27:13	59	1762	448
13:27:13	64	1762	449
13:27:13	65	1762	452
13:27:13	66	1762	453
13:27:13	68	1763	458
13:27:13	64	1763	453
13:27:13	66	1762	459
13:27:13	70	1762	462
13:27:13	70	1761	460
13:27:13	76	1763	465
13:27:13	75	1761	468
13:27:13	77	1761	469
13:27:13	77	1762	471
13:27:13	75	1761	468
13:27:13	77	1760	471
13:27:13	78	1761	470
13:27:13	80	1762	479
13:27:13	80	1762	479
13:27:13	80	1762	479
13:27:13	81	1761	479
13:27:13	80	1762	481
13:27:13	80	1761	478
13:27:13	80	1760	479
13:27:13	82	1763	483
13:27:13	85	1761	484
13:27:13	84	1762	483
13:27:13	84	1762	487
13:27:13	86	1762	481
13:27:13	84	1766	493
13:27:13	83	1762	483
13:27:13	93	1755	483
13:27:13	87	1761	486
13:27:13	85	1760	491
13:27:13	86	1762	490
13:27:13	93	1763	496
13:27:13	89	1761	493
13:27:13	91	1761	496
13:27:13	85	1750	490
13:27:13	85	1761	490
13:27:13	89	1760	495
13:27:13	90	1762	496
13:27:13	91	1762	496
13:27:13	92	1763	497
13:27:13	91	1762	496
13:27:13	93	1764	498
13:27:13	90	1761	494
13:27:13	87	1762	496
13:27:13	89	1760	494
13:27:13	92	1759	498
13:27:13	97	1761	496
13:27:13	95	1763	502
13:27:13	94	1761	497
13:27:13	98	1762	498
13:27:13	93	1762	494
13:27:13	97	1761	497
13:27:13	93	1757	498
13:27:13	94	1760	498
13:27:13	95	1760	497
13:27:13	96	1763	498
13:27:13	95	1761	496
13:27:13	96	1760	496
13:27:13	96	1761	500
13:27:13	97	1762	497
13:27:13	97	1762	497
13:27:13	95	1761	494
13:27:13	92	1761	497
13:27:13	96	1761	499
13:27:13	96	1762	499
13:27:13	97	1760	499
13:27:13	96	1761	499
13:27:13	95	1761	501
13:27:13	98	1759	503
13:27:13	96	1762	498
13:27:13	99	1762	502
13:27:13	97	1762	503
13:27:13	95	1763	503
13:27:13	94	1759	498
13:27:13	95	1761	499
13:27:13	98	1762	499
13:27:13	101	1760	502
13:27:13	98	1761	502
13:27:13	100	1759	502
13:27:13	101	1761	503
13:27:13	100	1762	503
13:27:13	98	1760	501
13:27:13	96	1760	499
13:27:13	89	1761	509
13:27:13	98	1762	507
13:27:13	97	1762	505
13:27:13	99	1762	506
13:27:13	98	1763	505
13:27:13	101	1762	510
13:27:13	98	1760	501
13:27:13	99	1759	506
13:27:13	100	1763	509
13:27:13	101	1762	510
13:27:13	98	1762	503
13:27:13	101	1759	503
13:27:13	102	1761	509
13:27:13	101	1762	506
13:27:13	106	1761	507
13:27:13	101	1760	511
13:27:13	101	1762	507
13:27:13	100	1763	510
13:27:13	99	1761	503
13:27:13	101	1771	503
13:27:13	101	1761	502
13:27:13	98	1759	505
13:27:13	98	1760	501
13:27:13	99	1767	511
13:27:13	99	1760	506
13:27:13	101	1761	510
13:27:13	96	1760	502
13:27:13	96	1765	503
13:27:13	99	1761	502
13:27:13	97	1762	503
13:27:13	95	1759	511
13:27:13	89	1760	511
13:27:13	98	1762	508
13:27:13	103	1763	511
13:27:13	96	1760	506
13:27:13	98	1762	510
13:27:13	97	1761	511
13:27:13	99	1760	509
13:27:13	98	1760	510
13:27:13	102	1763	510
13:27:13	101	1763	508
13:27:13	102	1762	508
13:27:13	99	1760	507
13:27:13	102	1761	507
13:27:13	102	1767	510
13:27:13	101	1761	510
13:27:13	102	1763	509
13:27:13	106	1761	509
13:27:13	100	1761	507
13:27:13	103	1762	507
13:27:13	102	1761	509
13:27:13	104	1761	508
13:27:13	105	1762	510
13:27:13	103	1762	502
13:27:13	100	1763	504
13:27:13	103	1760	502
13:27:13	106	1760	511
13:27:13	103	1761	511
13:27:13	102	1761	510
13:27:13	104	1761	507
13:27:13	106	1762	511
13:27:13	99	1761	506
13:27:13	102	1761	506
13:27:13	102	1760	506
13:27:13	102	1760	511
13:27:13	102	1763	510
13:27:13	102	1763	511
13:27:13	101	1761	510
13:27:13	112	1762	511
13:27:13	101	1761	505
13:27:13	99	1760	507
13:27:13	100	1761	508
13:27:13	99	1761	506
13:27:13	103	1762	507
13:27:13	106	1761	511
13:27:13	105	1760	511
13:27:13	102	1762	511
13:27:13	101	1761	509
13:27:13	102	1761	508
13:27:13	105	1761	511
13:27:13	106	1761	511
13:27:13	105	1759	511
13:27:13	103	1763	511
13:27:13	106	1760	511
13:27:13	109	1762	511
13:27:13	103	1761	511
13:27:13	103	1762	511
13:27:13	107	1761	511
13:27:13	110	1763	525
13:27:13	107	1762	511
13:27:13	106	1761	511
13:27:13	106	1762	511
13:27:13	107	1763	525
13:27:13	102	1761	511
13:27:13	106	1764	511
13:27:13	29	1765	77
13:27:13	19	1764	123
13:27:13	16	1763	159
13:27:13	13	1767	192
13:27:13	11	1762	219
13:27:13	10	1766	242
13:27:13	9	1763	269
13:27:13	10	1761	285
13:27:13	12	1763	304
13:27:13	16	1762	321
13:27:13	17	1763	335
13:27:13	20	1765	346
13:27:13	24	1763	360
13:27:13	31	1763	368
13:27:13	34	1765	378
13:27:13	36	1761	386
13:27:13	40	1764	395
13:27:13	45	1763	401
13:27:13	48	1761	417
13:27:13	48	1762	422
13:27:13	50	1761	420
13:27:13	51	1765	430
13:27:13	54	1765	432
13:27:13	60	1763	442
13:27:13	61	1761	443
13:27:13	64	1762	447
13:27:13	64	1762	450
13:27:13	64	1763	458
13:27:13	66	1762	456
13:27:13	68	1761	459
13:27:13	70	1762	462
13:27:13	69	1765	464
13:27:13	73	1762	464
13:27:13	74	1763	464
13:27:13	77	1766	466
13:27:13	77	1764	470
13:27:13	76	1762	471
13:27:13	80	1763	473
13:27:13	79	1762	474
13:27:13	80	1763	476
13:27:13	80	1765	477
13:27:13	80	1766	481
13:27:13	81	1764	483
13:27:13	85	1765	491
13:27:13	84	1763	488
13:27:13	85	1763	489
13:27:13	86	1764	494
13:27:13	87	1765	497
13:27:13	86	1763	495
13:27:13	89	1765	496
13:27:13	90	1765	497
13:27:13	91	1763	497
13:27:13	91	1762	499
13:27:13	93	1763	499
13:27:13	92	1763	502
13:27:13	93	1764	500
13:27:13	94	1763	502
13:27:13	93	1761	501
13:27:13	7	1765	64
13:27:13	4	1765	109
13:27:13	0	1765	144
13:27:13	0	1763	170
13:27:13	0	1765	201
13:27:13	0	1763	234
13:27:13	1	1765	254
13:27:13	0	1763	275
13:27:13	2	1764	289
13:27:13	4	1762	314
13:27:13	7	1766	322
13:27:13	10	1762	332
13:27:13	15	1764	342
13:27:13	16	1763	353
13:27:13	19	1762	363
13:27:13	22	1763	371
13:27:13	31	1763	384
13:27:13	32	1763	391
13:27:13	33	1761	399
13:27:13	35	1762	400
13:27:13	37	1760	407
13:27:13	42	1762	417
13:27:13	48	1761	422
13:27:13	44	1763	429
13:27:13	51	1762	430
13:27:13	53	1765	433
13:27:13	58	1761	443
13:27:13	54	1765	438
13:27:13	58	1762	442
13:27:13	59	1763	448
13:27:13	64	1762	449
13:27:13	63	1761	449
13:27:13	66	1763	459
13:27:13	67	1761	457
13:27:13	67	1763	463
13:27:13	69	1760	455
13:27:13	68	1761	460
13:27:13	68	1761	462
13:27:13	69	1761	464
13:27:13	69	1760	466
13:27:13	71	1761	473
13:27:13	76	1762	469
13:27:13	78	1760	474
13:27:13	74	1761	469
13:27:13	77	1762	467
13:27:13	78	1760	471
13:27:13	77	1760	480
13:27:13	80	1759	478
13:27:13	80	1762	487
13:27:13	80	1760	478
13:27:13	84	1762	481
13:27:13	80	1761	477
13:27:13	80	1761	478
13:27:13	80	1760	478
13:27:13	81	1762	477
13:27:13	84	1759	483
13:27:13	94	1762	485
13:27:13	88	1761	483
13:27:13	86	1762	480
13:27:13	81	1760	480
13:27:13	86	1760	490
13:27:13	84	1760	488
13:27:13	85	1761	487
13:27:13	83	1761	489
13:27:13	91	1762	488
13:27:13	94	1761	490
13:27:13	91	1763	485
13:27:13	83	1761	487
13:27:13	83	1761	491
13:27:13	89	1759	491
13:27:13	87	1761	492
13:27:13	87	1761	493
13:27:13	92	1762	491
13:27:13	87	1762	493
13:27:13	94	1762	492
13:27:13	86	1763	494
13:27:13	92	1760	496
13:27:13	92	1763	496
13:27:13	92	1763	496
13:27:13	93	1761	494
13:27:13	91	1760	496
13:27:13	95	1765	496
13:27:13	90	1760	493
13:27:13	94	1762	496
13:27:13	91	1761	496
13:27:13	92	1762	496
13:27:13	92	1762	492
13:27:13	90	1761	494
13:27:13	95	1761	498
13:27:13	91	1761	499
13:27:13	94	1763	491
13:27:13	94	1761	497
13:27:13	93	1762	501
13:27:13	97	1762	501
13:27:13	91	1761	496
13:27:13	96	1761	498
13:27:13	94	1753	497
13:27:13	95	1762	502
13:27:13	93	1760	496
13:27:13	96	1751	496
13:27:13	94	1763	498
13:27:13	95	1762	499
13:27:13	97	1762	499
13:27:13	98	1761	502
13:27:13	88	1762	501
13:27:13	99	1764	505
13:27:13	96	1760	497
13:27:13	97	1762	505
13:27:13	97	1762	502
13:27:13	99	1763	505
13:27:13	97	1762	498
13:27:13	97	1760	501
13:27:13	99	1762	507
13:27:13	99	1763	507
13:27:13	97	1762	506
13:27:13	98	1763	511
13:27:13	98	1762	505
13:27:13	103	1762	511
13:27:13	98	1762	501
13:27:13	98	1762	507
13:27:13	102	1763	511
13:27:13	103	1761	511
13:27:13	107	1762	511
13:27:13	10	1764	58
13:27:13	6	1765	102
13:27:13	0	1766	144
13:27:13	0	1766	175
13:27:13	0	1763	203
13:27:13	0	1765	227
13:27:13	0	1760	249
13:27:13	0	1765	272
13:27:13	0	1765	290
13:27:13	6	1766	311
13:27:13	10	1766	321
13:27:13	13	1764	336
13:27:13	16	1766	340
13:27:13	16	1766	352
13:27:13	23	1765	368
13:27:13	26	1764	374
13:27:13	29	1765	385
13:27:13	33	1762	389
13:27:13	39	1765	398
13:27:13	39	1763	402
13:27:13	45	1765	402
13:27:13	43	1763	411
13:27:13	46	1763	417
13:27:13	48	1762	427
13:27:13	53	1765	431
13:27:13	53	1761	433
13:27:13	54	1764	434
13:27:13	58	1763	442
13:27:13	58	1763	441
13:27:13	61	1763	443
13:27:13	64	1761	449
13:27:13	66	1766	454
13:27:13	65	1763	453
13:27:13	67	1763	461
13:27:13	64	1763	457
13:27:13	68	1763	463
13:27:13	65	1767	463
13:27:13	66	1762	454
13:27:13	69	1762	462
13:27:13	69	1761	465
13:27:13	69	1762	463
13:27:13	75	1761	467
13:27:13	74	1763	470
13:27:13	78	1760	467
13:27:13	77	1763	471
13:27:13	79	1763	475
13:27:13	79	1761	479
13:27:13	80	1763	479
13:27:13	80	1763	480
13:27:13	81	1765	483
13:27:13	82	1762	484
13:27:13	83	1765	487
13:27:13	85	1762	486
13:27:13	85	1762	487
13:27:13	88	1763	490
13:27:13	88	1765	491
13:27:13	87	1763	495
13:27:13	89	1764	495
13:27:13	92	1762	495
13:27:13	90	1762	496
13:27:13	92	1763	496
13:27:13	5	1765	50
13:27:13	0	1767	102
13:27:13	0	1768	134
13:27:13	0	1766	176
13:27:13	0	1765	205
13:27:13	0	1767	223
13:27:13	0	1761	246
13:27:13	0	1766	268
13:27:13	0	1766	288
13:27:13	5	1762	304
13:27:13	7	1764	320
13:27:13	15	1763	336
13:27:13	15	1765	343
13:27:13	16	1766	355
13:27:13	17	1765	365
13:27:13	19	1761	377
13:27:13	30	1764	384
13:27:13	31	1765	390
13:27:13	34	1753	399
13:27:13	41	1766	402
13:27:13	42	1763	407
13:27:13	47	1762	404
13:27:13	49	1763	415
13:27:13	48	1761	424
13:27:13	51	1765	430
13:27:13	54	1762	432
13:27:13	58	1763	435
13:27:13	60	1762	439
13:27:13	58	1760	445
13:27:13	64	1763	448
13:27:13	65	1764	449
13:27:13	64	1762	451
13:27:13	66	1762	455
13:27:13	67	1763	457
13:27:13	66	1766	458
13:27:13	70	1763	464
13:27:13	71	1762	464
13:27:13	74	1762	464
13:27:13	76	1761	464
13:27:13	73	1762	466
13:27:13	77	1764	466
13:27:13	79	1763	469
13:27:13	78	1763	469
13:27:13	79	1765	473
13:27:13	80	1763	474
13:27:13	80	1764	473
13:27:13	80	1763	481
13:27:13	82	1765	479
13:27:13	82	1763	481
13:27:13	82	1763	484
13:27:13	83	1765	487
13:27:13	86	1762	485
13:27:13	86	1765	489
13:27:13	89	1763	493
13:27:13	87	1763	494
13:27:13	88	1765	495
13:27:13	90	1765	496
13:27:13	87	1765	495
13:27:13	91	1766	496
13:27:13	94	1762	496
13:27:13	91	1764	496
13:27:13	93	1765	497
13:27:13	3	1766	50
13:27:13	0	1764	95
13:27:13	0	1765	134
13:27:13	0	1765	170
13:27:13	0	1765	193
13:27:13	0	1765	225
13:27:13	0	1763	244
13:27:13	0	1768	270
13:27:13	0	1762	279
13:27:13	2	1764	299
13:27:13	4	1764	315
13:27:13	6	1762	327
13:27:13	10	1764	338
13:27:13	16	1764	349
13:27:13	16	1763	363
13:27:13	21	1763	368
13:27:13	20	1763	377
13:27:13	29	1771	385
13:27:13	32	1765	396
13:27:13	29	1763	400
13:27:13	34	1762	401
13:27:13	41	1766	407
13:27:13	46	1763	415
13:27:13	47	1764	423
13:27:13	49	1765	425
13:27:13	49	1764	431
13:27:13	54	1767	435
13:27:13	55	1762	442
13:27:13	54	1763	438
13:27:13	64	1763	448
13:27:13	59	1763	448
13:27:13	66	1766	454
13:27:13	64	1762	449
13:27:13	64	1765	450
13:27:13	64	1762	452
13:27:13	65	1762	451
13:27:13	66	1759	454
13:27:13	71	1761	464
13:27:13	75	1763	464
13:27:13	74	1763	468
13:27:13	74	1761	464
13:27:13	77	1759	462
13:27:13	76	1762	466
13:27:13	77	1761	465
13:27:13	76	1761	465
13:27:13	80	1763	475
13:27:13	80	1763	469
13:27:13	80	1762	478
13:27:13	79	1764	467
13:27:13	80	1765	469
13:27:13	79	1760	471
13:27:13	80	1760	478
13:27:13	80	1762	476
13:27:13	76	1760	481
13:27:13	83	1762	477
13:27:13	82	1763	482
13:27:13	80	1749	478
13:27:13	77	1760	477
13:27:13	80	1761	480
13:27:13	81	1760	483
13:27:13	81	1760	483
13:27:13	84	1762	481
13:27:13	83	1761	485
13:27:13	86	1765	478
13:27:13	83	1762	481
13:27:13	83	1760	485
13:27:13	83	1763	491
13:27:13	87	1762	490
13:27:13	85	1760	489
13:27:13	89	1763	486
13:27:13	87	1762	494
13:27:13	92	1761	496
13:27:13	85	1762	491
13:27:13	87	1762	492
13:27:13	85	1761	494
13:27:13	92	1761	497
13:27:13	89	1762	496
13:27:13	91	1762	499
13:27:13	90	1762	496
13:27:13	91	1763	502
13:27:13	67	1762	304
13:27:13	62	1766	323
13:27:13	64	1763	339
13:27:13	58	1763	357
13:27:13	57	1761	365
13:27:13	55	1761	378
13:27:13	58	1761	387
13:27:13	59	1762	401
13:27:13	59	1763	409
13:27:13	64	1762	417
13:27:13	64	1761	421
13:27:13	64	1761	432
13:27:13	63	1761	431
13:27:13	62	1763	435
13:27:13	64	1761	442
13:27:13	66	1763	448
13:27:13	69	1757	455
13:27:13	68	1762	456
13:27:13	67	1763	450
13:27:13	73	1762	462
13:27:13	67	1762	460
13:27:13	70	1761	469
13:27:13	70	1759	464
13:27:13	75	1751	470
13:27:13	75	1760	471
13:27:13	75	1760	473
13:27:13	77	1762	474
13:27:13	79	1761	475
13:27:13	79	1761	475
13:27:13	79	1760	475
13:27:13	80	1760	478
13:27:13	80	1760	481
13:27:13	82	1760	482
13:27:13	85	1758	487
13:27:13	82	1760	491
13:27:13	84	1761	488
13:27:13	81	1760	489
13:27:14	85	1761	486
13:27:14	84	1759	491
13:27:14	85	1759	493
13:27:14	86	1760	494
13:27:14	90	1759	495
13:27:14	87	1760	496
13:27:14	90	1759	496
13:27:14	94	1760	495
13:27:14	91	1759	496
13:27:14	91	1762	496
13:27:14	59	1763	240
13:27:14	51	1763	269
13:27:14	52	1762	291
13:27:14	47	1762	309
13:27:14	44	1762	322
13:27:14	45	1761	343
13:27:14	46	1763	354
13:27:14	48	1760	372
13:27:14	49	1763	381
13:27:14	49	1751	384
13:27:14	51	1762	402
13:27:14	55	1761	408
13:27:14	53	1762	412
13:27:14	59	1763	419
13:27:14	61	1761	427
13:27:14	60	1760	432
13:27:14	61	1763	437
13:27:14	64	1761	445
13:27:14	65	1757	448
13:27:14	65	1760	452
13:27:14	64	1761	454
13:27:14	67	1761	453
13:27:14	69	1763	462
13:27:14	66	1762	464
13:27:14	70	1760	465
13:27:14	74	1759	470
13:27:14	71	1759	470
13:27:14	74	1761	478
13:27:14	78	1762	470
13:27:14	75	1761	478
13:27:14	75	1760	480
13:27:14	77	1761	486
13:27:14	80	1760	483
13:27:14	80	1764	485
13:27:14	81	1764	486
13:27:14	80	1762	492
13:27:14	81	1762	491
13:27:14	0	1766	44
13:27:14	0	1765	112
13:27:14	0	1766	169
13:27:14	0	1763	223
13:27:14	0	1763	259
13:27:14	0	1761	299
13:27:14	0	1763	320
13:27:14	0	1766	351
13:27:14	0	1763	361
13:27:14	0	1763	381
13:27:14	0	1763	396
13:27:14	1	1762	413
13:27:14	5	1761	421
13:27:14	16	1763	444
13:27:14	22	1763	448
13:27:14	30	1763	462
13:27:14	33	1762	456
13:27:14	36	1763	463
13:27:14	43	1761	465
13:27:14	41	1763	469
13:27:14	48	1760	490
13:27:14	59	1762	490
13:27:14	62	1762	491
13:27:14	65	1763	493
13:27:14	61	1762	487
13:27:14	58	1761	485
13:27:14	65	1760	489
13:27:14	67	1764	493
13:27:14	70	1761	496
13:27:14	74	1762	496
13:27:14	73	1761	499
13:27:14	77	1763	494
13:27:14	70	1761	496
13:27:14	71	1760	497
13:27:14	71	1759	507
13:27:14	78	1758	506
13:27:14	79	1759	503
13:27:14	82	1762	501
13:27:14	77	1759	506
13:27:14	81	1760	496
13:27:14	77	1762	499
13:27:14	71	1760	499
13:27:14	77	1760	509
13:27:14	76	1760	507
13:27:14	75	1760	506
13:27:14	77	1760	505
13:27:14	75	1758	505
13:27:14	70	1761	496
13:27:14	75	1761	503
13:27:14	75	1759	501
13:27:14	78	1760	509
13:27:14	78	1761	507
13:27:14	80	1760	511
13:27:14	80	1762	507
13:27:14	80	1761	511
13:27:14	78	1762	503
13:27:14	80	1761	506
13:27:14	78	1760	505
13:27:14	80	1759	510
13:27:14	80	1760	511
13:27:14	80	1762	510
13:27:14	80	1758	511
13:27:14	81	1759	511
13:27:14	80	1759	504
13:27:14	80	1761	501
13:27:14	80	1767	508
13:27:14	79	1761	511
13:27:14	80	1759	511
13:27:14	80	1761	511
13:27:14	80	1761	511
13:27:14	83	1762	507
13:27:14	80	1760	504
13:27:14	79	1759	509
13:27:14	80	1758	507
13:27:14	81	1761	511
13:27:14	82	1759	511
13:27:14	85	1762	526
13:27:14	84	1760	511
13:27:14	85	1766	526
13:27:14	82	1761	508
13:27:14	80	1760	511
13:27:14	80	1759	510
13:27:14	85	1759	511
13:27:14	83	1759	511
13:27:14	83	1761	524
13:27:14	81	1763	509
13:27:14	84	1760	511
13:27:14	80	1760	507
13:27:14	80	1759	508
13:27:14	83	1760	511
13:27:14	81	1759	511
13:27:14	80	1760	511
13:27:14	89	1762	524
13:27:14	84	1759	511
13:27:14	83	1762	511
13:27:14	80	1765	503
13:27:14	80	1760	507
13:27:14	79	1759	503
13:27:14	81	1759	511
13:27:14	80	1760	511
13:27:14	83	1767	511
13:27:14	81	1759	511
13:27:14	84	1762	506
13:27:14	75	1761	509
13:27:14	75	1759	508
13:27:14	77	1759	507
13:27:14	80	1759	511
13:27:14	80	1760	510
13:27:14	80	1762	511
13:27:14	80	1760	507
13:27:14	80	1761	503
13:27:14	78	1764	508
13:27:14	73	1759	510
13:27:14	80	1761	511
13:27:14	72	1758	511
13:27:14	80	1760	510
13:27:14	81	1759	511
13:27:14	80	1758	511
13:27:14	82	1761	503
13:27:14	80	1759	503
13:27:14	80	1760	501
13:27:14	80	1761	511
13:27:14	81	1759	511
13:27:14	80	1759	510
13:27:14	80	1760	511
13:27:14	81	1760	511
13:27:14	80	1760	504
13:27:14	80	1762	510
13:27:14	79	1759	509
13:27:14	82	1761	511
13:27:14	81	1760	510
13:27:14	80	1760	506
13:27:14	80	1761	509
13:27:14	81	1760	511
13:27:14	77	1759	503
13:27:14	81	1761	508
13:27:14	78	1759	506
13:27:14	80	1759	511
13:27:14	80	1759	510
13:27:14	80	1761	511
13:27:14	80	1760	510
13:27:14	82	1760	527
13:27:14	80	1759	501
13:27:14	78	1762	503
13:27:14	80	1758	503
13:27:14	75	1757	503
13:27:14	80	1757	511
13:27:14	80	1757	511
13:27:14	83	1760	511
13:27:14	80	1761	527
13:27:14	80	1762	506
13:27:14	80	1761	505
13:27:14	79	1759	506
13:27:14	80	1759	511
13:27:14	79	1760	511
13:27:14	80	1760	522
13:27:14	80	1760	511
13:27:14	80	1759	509
13:27:14	81	1760	510
13:27:14	83	1763	511
13:27:14	82	1764	511
13:27:14	80	1760	511
13:27:14	80	1760	511
13:27:14	80	1761	509
13:27:14	80	1761	511
13:27:14	81	1763	502
13:27:14	79	1761	506
13:27:14	75	1760	506
13:27:14	80	1760	510
13:27:14	80	1760	510
13:27:14	78	1760	506
13:27:14	80	1760	507
13:27:14	79	1759	511
13:27:14	80	1761	499
13:27:14	77	1760	501
13:27:14	75	1761	502
13:27:14	80	1759	510
13:27:14	80	1760	509
13:27:14	80	1759	509
13:27:14	80	1761	509
13:27:14	80	1759	510
13:27:14	75	1761	502
13:27:14	80	1761	503
13:27:14	77	1761	507
13:27:14	80	1760	511
13:27:14	80	1763	511
13:27:14	80	1760	511
13:27:14	81	1761	505
13:27:14	82	1763	510
13:27:14	78	1759	503
13:27:14	80	1760	506
13:27:14	80	1760	502
13:27:14	80	1761	525
13:27:14	80	1760	508
13:27:14	80	1763	508
13:27:14	80	1761	510
13:27:14	80	1760	511
13:27:14	80	1759	506
13:27:14	78	1761	508
13:27:14	79	1761	505
13:27:14	80	1759	511
13:27:14	81	1760	502
13:27:14	79	1761	511
13:27:14	82	1760	511
13:27:14	80	1761	511
13:27:14	80	1761	502
13:27:14	79	1760	507
13:27:14	79	1760	506
13:27:14	80	1759	511
13:27:14	80	1759	511
13:27:14	80	1762	511
13:27:14	80	1761	507
13:27:14	82	1761	511
13:27:14	79	1760	504
13:27:14	79	1761	504
13:27:14	80	1759	511
13:27:14	81	1763	511
13:27:14	80	1763	511
13:27:14	81	1760	511
13:27:14	81	1767	510
13:27:14	82	1761	509
13:27:14	80	1761	510
13:27:14	81	1761	509
13:27:14	81	1760	508
13:27:14	80	1762	508
13:27:14	86	1761	506
13:27:14	74	1761	509
13:27:14	80	1760	503
13:27:14	80	1762	510
13:27:14	80	1761	505
13:27:14	80	1762	502
13:27:14	80	1762	507
13:27:14	80	1761	507
13:27:14	80	1761	509
13:27:14	79	1762	505
13:27:14	80	1761	506
13:27:14	80	1761	507
13:27:14	77	1760	509
13:27:14	79	1763	511
13:27:14	80	1762	508
13:27:14	77	1761	511
13:27:14	77	1762	509
13:27:14	80	1761	509
13:27:14	80	1761	511
13:27:14	80	1763	509
13:27:14	80	1761	509
13:27:14	80	1762	511
13:27:14	80	1762	511
13:27:14	82	1761	511
13:27:14	81	1761	511
13:27:14	83	1763	511
13:27:14	86	1762	511
13:27:14	86	1763	525
13:27:14	85	1763	525
13:27:14	85	1762	524
13:27:14	86	1764	525
13:27:14	86	1765	526
13:27:14	86	1762	527
13:27:14	91	1761	526
13:27:14	90	1761	527
13:27:14	89	1762	526
13:27:14	89	1763	527
13:27:14	93	1763	522
13:27:14	89	1764	526
13:27:14	0	1765	44
13:27:14	0	1764	112
13:27:14	0	1764	165
13:27:14	0	1763	208
13:27:14	0	1762	254
13:27:14	0	1765	276
13:27:14	0	1762	309
13:27:14	0	1765	338
13:27:14	0	1763	362
13:27:14	0	1762	371
13:27:14	0	1763	390
13:27:14	0	1763	411
13:27:14	0	1762	421
13:27:14	15	1761	430
13:27:14	18	1761	432
13:27:14	30	1762	446
13:27:14	33	1764	454
13:27:14	34	1765	454
13:27:14	39	1764	467
13:27:14	48	1762	467
13:27:14	49	1762	474
13:27:14	48	1763	470
13:27:14	53	1763	478
13:27:14	63	1761	486
13:27:14	63	1762	490
13:27:14	62	1762	487
13:27:14	64	1762	491
13:27:14	64	1761	496
13:27:14	65	1763	495
13:27:14	64	1762	491
13:27:14	67	1764	498
13:27:14	68	1762	502
13:27:14	69	1755	498
13:27:14	66	1762	496
13:27:14	73	1761	496
13:27:14	75	1763	502
13:27:14	73	1760	501
13:27:14	69	1761	502
13:27:14	79	1763	502
13:27:14	75	1764	506
13:27:14	79	1762	511
13:27:14	77	1760	501
13:27:14	77	1762	500
13:27:14	80	1762	508
13:27:14	79	1762	508
13:27:14	80	1762	506
13:27:14	80	1762	511
13:27:14	79	1763	511
13:27:14	83	1762	511
13:27:14	77	1763	503
13:27:14	79	1761	503
13:27:14	80	1761	506
13:27:14	80	1762	505
13:27:14	79	1759	503
13:27:14	80	1763	522
13:27:14	80	1760	509
13:27:14	81	1761	511
13:27:14	78	1761	497
13:27:14	78	1751	503
13:27:14	80	1760	503
13:27:14	79	1761	504
13:27:14	80	1759	505
13:27:14	80	1762	511
13:27:14	80	1761	511
13:27:14	81	1760	511
13:27:14	80	1759	501
13:27:14	77	1762	496
13:27:14	76	1759	510
13:27:14	80	1761	510
13:27:14	80	1760	507
13:27:14	80	1761	507
13:27:14	80	1759	507
13:27:14	82	1762	499
13:27:14	77	1760	506
13:27:14	80	1759	510
13:27:14	75	1759	511
13:27:14	80	1762	511
13:27:14	80	1759	511
13:27:14	81	1762	511
13:27:14	80	1760	511
13:27:14	82	1762	526
13:27:14	79	1760	511
13:27:14	80	1760	510
13:27:14	79	1762	511
13:27:14	82	1760	526
13:27:14	0	1765	41
13:27:14	0	1763	109
13:27:14	0	1765	165
13:27:14	0	1763	212
13:27:14	0	1765	251
13:27:14	0	1763	278
13:27:14	0	1764	309
13:27:14	0	1763	335
13:27:14	0	1761	364
13:27:14	0	1764	379
13:27:14	0	1762	399
13:27:14	0	1762	411
13:27:14	5	1763	419
13:27:14	16	1762	432
13:27:14	20	1758	446
13:27:14	27	1765	448
13:27:14	33	1762	455
13:27:14	37	1762	458
13:27:14	42	1763	468
13:27:14	48	1764	466
13:27:14	48	1762	473
13:27:14	52	1761	477
13:27:14	55	1765	482
13:27:14	63	1764	485
13:27:14	62	1762	486
13:27:14	65	1762	491
13:27:14	67	1761	496
13:27:14	74	1762	497
13:27:14	69	1762	496
13:27:14	75	1763	496
13:27:14	71	1762	503
13:27:14	73	1763	497
13:27:14	75	1762	504
13:27:14	78	1762	506
13:27:14	80	1765	511
13:27:14	79	1761	511
13:27:14	80	1762	511
13:27:14	80	1764	511
13:27:14	81	1762	528
13:27:14	84	1765	511
13:27:14	82	1765	523
13:27:14	82	1764	511
13:27:14	84	1762	524
13:27:14	86	1765	511
13:27:14	86	1762	525
13:27:14	86	1763	526
13:27:14	87	1765	525
13:27:14	86	1764	528
13:27:14	0	1766	42
13:27:14	0	1765	112
13:27:14	0	1765	165
13:27:14	0	1767	214
13:27:14	0	1767	252
13:27:14	0	1766	287
13:27:14	0	1765	317
13:27:14	0	1765	340
13:27:14	0	1763	363
13:27:14	0	1764	381
13:27:14	0	1767	398
13:27:14	0	1765	410
13:27:14	7	1770	425
13:27:14	15	1763	432
13:27:14	16	1765	443
13:27:14	26	1762	449
13:27:14	34	1767	455
13:27:14	38	1763	461
13:27:14	42	1765	465
13:27:14	48	1763	479
13:27:14	48	1765	474
13:27:14	53	1765	482
13:27:14	55	1762	486
13:27:14	59	1763	489
13:27:14	64	1763	495
13:27:14	66	1761	499
13:27:14	67	1761	499
13:27:14	66	1761	501
13:27:14	64	1762	498
13:27:14	67	1763	497
13:27:14	70	1761	502
13:27:14	71	1761	506
13:27:14	74	1761	525
13:27:14	78	1761	507
13:27:14	78	1762	506
13:27:14	0	1761	38
13:27:14	0	1765	112
13:27:14	0	1761	166
13:27:14	0	1759	212
13:27:14	0	1762	245
13:27:14	0	1763	281
13:27:14	0	1761	311
13:27:14	0	1760	335
13:27:14	0	1762	366
13:27:14	0	1761	381
13:27:14	0	1761	397
13:27:14	2	1762	406
13:27:14	3	1757	416
13:27:14	10	1761	428
13:27:14	22	1760	439
13:27:14	30	1759	450
13:27:14	33	1762	454
13:27:14	37	1760	461
13:27:14	45	1759	469
13:27:14	48	1761	467
13:27:14	48	1760	469
13:27:14	55	1761	479
13:27:14	59	1761	485
13:27:14	62	1763	485
13:27:14	62	1763	490
13:27:14	64	1761	492
13:27:14	66	1762	495
13:27:14	66	1761	496
13:27:14	71	1761	496
13:27:14	65	1763	497
13:27:14	71	1763	499
13:27:14	75	1762	503
13:27:14	71	1762	495
13:27:14	71	1761	496
13:27:14	73	1762	503
13:27:14	78	1763	503
13:27:14	78	1762	503
13:27:14	78	1761	511
13:27:14	78	1762	508
13:27:14	80	1762	511
13:27:14	74	1761	499
13:27:14	78	1763	511
13:27:14	80	1762	501
13:27:14	80	1759	508
13:27:14	78	1761	494
13:27:14	74	1762	510
13:27:14	80	1761	511
13:27:14	79	1761	511
13:27:14	77	1763	506
13:27:14	80	1765	511
13:27:14	78	1762	508
13:27:14	80	1761	511
13:27:14	80	1762	506
13:27:14	78	1761	507
13:27:14	79	1762	509
13:27:14	77	1761	511
13:27:14	75	1760	511
13:27:14	78	1763	525
13:27:14	79	1759	511
13:27:14	80	1765	525
13:27:14	73	1759	509
13:27:14	79	1760	510
13:27:14	79	1759	511
13:27:14	75	1761	511
13:27:14	79	1759	511
13:27:14	80	1759	528
13:27:14	80	1760	522
13:27:14	80	1762	527
13:27:14	0	1762	46
13:27:14	0	1760	111
13:27:14	0	1763	176
13:27:14	0	1762	217
13:27:14	0	1763	261
13:27:14	0	1765	291
13:27:14	0	1764	323
13:27:14	0	1766	336
13:27:14	0	1764	357
13:27:14	0	1760	384
13:27:14	0	1761	397
13:27:14	0	1761	411
13:27:14	0	1765	428
13:27:14	16	1762	432
13:27:14	22	1763	445
13:27:14	23	1762	446
13:27:14	29	1763	444
13:27:14	33	1763	465
13:27:14	42	1760	465
13:27:14	46	1761	471
13:27:14	48	1763	475
13:27:14	44	1762	479
13:27:14	59	1765	471
13:27:14	57	1761	480
13:27:14	58	1760	481
13:27:14	62	1761	485
13:27:14	61	1759	487
13:27:14	64	1760	496
13:27:14	69	1760	496
13:27:14	70	1760	495
13:27:14	69	1762	490
13:27:14	66	1761	495
13:27:14	65	1761	496
13:27:14	66	1760	498
13:27:14	67	1760	500
13:27:14	71	1761	506
13:27:14	75	1762	502
13:27:14	78	1759	509
13:27:14	80	1761	499
13:27:14	75	1762	506
13:27:14	76	1760	508
13:27:14	75	1759	511
13:27:14	80	1761	511
13:27:14	80	1762	509
13:27:14	82	1762	526
13:27:14	81	1762	511
13:27:14	80	1763	525
13:27:14	0	1766	38
13:27:14	0	1767	111
13:27:14	0	1756	165
13:27:14	0	1765	210
13:27:14	0	1765	251
13:27:14	0	1766	287
13:27:14	0	1763	313
13:27:14	0	1767	337
13:27:14	0	1765	363
13:27:14	0	1762	379
13:27:14	0	1766	394
13:27:14	0	1763	407
13:27:14	13	1761	422
13:27:14	16	1765	432
13:27:14	22	1763	442
13:27:14	34	1766	450
13:27:14	34	1765	453
13:27:14	41	1762	463
13:27:14	46	1763	464
13:27:14	48	1765	469
13:27:14	54	1764	474
13:27:14	55	1763	477
13:27:14	58	1761	483
13:27:14	63	1760	485
13:27:14	64	1768	489
13:27:14	65	1762	491
13:27:14	65	1760	491
13:27:14	65	1762	495
13:27:14	66	1763	494
13:27:14	69	1762	497
13:27:14	69	1761	499
13:27:14	70	1760	501
13:27:14	74	1761	503
13:27:14	77	1761	507
13:27:14	77	1762	508
13:27:14	80	1764	506
13:27:14	80	1762	511
13:27:14	81	1763	523
13:27:14	80	1763	507
13:27:14	80	1762	510
13:27:14	78	1762	511
13:27:14	80	1762	523
13:27:14	80	1762	511
13:27:14	82	1762	525
13:27:14	82	1761	524
13:27:14	0	1765	53
13:27:14	0	1763	112
13:27:14	0	1761	162
13:27:14	0	1765	214
13:27:14	0	1762	249
13:27:14	0	1762	284
13:27:14	0	1763	320
13:27:14	0	1763	342
13:27:14	0	1767	365
13:27:14	0	1763	382
13:27:14	0	1763	397
13:27:14	3	1761	408
13:27:14	2	1744	421
13:27:14	14	1762	427
13:27:14	21	1763	443
13:27:14	26	1761	450
13:27:14	29	1761	457
13:27:14	37	1762	464
13:27:14	43	1759	477
13:27:14	48	1763	471
13:27:14	47	1763	467
13:27:14	50	1760	473
13:27:14	55	1761	484
13:27:14	59	1762	478
13:27:14	59	1761	490
13:27:14	66	1761	493
13:27:14	68	1761	495
13:27:14	70	1762	498
13:27:14	64	1762	491
13:27:14	69	1762	495
13:27:14	74	1762	496
13:27:14	75	1761	499
13:27:14	74	1760	498
13:27:14	75	1761	507
13:27:14	76	1762	500
13:27:14	79	1763	506
13:27:14	73	1763	496
13:27:14	71	1762	499
13:27:14	78	1763	509
13:27:14	80	1762	510
13:27:14	78	1761	509
13:27:14	80	1761	511
13:27:14	80	1763	511
13:27:14	80	1761	511
13:27:14	78	1763	506
13:27:14	80	1761	511
13:27:14	78	1760	530
13:27:14	80	1761	511
13:27:14	81	1762	511
13:27:14	80	1761	511
13:27:14	81	1761	522
13:27:14	83	1763	523
13:27:14	77	1762	510
13:27:14	0	1765	75
13:27:14	0	1763	134
13:27:14	0	1763	187
13:27:14	0	1762	233
13:27:14	0	1763	262
13:27:14	0	1762	300
13:27:14	0	1760	325
13:27:14	0	1760	353
13:27:14	0	1760	369
13:27:14	0	1759	388
13:27:14	6	1760	402
13:27:14	11	1759	415
13:27:14	17	1762	430
13:27:14	24	1765	437
13:27:14	30	1761	447
13:27:14	33	1763	454
13:27:14	38	1767	459
13:27:14	46	1761	465
13:27:14	48	1760	470
13:27:14	53	1760	474
13:27:14	51	1760	479
13:27:14	59	1761	482
13:27:14	63	1761	487
13:27:14	64	1762	489
13:27:14	63	1762	492
13:27:14	68	1763	493
13:27:14	69	1763	495
13:27:14	61	1762	496
13:27:14	72	1761	496
13:27:14	73	1763	499
13:27:14	71	1762	501
13:27:14	74	1762	507
13:27:14	77	1763	509
13:27:14	77	1762	511
13:27:14	78	1763	511
13:27:14	79	1763	511
13:27:14	80	1764	511
13:27:14	80	1762	511
13:27:14	80	1763	511
13:27:14	80	1763	511
13:27:14	80	1762	523
13:27:14	80	1763	522
13:27:14	83	1762	511
13:27:14	81	1761	523
13:27:14	0	1763	45
13:27:14	0	1763	111
13:27:14	0	1763	173
13:27:14	0	1766	212
13:27:14	0	1762	247
13:27:14	0	1762	285
13:27:14	0	1763	310
13:27:14	0	1761	339
13:27:14	0	1763	362
13:27:14	0	1762	377
13:27:14	0	1761	394
13:27:14	1	1756	406
13:27:14	1	1761	418
13:27:14	14	1761	427
13:27:14	16	1760	450
13:27:14	27	1761	448
13:27:14	42	1761	452
13:27:14	38	1761	455
13:27:14	46	1763	465
13:27:14	48	1761	469
13:27:14	48	1762	466
13:27:14	49	1762	470
13:27:14	53	1759	487
13:27:14	59	1760	482
13:27:14	64	1761	484
13:27:14	64	1760	491
13:27:14	64	1762	495
13:27:14	70	1761	496
13:27:14	65	1761	491
13:27:14	64	1760	489
13:27:14	67	1759	490
13:27:14	65	1760	496
13:27:14	68	1761	496
13:27:14	73	1760	510
13:27:14	71	1759	505
13:27:14	75	1761	511
13:27:14	73	1762	498
13:27:14	71	1759	505
13:27:14	77	1759	506
13:27:14	74	1759	506
13:27:14	71	1761	510
13:27:14	80	1761	511
13:27:14	79	1760	511
13:27:14	80	1761	511
13:27:14	78	1762	509
13:27:14	80	1761	507
13:27:14	79	1760	510
13:27:14	80	1761	511
13:27:14	0	1765	49
13:27:14	0	1763	122
13:27:14	0	1763	173
13:27:14	0	1750	223
13:27:14	0	1762	250
13:27:14	0	1762	285
13:27:14	0	1763	320
13:27:14	0	1764	347
13:27:14	0	1762	368
13:27:14	0	1765	391
13:27:14	1	1764	400
13:27:14	9	1764	418
13:27:14	11	1762	422
13:27:14	18	1761	434
13:27:14	24	1763	448
13:27:14	32	1763	455
13:27:14	34	1762	464
13:27:14	45	1761	471
13:27:14	47	1761	474
13:27:14	50	1762	480
13:27:14	52	1762	479
13:27:14	57	1762	486
13:27:14	64	1761	487
13:27:14	31	1762	325
13:27:14	29	1762	353
13:27:14	27	1763	369
13:27:14	31	1764	392
13:27:14	27	1761	400
13:27:14	23	1757	413
13:27:14	27	1761	426
13:27:14	34	1762	436
13:27:14	42	1761	453
13:27:14	47	1763	464
13:27:14	47	1761	466
13:27:14	52	1764	479
13:27:14	51	1762	476
13:27:14	55	1761	481
13:27:14	57	1760	486
13:27:14	59	1762	490
13:27:14	64	1761	491
13:27:14	67	1760	498
13:27:14	70	1761	499
13:27:14	71	1762	506
13:27:14	71	1760	507
13:27:14	76	1762	503
13:27:14	78	1761	511
13:27:14	11	1763	193
13:27:15	2	1762	233
13:27:15	2	1762	275
13:27:15	3	1762	306
13:27:15	6	1763	325
13:27:15	2	1764	352
13:27:15	2	1762	371
13:27:15	14	1761	395
13:27:15	16	1761	406
13:27:15	21	1761	428
13:27:15	31	1763	434
13:27:15	34	1762	448
13:27:15	42	1764	445
13:27:15	43	1761	457
13:27:15	48	1762	465
13:27:15	49	1762	469
13:27:15	48	1763	478
13:27:15	53	1760	481
13:27:15	60	1762	496
13:27:15	64	1760	494
13:27:15	65	1763	498
13:27:15	65	1762	496
13:27:15	65	1765	503
13:27:15	0	1765	39
13:27:15	0	1765	112
13:27:15	0	1775	167
13:27:15	0	1776	217
13:27:15	0	1766	257
13:27:15	0	1767	295
13:27:15	0	1765	310
13:27:15	0	1764	339
13:27:15	0	1765	363
13:27:15	0	1766	383
13:27:15	0	1766	403
13:27:15	3	1766	419
13:27:15	7	1765	432
13:27:15	16	1765	445
13:27:15	16	1763	442
13:27:15	25	1764	448
13:27:15	30	1764	455
13:27:15	39	1765	463
13:27:15	41	1762	464
13:27:15	50	1764	479
13:27:15	49	1762	481
13:27:15	60	1763	487
13:27:15	54	1762	479
13:27:15	60	1765	481
13:27:15	58	1765	486
13:27:15	58	1762	490
13:27:15	65	1761	496
13:27:15	70	1765	502
13:27:15	70	1760	496
13:27:15	74	1763	501
13:27:15	66	1758	496
13:27:15	69	1761	496
13:27:15	65	1763	497
13:27:15	70	1761	496
13:27:15	77	1761	504
13:27:15	74	1761	502
13:27:15	74	1761	505
13:27:15	79	1761	498
13:27:15	69	1751	497
13:27:15	73	1761	500
13:27:15	73	1759	499
13:27:15	70	1760	499
13:27:15	71	1761	509
13:27:15	80	1762	507
13:27:15	78	1762	507
13:27:15	80	1762	501
13:27:15	71	1761	502
13:27:15	75	1761	505
13:27:15	73	1763	508
13:27:15	70	1762	510
13:27:15	75	1760	507
13:27:15	80	1760	505
13:27:15	77	1759	509
13:27:15	80	1762	499
13:27:15	71	1761	501
13:27:15	80	1761	503
13:27:15	77	1761	511
13:27:15	75	1761	509
13:27:15	73	1760	508
13:27:15	80	1762	507
13:27:15	79	1761	511
13:27:15	80	1760	501
13:27:15	74	1757	505
13:27:15	75	1759	502
13:27:15	79	1760	503
13:27:15	80	1759	511
13:27:15	80	1760	511
13:27:15	82	1759	511
13:27:15	80	1761	511
13:27:15	80	1760	503
13:27:15	78	1760	506
13:27:15	80	1770	511
13:27:15	80	1759	511
13:27:15	81	1760	511
13:27:15	82	1757	511
13:27:15	80	1760	511
13:27:15	81	1759	511
13:27:15	80	1765	510
13:27:15	79	1760	507
13:27:15	80	1762	507
13:27:15	81	1759	511
13:27:15	76	1762	511
13:27:15	81	1768	511
13:27:15	83	1765	511
13:27:15	84	1761	511
13:27:15	80	1760	505
13:27:15	78	1760	506
13:27:15	80	1761	511
13:27:15	81	1755	511
13:27:15	80	1760	509
13:27:15	80	1761	511
13:27:15	80	1759	509
13:27:15	80	1764	511
13:27:15	76	1763	502
13:27:15	80	1759	501
13:27:15	79	1762	507
13:27:15	80	1761	510
13:27:15	80	1761	510
13:27:15	80	1761	511
13:27:15	80	1759	511
13:27:15	80	1761	511
13:27:15	77	1759	503
13:27:15	77	1759	506
13:27:15	80	1759	511
13:27:15	80	1759	509
13:27:15	80	1760	511
13:27:15	80	1761	509
13:27:15	80	1760	509
13:27:15	80	1762	511
13:27:15	75	1761	503
13:27:15	77	1761	496
13:27:15	76	1761	511
13:27:15	79	1759	510
13:27:15	80	1760	510
13:27:15	80	1761	511
13:27:15	80	1762	507
13:27:15	82	1761	500
13:27:15	79	1760	503
13:27:15	78	1761	503
13:27:15	79	1760	510
13:27:15	80	1761	509
13:27:15	80	1761	510
13:27:15	82	1761	510
13:27:15	69	1760	508
13:27:15	81	1761	501
13:27:15	80	1761	503
13:27:15	75	1760	502
13:27:15	79	1759	510
13:27:15	80	1760	511
13:27:15	80	1759	508
13:27:15	81	1761	507
13:27:15	80	1761	510
13:27:15	80	1761	502
13:27:15	78	1764	503
13:27:15	79	1763	507
13:27:15	79	1761	511
13:27:15	80	1760	509
13:27:15	80	1761	511
13:27:15	80	1761	510
13:27:15	80	1761	509
13:27:15	80	1760	503
13:27:15	80	1761	505
13:27:15	78	1761	503
13:27:15	80	1761	507
13:27:15	81	1757	510
13:27:15	82	1761	509
13:27:15	81	1762	511
13:27:15	82	1760	511
13:27:15	80	1761	499
13:27:15	80	1759	503
13:27:15	76	1759	506
13:27:15	80	1759	511
13:27:15	83	1759	509
13:27:15	80	1762	511
13:27:15	80	1761	510
13:27:15	81	1759	511
13:27:15	78	1761	504
13:27:15	80	1760	506
13:27:15	79	1761	506
13:27:15	80	1761	511
13:27:15	80	1760	511
13:27:15	80	1758	511
13:27:15	80	1759	511
13:27:15	81	1763	511
13:27:15	79	1761	503
13:27:15	80	1762	506
13:27:15	75	1759	504
13:27:15	77	1760	511
13:27:15	80	1759	505
13:27:15	80	1760	511
13:27:15	82	1761	511
13:27:15	80	1761	511
13:27:15	75	1760	505
13:27:15	76	1761	502
13:27:15	80	1761	511
13:27:15	79	1761	510
13:27:15	64	1759	511
13:27:15	66	1762	511
13:27:15	78	1760	511
13:27:15	80	1763	511
13:27:15	76	1759	502
13:27:15	74	1761	505
13:27:15	75	1759	511
13:27:15	78	1759	510
13:27:15	77	1760	509
13:27:15	80	1759	511
13:27:15	78	1759	509
13:27:15	80	1762	511
13:27:15	78	1757	504
13:27:15	79	1762	503
13:27:15	76	1761	511
13:27:15	76	1760	510
13:27:15	80	1759	511
13:27:15	81	1761	507
13:27:15	83	1759	511
13:27:15	80	1762	501
13:27:15	74	1761	502
13:27:15	77	1760	501
13:27:15	80	1762	511
13:27:15	80	1762	509
13:27:15	80	1761	507
13:27:15	81	1759	508
13:27:15	80	1759	508
13:27:15	81	1760	501
13:27:15	80	1760	505
13:27:15	75	1760	511
13:27:15	80	1761	510
13:27:15	80	1760	502
13:27:15	80	1759	507
13:27:15	80	1760	508
13:27:15	80	1761	511
13:27:15	78	1763	503
13:27:15	77	1759	503
13:27:15	78	1760	506
13:27:15	80	1767	502
13:27:15	79	1759	509
13:27:15	79	1760	511
13:27:15	80	1760	507
13:27:15	77	1759	510
13:27:15	75	1760	506
13:27:15	77	1761	505
13:27:15	79	1760	505
13:27:15	81	1760	511
13:27:15	80	1759	511
13:27:15	79	1759	510
13:27:15	80	1760	511
13:27:15	80	1761	511
13:27:15	80	1761	511
13:27:15	80	1761	506
13:27:15	80	1760	511
13:27:15	81	1760	524
13:27:15	80	1760	523
13:27:15	80	1762	525
13:27:15	80	1761	511
13:27:15	80	1761	511
13:27:15	84	1760	511
13:27:15	80	1762	511
13:27:15	80	1761	511
13:27:15	0	1765	79
13:27:15	0	1761	143
13:27:15	0	1762	192
13:27:15	0	1762	240
13:27:15	0	1762	273
13:27:15	0	1763	305
13:27:15	0	1763	333
13:27:15	0	1760	356
13:27:15	0	1763	369
13:27:15	0	1762	389
13:27:15	5	1762	400
13:27:15	16	1761	421
13:27:15	18	1762	432
13:27:15	25	1765	443
13:27:15	33	1761	457
13:27:15	38	1761	449
13:27:15	42	1761	462
13:27:15	45	1763	464
13:27:15	48	1762	477
13:27:15	52	1759	480
13:27:15	59	1761	481
13:27:15	50	1763	485
13:27:15	61	1763	490
13:27:15	64	1761	495
13:27:15	64	1762	491
13:27:15	64	1760	490
13:27:15	65	1761	493
13:27:15	66	1762	498
13:27:15	67	1760	496
13:27:15	69	1761	502
13:27:15	69	1763	497
13:27:15	74	1762	505
13:27:15	67	1761	496
13:27:15	71	1765	511
13:27:15	71	1760	499
13:27:15	70	1747	505
13:27:15	73	1759	501
13:27:15	74	1762	509
13:27:15	74	1760	501
13:27:15	74	1761	503
13:27:15	74	1761	507
13:27:15	79	1763	511
13:27:15	75	1763	511
13:27:15	80	1762	511
13:27:15	79	1761	511
13:27:15	80	1763	511
13:27:15	80	1760	511
13:27:15	81	1761	511
13:27:15	82	1761	524
13:27:15	82	1762	524
13:27:15	83	1762	511
13:27:15	82	1761	525
13:27:15	84	1762	525
13:27:15	85	1763	523
13:27:15	85	1761	511
13:27:15	85	1761	526
13:27:15	0	1765	45
13:27:15	0	1763	109
13:27:15	0	1765	165
13:27:15	0	1765	210
13:27:15	0	1766	247
13:27:15	0	1764	282
13:27:15	0	1767	310
13:27:15	0	1765	339
13:27:15	0	1761	363
13:27:15	0	1766	380
13:27:15	0	1763	395
13:27:15	1	1765	407
13:27:15	5	1764	421
13:27:15	13	1762	432
13:27:15	18	1773	438
13:27:15	26	1763	448
13:27:15	32	1771	454
13:27:15	41	1763	460
13:27:15	43	1763	464
13:27:15	45	1756	470
13:27:15	48	1764	467
13:27:15	48	1761	467
13:27:15	52	1761	478
13:27:15	59	1761	484
13:27:15	64	1762	485
13:27:15	63	1762	495
13:27:15	64	1762	493
13:27:15	64	1762	496
13:27:15	64	1761	487
13:27:15	64	1760	492
13:27:15	64	1766	499
13:27:15	69	1763	501
13:27:15	70	1763	499
13:27:15	74	1766	500
13:27:15	75	1763	502
13:27:15	74	1762	504
13:27:15	75	1762	506
13:27:15	76	1765	510
13:27:15	76	1762	510
13:27:15	79	1763	511
13:27:15	80	1764	511
13:27:15	80	1762	511
13:27:15	80	1763	511
13:27:15	80	1763	511
13:27:15	81	1763	511
13:27:15	81	1765	524
13:27:15	0	1764	41
13:27:15	0	1766	108
13:27:15	0	1765	161
13:27:15	0	1767	209
13:27:15	0	1764	250
13:27:15	0	1763	290
13:27:15	0	1764	313
13:27:15	0	1763	338
13:27:15	0	1762	357
13:27:15	0	1763	378
13:27:15	0	1765	396
13:27:15	0	1763	405
13:27:15	7	1762	418
13:27:15	16	1763	430
13:27:15	17	1763	437
13:27:15	26	1763	448
13:27:15	31	1762	454
13:27:15	37	1763	464
13:27:15	45	1763	467
13:27:15	48	1765	477
13:27:15	50	1763	480
13:27:15	59	1765	486
13:27:15	63	1763	491
13:27:15	64	1765	496
13:27:15	64	1763	496
13:27:15	68	1764	499
13:27:15	70	1765	503
13:27:15	71	1767	507
13:27:15	73	1763	506
13:27:15	75	1766	510
13:27:15	76	1766	511
13:27:15	80	1763	511
13:27:15	80	1765	511
13:27:15	80	1765	511
13:27:15	0	1763	42
13:27:15	0	1767	109
13:27:15	0	1766	173
13:27:15	0	1763	208
13:27:15	0	1764	247
13:27:15	0	1763	282
13:27:15	0	1763	307
13:27:15	0	1765	339
13:27:15	0	1765	361
13:27:15	0	1763	378
13:27:15	0	1763	396
13:27:15	0	1762	410
13:27:15	6	1761	416
13:27:15	10	1763	428
13:27:15	22	1766	441
13:27:15	27	1763	448
13:27:15	33	1761	454
13:27:15	37	1765	462
13:27:15	42	1767	463
13:27:15	48	1765	470
13:27:15	47	1763	466
13:27:15	48	1761	475
13:27:15	53	1762	474
13:27:15	56	1763	478
13:27:15	56	1761	481
13:27:15	64	1763	490
13:27:15	64	1763	496
13:27:15	64	1759	493
13:27:15	63	1763	489
13:27:15	64	1763	495
13:27:15	64	1762	495
13:27:15	66	1762	496
13:27:15	68	1762	496
13:27:15	67	1761	499
13:27:15	72	1762	500
13:27:15	80	1762	506
13:27:15	67	1760	495
13:27:15	80	1761	506
13:27:15	73	1759	501
13:27:15	75	1762	506
13:27:15	71	1759	497
13:27:15	71	1763	505
13:27:15	77	1759	501
13:27:15	71	1763	508
13:27:15	68	1766	499
13:27:15	75	1761	510
13:27:15	77	1760	506
13:27:15	76	1762	509
13:27:15	71	1761	496
13:27:15	74	1764	511
13:27:15	75	1762	506
13:27:15	77	1762	511
13:27:15	76	1761	498
13:27:15	79	1761	510
13:27:15	75	1761	503
13:27:15	77	1762	509
13:27:15	75	1763	496
13:27:15	74	1762	506
13:27:15	76	1762	505
13:27:15	75	1761	508
13:27:15	75	1766	507
13:27:15	80	1763	510
13:27:15	79	1763	507
13:27:15	80	1763	511
13:27:15	76	1763	507
13:27:15	78	1762	510
13:27:15	78	1761	511
13:27:15	80	1761	511
13:27:15	79	1761	511
13:27:15	80	1761	528
13:27:15	83	1760	511
13:27:15	80	1763	525
13:27:15	80	1763	510
13:27:15	80	1761	510
13:27:15	80	1761	511
13:27:15	0	1763	43
13:27:15	0	1767	112
13:27:15	0	1759	168
13:27:15	0	1765	218
13:27:15	0	1762	254
13:27:15	0	1761	288
13:27:15	0	1763	318
13:27:15	0	1762	347
13:27:15	0	1763	366
13:27:15	0	1763	385
13:27:15	0	1763	391
13:27:15	1	1763	403
13:27:15	7	1763	424
13:27:15	10	1763	436
13:27:15	19	1762	440
13:27:15	31	1761	454
13:27:15	37	1763	459
13:27:15	43	1762	464
13:27:15	42	1763	464
13:27:15	48	1761	465
13:27:15	48	1762	477
13:27:15	55	1762	479
13:27:15	59	1763	482
13:27:15	64	1762	485
13:27:15	62	1760	487
13:27:15	66	1761	490
13:27:15	65	1762	493
13:27:15	69	1765	494
13:27:15	67	1763	496
13:27:15	69	1763	502
13:27:15	70	1765	500
13:27:15	71	1766	498
13:27:15	74	1763	503
13:27:15	77	1765	509
13:27:15	73	1761	501
13:27:15	71	1763	503
13:27:15	71	1763	506
13:27:15	75	1762	510
13:27:15	77	1761	511
13:27:15	79	1763	525
13:27:15	80	1762	510
13:27:15	80	1763	524
13:27:15	75	1762	505
13:27:15	77	1762	509
13:27:15	81	1760	511
13:27:15	80	1762	511
13:27:15	0	1766	42
13:27:15	0	1764	116
13:27:15	0	1767	166
13:27:15	0	1764	209
13:27:15	0	1766	255
13:27:15	0	1765	293
13:27:15	0	1766	318
13:27:15	0	1761	337
13:27:15	0	1767	362
13:27:15	0	1765	386
13:27:15	0	1767	397
13:27:15	0	1765	409
13:27:15	7	1765	421
13:27:15	13	1765	443
13:27:15	22	1765	438
13:27:15	30	1767	450
13:27:15	34	1763	462
13:27:15	42	1766	470
13:27:15	47	1767	474
13:27:15	51	1765	479
13:27:15	56	1763	484
13:27:15	61	1764	496
13:27:15	64	1766	494
13:27:15	67	1764	496
13:27:15	68	1766	498
13:27:15	70	1765	504
13:27:15	74	1765	502
13:27:15	78	1765	506
13:27:15	79	1764	511
13:27:15	80	1766	510
13:27:15	79	1764	511
13:27:15	82	1766	511
13:27:15	0	1763	62
13:27:15	0	1763	126
13:27:15	0	1758	181
13:27:15	0	1753	225
13:27:15	0	1763	261
13:27:15	0	1763	289
13:27:15	0	1762	333
13:27:15	0	1763	348
13:27:15	0	1766	368
13:27:15	0	1764	385
13:27:15	0	1763	405
13:27:15	6	1762	413
13:27:15	10	1766	419
13:27:15	16	1763	432
13:27:15	20	1761	438
13:27:15	27	1761	448
13:27:15	29	1761	453
13:27:15	39	1761	464
13:27:15	45	1765	469
13:27:15	48	1762	479
13:27:15	48	1761	469
13:27:15	53	1757	469
13:27:15	52	1761	480
13:27:15	55	1762	481
13:27:15	57	1761	483
13:27:15	64	1761	497
13:27:15	64	1760	495
13:27:15	66	1760	499
13:27:15	64	1762	494
13:27:15	65	1761	495
13:27:15	69	1760	496
13:27:15	66	1761	496
13:27:15	71	1760	503
13:27:15	80	1761	501
13:27:15	74	1760	499
13:27:15	77	1762	506
13:27:15	70	1762	496
13:27:15	71	1759	496
13:27:15	74	1760	509
13:27:15	74	1761	503
13:27:15	80	1763	502
13:27:15	80	1761	510
13:27:15	78	1763	502
13:27:15	80	1762	508
13:27:15	75	1760	499
13:27:15	78	1760	500
13:27:15	73	1763	507
13:27:15	77	1762	505
13:27:15	76	1760	505
13:27:15	79	1763	508
13:27:15	78	1759	497
13:27:15	80	1762	511
13:27:15	73	1760	498
13:27:15	77	1760	503
13:27:15	75	1760	511
13:27:15	79	1761	511
13:27:15	77	1762	509
13:27:15	80	1762	525
13:27:15	80	1761	510
13:27:15	80	1761	511
13:27:15	80	1762	511
13:27:15	80	1761	526
13:27:15	80	1761	511
13:27:15	80	1763	511
13:27:15	80	1761	511
13:27:15	81	1763	511
13:27:15	80	1763	522
13:27:15	82	1762	524
13:27:15	81	1765	524
13:27:15	0	1766	67
13:27:15	0	1764	139
13:27:15	0	1764	186
13:27:15	0	1763	230
13:27:15	0	1763	263
13:27:15	0	1763	295
13:27:15	0	1762	322
13:27:15	0	1770	349
13:27:15	0	1767	368
13:27:15	0	1763	393
13:27:15	2	1759	402
13:27:15	10	1763	418
13:27:15	10	1762	421
13:27:15	15	1765	432
13:27:15	20	1763	439
13:27:15	28	1761	446
13:27:15	35	1763	458
13:27:15	39	1764	471
13:27:15	46	1762	473
13:27:15	50	1764	483
13:27:15	48	1765	475
13:27:15	54	1762	482
13:27:15	54	1763	488
13:27:15	61	1761	490
13:27:15	63	1761	497
13:27:15	65	1761	501
13:27:15	66	1760	501
13:27:15	70	1761	503
13:27:15	67	1761	496
13:27:15	69	1762	501
13:27:15	76	1763	511
13:27:15	75	1763	510
13:27:15	17	1763	258
13:27:15	16	1763	288
13:27:15	16	1765	319
13:27:15	11	1762	336
13:27:15	13	1764	358
13:27:15	20	1762	384
13:27:15	20	1761	399
13:27:15	23	1762	409
13:27:15	31	1763	427
13:27:15	33	1762	435
13:27:15	35	1763	448
13:27:15	37	1763	447
13:27:15	44	1762	458
13:27:15	45	1761	464
13:27:15	48	1763	470
13:27:15	52	1763	471
13:27:15	57	1761	485
13:27:15	61	1762	491
13:27:15	64	1762	496
13:27:15	64	1763	486
13:27:15	65	1763	493
13:27:15	65	1761	495
13:27:15	69	1762	497
13:27:15	69	1760	504
13:27:15	71	1759	502
13:27:15	75	1760	507
13:27:15	75	1763	506
13:27:15	45	1761	331
13:27:15	37	1761	354
13:27:15	31	1762	368
13:27:15	30	1763	385
13:27:15	34	1762	400
13:27:15	37	1762	419
13:27:15	39	1763	430
13:27:15	45	1762	439
13:27:15	46	1761	450
13:27:15	48	1763	461
13:27:15	48	1763	459
13:27:15	49	1763	465
13:27:15	54	1762	470
13:27:15	56	1761	478
13:27:15	61	1763	483
13:27:15	64	1763	491
13:27:15	65	1763	491
13:27:15	66	1763	496
13:27:15	71	1763	491
13:27:15	67	1761	496
13:27:15	75	1765	497
13:27:15	74	1763	501
13:27:15	368	1765	57
13:27:15	322	1760	117
13:27:15	286	1767	165
13:27:15	258	1767	202
13:27:15	237	1767	242
13:27:15	215	1766	277
13:27:15	199	1766	298
13:27:15	189	1775	321
13:27:15	177	1764	342
13:27:15	176	1765	363
13:27:15	167	1766	381
13:27:15	163	1766	398
13:27:15	161	1757	407
13:27:15	157	1764	419
13:27:15	152	1766	427
13:27:15	153	1763	434
13:27:15	150	1764	443
13:27:15	148	1764	453
13:27:15	146	1764	455
13:27:15	150	1766	465
13:27:15	151	1764	471
13:27:15	153	1763	479
13:27:15	148	1763	475
13:27:15	150	1765	477
13:27:15	150	1765	481
13:27:15	150	1762	484
13:27:15	159	1762	494
13:27:15	154	1760	497
13:27:15	157	1762	502
13:27:15	155	1763	500
13:27:15	154	1765	496
13:27:15	153	1761	496
13:27:15	158	1763	502
13:27:15	157	1762	504
13:27:15	157	1762	506
13:27:15	159	1764	510
13:27:15	158	1762	507
13:27:15	161	1763	511
13:27:15	156	1764	508
13:27:15	155	1762	507
13:27:15	154	1762	508
13:27:15	161	1763	511
13:27:15	159	1763	511
13:27:15	164	1763	525
13:27:15	159	1762	510
13:27:15	165	1761	511
13:27:15	157	1761	511
13:27:15	158	1762	511
13:27:15	160	1762	511
13:27:15	158	1761	510
13:27:15	160	1763	521
13:27:15	160	1760	511
13:27:15	163	1761	511
13:27:15	160	1763	511
13:27:15	161	1762	509
13:27:15	160	1761	525
13:27:15	161	1760	511
13:27:15	160	1761	522
13:27:15	160	1763	523
13:27:15	162	1762	524
13:27:15	159	1763	523
13:27:15	155	1762	511
13:27:15	156	1762	510
13:27:15	155	1761	511
13:27:15	157	1761	511
13:27:15	154	1763	511
13:27:15	158	1761	525
13:27:15	155	1762	511
13:27:15	156	1763	526
13:27:15	154	1763	511
13:27:15	155	1764	511
13:27:15	151	1761	511
13:27:15	154	1762	528
13:27:15	158	1762	511
13:27:15	157	1760	511
13:27:15	159	1761	511
13:27:15	152	1749	511
13:27:15	154	1766	511
13:27:15	156	1765	511
13:27:15	149	1763	523
13:27:15	155	1760	511
13:27:15	153	1762	509
13:27:15	154	1762	511
13:27:15	151	1767	511
13:27:15	153	1763	511
13:27:15	151	1763	511
13:27:15	149	1765	511
13:27:15	150	1762	511
13:27:15	149	1762	511
13:27:15	149	1761	511
13:27:15	146	1763	511
13:27:15	145	1762	511
13:27:15	146	1760	511
13:27:15	146	1757	511
13:27:15	147	1762	511
13:27:15	145	1763	511
13:27:15	144	1761	511
13:27:15	144	1762	511
13:27:15	144	1763	511
13:27:15	144	1761	511
13:27:15	143	1763	511
13:27:15	144	1763	511
13:27:15	144	1765	511
13:27:15	142	1761	511
13:27:15	144	1762	509
13:27:15	143	1762	511
13:27:15	144	1763	511
13:27:15	142	1765	511
13:27:15	144	1762	511
13:27:15	148	1759	527
13:27:15	142	1761	528
13:27:15	142	1763	511
13:27:15	142	1763	511
13:27:15	139	1762	511
13:27:15	139	1762	511
13:27:15	141	1761	521
13:27:15	136	1763	510
13:27:15	138	1762	511
13:27:15	135	1763	511
13:27:15	138	1763	528
13:27:15	139	1762	511
13:27:15	139	1762	511
13:27:15	137	1761	523
13:27:15	139	1762	524
13:27:15	135	1762	510
13:27:15	134	1761	511
13:27:15	133	1763	510
13:27:15	137	1762	511
13:27:15	137	1762	511
13:27:15	137	1760	511
13:27:15	135	1763	511
13:27:15	136	1760	511
13:27:15	137	1759	511
13:27:15	135	1763	523
13:27:15	136	1764	526
13:27:15	137	1762	525
13:27:15	135	1760	523
13:27:15	137	1763	526
13:27:15	138	1762	525
13:27:15	138	1763	528
13:27:15	134	1763	511
13:27:15	137	1764	511
13:27:15	135	1762	526
13:27:15	138	1762	528
13:27:15	135	1763	528
13:27:15	139	1763	528
13:27:15	135	1763	528
13:27:15	135	1765	528
13:27:15	141	1763	511
13:27:15	394	1767	77
13:27:15	351	1767	130
13:27:15	304	1766	179
13:27:15	272	1769	218
13:27:15	250	1764	254
13:27:15	225	1766	275
13:27:15	209	1763	304
13:27:15	198	1765	327
13:27:15	189	1766	349
13:27:15	179	1767	368
13:27:15	176	1764	381
13:27:15	171	1766	398
13:27:15	167	1767	401
13:27:15	159	1765	416
13:27:15	161	1766	430
13:27:15	162	1763	435
13:27:15	160	1766	443
13:27:15	155	1764	463
13:27:15	160	1765	461
13:27:15	154	1765	464
13:27:15	157	1766	464
13:27:15	148	1765	477
13:27:15	158	1764	479
13:27:15	154	1763	486
13:27:15	157	1765	485
13:27:15	155	1761	496
13:27:15	157	1761	494
13:27:15	155	1764	496
13:27:15	152	1763	494
13:27:15	170	1765	414
13:27:15	169	1763	423
13:27:15	165	1763	436
13:27:15	163	1766	443
13:27:15	160	1765	457
13:27:15	159	1765	463
13:27:15	161	1763	464
13:27:15	158	1763	469
13:27:15	159	1762	480
13:27:15	160	1764	485
13:27:15	161	1763	490
13:27:15	161	1765	491
13:27:15	208	1765	336
13:27:15	198	1762	358
13:27:15	190	1765	378
13:27:15	178	1751	387
13:27:15	175	1763	406
13:27:15	174	1765	419
13:27:15	171	1763	434
13:27:15	164	1765	436
13:27:15	162	1763	448
13:27:15	163	1774	460
13:27:15	160	1763	464
13:27:15	183	1762	404
13:27:15	176	1762	412
13:27:15	176	1762	429
13:27:15	172	1774	439
13:27:15	173	1765	451
13:27:15	167	1764	449
13:27:15	162	1762	455
13:27:15	167	1762	468
13:27:15	166	1765	474
13:27:15	166	1762	479
13:27:15	167	1762	495
13:27:15	153	1763	489
13:27:15	170	1767	496
13:27:16	167	1766	493
13:27:16	166	1763	498
13:27:16	170	1761	500
13:27:16	167	1763	506
13:27:16	162	1764	501
13:27:16	162	1762	509
13:27:16	164	1764	511
13:27:16	163	1762	511
13:27:16	161	1763	511
13:27:16	162	1765	525
13:27:16	167	1762	511
13:27:16	163	1763	525
13:27:16	159	1762	511
13:27:16	165	1763	528
13:27:16	160	1762	524
13:27:16	162	1765	528
13:27:16	160	1763	511
13:27:16	163	1766	528
13:27:16	161	1763	528
13:27:16	163	1763	524
13:27:16	160	1762	511
13:27:16	167	1758	528
13:27:16	163	1762	527
13:27:16	162	1762	528
13:27:16	165	1762	528
13:27:16	165	1764	529
13:27:16	161	1763	529
13:27:16	163	1764	525
13:27:16	160	1763	526
13:27:16	162	1762	528
13:27:16	163	1762	528
13:27:16	163	1762	528
13:27:16	163	1761	528
13:27:16	166	1762	528
13:27:16	163	1763	528
13:27:16	165	1762	525
13:27:16	160	1763	526
13:27:16	160	1761	528
13:27:16	161	1761	525
13:27:16	159	1760	524
13:27:16	163	1762	528
13:27:16	163	1761	527
13:27:16	162	1764	528
13:27:16	161	1762	527
13:27:16	161	1762	526
13:27:16	161	1769	527
13:27:16	156	1762	523
13:27:16	158	1761	523
13:27:16	161	1761	528
13:27:16	160	1761	528
13:27:16	160	1760	527
13:27:16	157	1762	511
13:27:16	160	1760	522
13:27:16	157	1762	525
13:27:16	157	1761	529
13:27:16	159	1763	527
13:27:16	157	1761	528
13:27:16	158	1760	528
13:27:16	157	1761	528
13:27:16	154	1760	525
13:27:16	153	1764	524
13:27:16	153	1761	526
13:27:16	150	1760	527
13:27:16	149	1761	527
13:27:16	153	1760	528
13:27:16	153	1761	528
13:27:16	154	1759	531
13:27:16	147	1760	526
13:27:16	149	1754	511
13:27:16	150	1759	511
13:27:16	148	1759	511
13:27:16	146	1761	525
13:27:16	150	1761	530
13:27:16	147	1760	528
13:27:16	147	1762	530
13:27:16	144	1760	511
13:27:16	144	1760	525
13:27:16	144	1761	523
13:27:16	144	1760	511
13:27:16	139	1760	511
13:27:16	144	1761	528
13:27:16	144	1760	525
13:27:16	144	1761	528
13:27:16	142	1761	511
13:27:16	142	1759	511
13:27:16	142	1760	511
13:27:16	142	1760	511
13:27:16	139	1759	527
13:27:16	144	1761	527
13:27:16	144	1762	526
13:27:16	144	1763	510
13:27:16	140	1760	511
13:27:16	137	1760	511
13:27:16	141	1761	511
13:27:16	137	1758	511
13:27:16	141	1761	525
13:27:16	142	1760	511
13:27:16	140	1760	526
13:27:16	143	1759	509
13:27:16	139	1761	511
13:27:16	133	1759	511
13:27:16	134	1758	525
13:27:16	137	1760	525
13:27:16	138	1758	528
13:27:16	139	1761	511
13:27:16	139	1759	524
13:27:16	134	1760	507
13:27:16	133	1762	511
13:27:16	134	1758	511
13:27:16	135	1759	511
13:27:16	133	1760	511
13:27:16	133	1760	523
13:27:16	135	1761	511
13:27:16	134	1760	525
13:27:16	130	1759	510
13:27:16	134	1760	511
13:27:16	129	1758	511
13:27:16	134	1762	511
13:27:16	134	1760	511
13:27:16	134	1759	524
13:27:16	134	1760	511
13:27:16	131	1761	511
13:27:16	133	1760	511
13:27:16	131	1761	511
13:27:16	133	1760	523
13:27:16	131	1761	511
13:27:16	133	1759	511
13:27:16	133	1761	526
13:27:16	134	1762	511
13:27:16	134	1760	524
13:27:16	132	1761	525
13:27:16	134	1761	529
13:27:16	133	1761	528
13:27:16	133	1762	531
13:27:16	133	1762	522
13:27:16	133	1760	527
13:27:16	132	1762	525
13:27:16	135	1760	531
13:27:16	133	1764	527
13:27:16	134	1761	528
13:27:16	134	1761	533
13:27:16	133	1761	529
13:27:16	131	1762	528
13:27:16	133	1761	525
13:27:16	134	1761	528
13:27:16	400	1765	91
13:27:16	348	1765	144
13:27:16	309	1766	191
13:27:16	275	1765	227
13:27:16	251	1765	255
13:27:16	217	1765	288
13:27:16	208	1763	315
13:27:16	198	1763	341
13:27:16	187	1765	363
13:27:16	176	1762	368
13:27:16	176	1764	393
13:27:16	171	1765	405
13:27:16	162	1765	415
13:27:16	155	1762	426
13:27:16	156	1765	443
13:27:16	153	1763	449
13:27:16	150	1766	459
13:27:16	144	1764	464
13:27:16	145	1763	471
13:27:16	147	1763	477
13:27:16	144	1770	477
13:27:16	144	1762	481
13:27:16	147	1762	486
13:27:16	146	1763	495
13:27:16	147	1761	496
13:27:16	147	1761	498
13:27:16	145	1762	503
13:27:16	150	1762	511
13:27:16	147	1758	501
13:27:16	147	1761	508
13:27:16	147	1762	507
13:27:16	152	1761	511
13:27:16	151	1763	511
13:27:16	154	1763	525
13:27:16	149	1763	511
13:27:16	152	1762	526
13:27:16	149	1765	511
13:27:16	151	1765	527
13:27:16	147	1762	511
13:27:16	147	1765	528
13:27:16	144	1765	511
13:27:16	143	1762	527
13:27:16	145	1762	527
13:27:16	145	1764	526
13:27:16	144	1761	524
13:27:16	146	1763	528
13:27:16	144	1763	528
13:27:16	144	1765	529
13:27:16	144	1763	527
13:27:16	143	1763	528
13:27:16	144	1761	529
13:27:16	144	1763	528
13:27:16	144	1763	528
13:27:16	146	1761	531
13:27:16	146	1763	529
13:27:16	149	1763	533
13:27:16	145	1762	528
13:27:16	150	1761	531
13:27:16	149	1762	530
13:27:16	0	1766	43
13:27:16	0	1767	103
13:27:16	0	1767	154
13:27:16	0	1766	198
13:27:16	0	1770	235
13:27:16	0	1767	270
13:27:16	0	1767	290
13:27:16	0	1770	320
13:27:16	0	1767	336
13:27:16	0	1766	365
13:27:16	0	1770	377
13:27:16	2	1764	389
13:27:16	12	1765	403
13:27:16	16	1766	416
13:27:16	21	1767	427
13:27:16	28	1765	432
13:27:16	32	1766	445
13:27:16	38	1765	449
13:27:16	45	1763	458
13:27:16	48	1765	461
13:27:16	50	1766	464
13:27:16	53	1765	466
13:27:16	60	1765	472
13:27:16	62	1764	481
13:27:16	64	1766	478
13:27:16	66	1765	479
13:27:16	66	1763	484
13:27:16	68	1767	493
13:27:16	71	1765	489
13:27:16	74	1762	491
13:27:16	75	1766	494
13:27:16	77	1765	496
13:27:16	77	1765	496
13:27:16	79	1766	498
13:27:16	78	1764	494
13:27:16	77	1764	496
13:27:16	78	1763	496
13:27:16	75	1763	498
13:27:16	79	1763	507
13:27:16	84	1763	508
13:27:16	85	1763	502
13:27:16	85	1766	503
13:27:16	80	1765	496
13:27:16	80	1762	499
13:27:16	80	1763	499
13:27:16	83	1761	503
13:27:16	82	1762	507
13:27:16	87	1763	509
13:27:16	85	1761	507
13:27:16	89	1763	498
13:27:16	82	1765	502
13:27:16	83	1761	501
13:27:16	86	1763	503
13:27:16	90	1762	507
13:27:16	87	1761	507
13:27:16	89	1763	506
13:27:16	87	1762	509
13:27:16	87	1763	498
13:27:16	83	1762	499
13:27:16	85	1760	503
13:27:16	91	1762	511
13:27:16	89	1761	510
13:27:16	89	1762	507
13:27:16	91	1764	506
13:27:16	88	1761	509
13:27:16	90	1761	503
13:27:16	84	1763	506
13:27:16	85	1760	506
13:27:16	92	1760	511
13:27:16	90	1762	507
13:27:16	90	1763	509
13:27:16	89	1763	507
13:27:16	89	1763	510
13:27:16	84	1762	505
13:27:16	85	1762	506
13:27:16	85	1760	506
13:27:16	92	1762	511
13:27:16	91	1755	510
13:27:16	86	1762	510
13:27:16	87	1762	508
13:27:16	86	1762	511
13:27:16	84	1762	505
13:27:16	86	1762	506
13:27:16	91	1762	523
13:27:16	86	1763	510
13:27:16	86	1766	511
13:27:16	87	1759	501
13:27:16	83	1763	511
13:27:16	87	1763	508
13:27:16	82	1762	503
13:27:16	84	1763	503
13:27:16	89	1762	510
13:27:16	86	1762	510
13:27:16	86	1763	505
13:27:16	87	1762	511
13:27:16	86	1762	507
13:27:16	84	1763	511
13:27:16	81	1762	503
13:27:16	81	1762	502
13:27:16	82	1761	501
13:27:16	87	1760	510
13:27:16	85	1761	507
13:27:16	85	1767	511
13:27:16	86	1761	509
13:27:16	86	1765	511
13:27:16	82	1763	501
13:27:16	83	1763	503
13:27:16	83	1761	496
13:27:16	82	1761	503
13:27:16	86	1762	511
13:27:16	85	1762	511
13:27:16	85	1762	511
13:27:16	89	1763	523
13:27:16	82	1760	501
13:27:16	83	1761	507
13:27:16	82	1761	508
13:27:16	86	1763	509
13:27:16	85	1760	507
13:27:16	86	1762	507
13:27:16	86	1761	507
13:27:16	86	1763	501
13:27:16	82	1761	500
13:27:16	81	1761	503
13:27:16	88	1762	502
13:27:16	87	1761	507
13:27:16	84	1761	506
13:27:16	86	1761	506
13:27:16	85	1761	506
13:27:16	87	1761	500
13:27:16	81	1751	499
13:27:16	80	1761	503
13:27:16	81	1760	504
13:27:16	83	1761	507
13:27:16	83	1761	507
13:27:16	85	1761	506
13:27:16	83	1762	509
13:27:16	82	1761	503
13:27:16	81	1762	502
13:27:16	81	1761	503
13:27:16	83	1760	511
13:27:16	77	1761	506
13:27:16	83	1762	506
13:27:16	83	1763	506
13:27:16	83	1761	507
13:27:16	80	1762	501
13:27:16	81	1762	501
13:27:16	80	1762	502
13:27:16	83	1762	507
13:27:16	83	1763	505
13:27:16	82	1760	511
13:27:16	86	1763	508
13:27:16	84	1763	510
13:27:16	80	1763	502
13:27:16	82	1762	501
13:27:16	84	1761	509
13:27:16	83	1762	506
13:27:16	83	1762	498
13:27:16	84	1760	511
13:27:16	83	1766	503
13:27:16	85	1762	511
13:27:16	83	1763	500
13:27:16	81	1761	505
13:27:16	81	1762	502
13:27:16	86	1762	509
13:27:16	84	1762	505
13:27:16	86	1763	510
13:27:16	86	1762	507
13:27:16	88	1763	511
13:27:16	85	1762	503
13:27:16	83	1761	506
13:27:16	81	1761	505
13:27:16	86	1757	508
13:27:16	85	1763	510
13:27:16	90	1764	511
13:27:16	85	1761	508
13:27:16	90	1763	504
13:27:16	83	1762	502
13:27:16	83	1762	502
13:27:16	83	1767	501
13:27:16	85	1762	508
13:27:16	89	1763	505
13:27:16	89	1765	508
13:27:16	92	1762	508
13:27:16	83	1761	500
13:27:16	90	1763	507
13:27:16	91	1761	507
13:27:16	87	1761	507
13:27:16	90	1762	500
13:27:16	85	1762	502
13:27:16	85	1762	502
13:27:16	82	1762	511
13:27:16	84	1762	510
13:27:16	82	1762	507
13:27:16	83	1764	509
13:27:16	83	1761	511
13:27:16	81	1760	503
13:27:16	84	1761	506
13:27:16	82	1761	503
13:27:16	85	1761	511
13:27:16	86	1760	509
13:27:16	85	1762	509
13:27:16	85	1762	510
13:27:16	87	1761	511
13:27:16	83	1761	501
13:27:16	83	1757	503
13:27:16	88	1761	510
13:27:16	85	1763	507
13:27:16	85	1765	505
13:27:16	85	1760	506
13:27:16	86	1763	510
13:27:16	87	1763	511
13:27:16	83	1764	501
13:27:16	83	1761	502
13:27:16	86	1761	503
13:27:16	82	1762	511
13:27:16	85	1763	507
13:27:16	85	1762	511
13:27:16	86	1762	509
13:27:16	86	1763	511
13:27:16	83	1761	506
13:27:16	83	1763	501
13:27:16	83	1762	503
13:27:16	87	1761	510
13:27:16	86	1762	510
13:27:16	87	1764	511
13:27:16	87	1758	510
13:27:16	87	1765	511
13:27:16	86	1761	505
13:27:16	86	1762	511
13:27:16	88	1763	509
13:27:16	90	1763	511
13:27:16	85	1763	505
13:27:16	86	1761	507
13:27:16	95	1761	523
13:27:16	89	1763	511
13:27:16	87	1760	507
13:27:16	94	1764	511
13:27:16	87	1761	510
13:27:16	90	1763	506
13:27:16	85	1761	507
13:27:16	89	1765	505
13:27:16	84	1763	511
13:27:16	90	1762	511
13:27:16	89	1761	511
13:27:16	91	1762	507
13:27:16	87	1762	511
13:27:16	93	1761	499
13:27:16	88	1761	499
13:27:16	87	1762	509
13:27:16	87	1763	507
13:27:16	92	1762	507
13:27:16	90	1762	507
13:27:16	92	1763	508
13:27:16	91	1762	510
13:27:16	94	1761	506
13:27:16	87	1762	506
13:27:16	87	1762	508
13:27:16	89	1761	507
13:27:16	91	1761	511
13:27:16	87	1763	509
13:27:16	90	1762	509
13:27:16	92	1763	511
13:27:16	87	1763	508
13:27:16	88	1762	506
13:27:16	87	1762	511
13:27:16	87	1762	511
13:27:16	92	1761	510
13:27:16	91	1761	509
13:27:16	91	1761	509
13:27:16	91	1763	521
13:27:16	86	1760	505
13:27:16	88	1762	505
13:27:16	91	1762	511
13:27:16	89	1761	508
13:27:16	90	1763	509
13:27:16	87	1762	509
13:27:16	87	1762	511
13:27:16	89	1761	510
13:27:16	87	1761	510
13:27:16	87	1763	508
13:27:16	87	1763	511
13:27:16	89	1762	509
13:27:16	91	1762	511
13:27:16	90	1761	511
13:27:16	90	1763	511
13:27:16	92	1761	509
13:27:16	90	1762	506
13:27:16	89	1764	511
13:27:16	87	1762	509
13:27:16	90	1763	506
13:27:16	90	1763	511
13:27:16	87	1764	511
13:27:16	91	1763	509
13:27:16	89	1763	508
13:27:16	91	1762	510
13:27:16	91	1763	511
13:27:16	89	1765	510
13:27:16	90	1763	509
13:27:16	90	1763	511
13:27:16	94	1767	511
13:27:16	91	1766	511
13:27:16	89	1764	508
13:27:16	92	1763	511
13:27:16	94	1763	511
13:27:16	91	1762	509
13:27:16	91	1761	510
13:27:16	93	1765	510
13:27:16	96	1765	510
13:27:16	93	1763	511
13:27:16	94	1763	511
13:27:16	94	1763	523
13:27:16	95	1764	528
13:27:16	94	1763	523
13:27:16	95	1762	526
13:27:16	96	1762	524
13:27:16	95	1763	528
13:27:16	98	1764	523
13:27:16	95	1763	523
13:27:16	95	1765	511
13:27:16	96	1763	526
13:27:16	95	1766	524
13:27:16	95	1764	526
13:27:16	95	1763	526
13:27:16	0	1765	83
13:27:16	0	1767	138
13:27:16	0	1765	181
13:27:16	0	1764	212
13:27:16	0	1765	245
13:27:16	0	1766	275
13:27:16	0	1765	302
13:27:16	0	1765	323
13:27:16	0	1764	350
13:27:16	6	1765	368
13:27:16	12	1765	382
13:27:16	16	1763	398
13:27:16	16	1765	404
13:27:16	23	1764	416
13:27:16	29	1765	429
13:27:16	38	1762	441
13:27:16	42	1765	446
13:27:16	48	1763	451
13:27:16	52	1765	457
13:27:16	54	1764	465
13:27:16	61	1764	462
13:27:16	61	1763	467
13:27:16	66	1763	480
13:27:16	0	1766	35
13:27:16	0	1765	92
13:27:16	0	1763	146
13:27:16	0	1765	187
13:27:16	0	1764	223
13:27:16	0	1765	255
13:27:16	0	1763	275
13:27:16	0	1765	304
13:27:16	0	1763	324
13:27:16	0	1763	347
13:27:16	0	1762	363
13:27:16	0	1764	375
13:27:16	2	1764	389
13:27:16	10	1765	400
13:27:16	12	1763	403
13:27:16	16	1765	417
13:27:16	26	1765	431
13:27:16	29	1770	435
13:27:16	35	1765	442
13:27:16	38	1763	448
13:27:16	44	1763	456
13:27:16	48	1762	457
13:27:16	48	1763	459
13:27:16	51	1763	464
13:27:16	53	1763	466
13:27:16	64	1765	475
13:27:16	64	1763	477
13:27:16	64	1766	479
13:27:16	64	1765	482
13:27:16	67	1764	487
13:27:16	64	1766	485
13:27:16	68	1765	487
13:27:16	69	1763	491
13:27:16	75	1765	496
13:27:16	77	1763	496
13:27:16	79	1763	496
13:27:16	79	1762	495
13:27:16	79	1763	498
13:27:16	0	1765	39
13:27:16	0	1769	96
13:27:16	0	1765	144
13:27:16	0	1766	181
13:27:16	0	1765	224
13:27:16	0	1765	247
13:27:16	0	1765	273
13:27:16	0	1765	299
13:27:16	0	1763	320
13:27:16	0	1765	338
13:27:16	0	1763	357
13:27:16	0	1765	371
13:27:16	0	1763	385
13:27:16	9	1767	400
13:27:16	11	1765	403
13:27:16	15	1763	415
13:27:16	19	1765	427
13:27:16	25	1763	432
13:27:16	31	1764	437
13:27:16	37	1766	441
13:27:16	43	1759	449
13:27:16	45	1764	451
13:27:16	48	1761	458
13:27:16	49	1763	461
13:27:16	51	1763	464
13:27:16	57	1763	467
13:27:16	59	1765	474
13:27:16	63	1763	477
13:27:16	65	1765	481
13:27:16	68	1765	482
13:27:16	67	1763	488
13:27:16	70	1763	490
13:27:16	73	1764	492
13:27:16	73	1763	495
13:27:16	75	1763	496
13:27:16	75	1762	496
13:27:16	77	1765	499
13:27:16	80	1762	500
13:27:16	80	1764	502
13:27:16	80	1763	504
13:27:16	80	1764	506
13:27:16	80	1764	507
13:27:16	0	1765	33
13:27:16	0	1769	105
13:27:16	0	1767	146
13:27:16	0	1765	186
13:27:16	0	1773	226
13:27:16	0	1766	249
13:27:16	0	1765	274
13:27:16	0	1766	299
13:27:16	0	1763	320
13:27:16	0	1759	341
13:27:16	0	1766	356
13:27:16	0	1764	373
13:27:16	2	1766	382
13:27:16	1	1765	395
13:27:16	14	1763	410
13:27:16	16	1765	416
13:27:16	20	1763	427
13:27:16	26	1764	432
13:27:16	34	1763	437
13:27:16	36	1765	445
13:27:16	43	1761	443
13:27:16	42	1766	451
13:27:16	47	1763	457
13:27:16	49	1762	464
13:27:16	53	1764	464
13:27:16	58	1762	468
13:27:16	58	1769	471
13:27:16	64	1764	477
13:27:16	64	1764	465
13:27:16	61	1762	475
13:27:16	64	1762	477
13:27:16	67	1761	486
13:27:16	69	1761	485
13:27:16	69	1763	489
13:27:16	68	1762	486
13:27:16	70	1763	492
13:27:16	69	1763	484
13:27:16	69	1768	486
13:27:16	70	1762	492
13:27:16	71	1761	490
13:27:16	72	1762	489
13:27:16	80	1761	495
13:27:16	75	1765	501
13:27:16	78	1763	496
13:27:16	75	1760	495
13:27:16	76	1760	493
13:27:16	74	1761	495
13:27:16	79	1761	496
13:27:16	79	1759	496
13:27:16	80	1759	498
13:27:16	80	1762	500
13:27:16	80	1760	501
13:27:16	80	1762	497
13:27:16	77	1767	496
13:27:16	81	1761	501
13:27:16	82	1761	498
13:27:16	80	1761	498
13:27:16	81	1761	503
13:27:16	81	1761	502
13:27:16	81	1762	504
13:27:16	80	1761	497
13:27:16	80	1761	497
13:27:16	80	1760	496
13:27:16	82	1762	501
13:27:16	80	1760	502
13:27:16	81	1761	505
13:27:16	82	1763	503
13:27:16	83	1763	511
13:27:16	83	1761	497
13:27:16	82	1761	503
13:27:16	82	1763	506
13:27:16	83	1763	509
13:27:16	81	1762	499
13:27:16	86	1762	504
13:27:16	81	1763	507
13:27:16	82	1763	508
13:27:16	82	1762	500
13:27:16	84	1763	503
13:27:16	83	1762	505
13:27:16	83	1763	510
13:27:16	0	1767	36
13:27:16	0	1767	93
13:27:16	0	1767	147
13:27:16	0	1766	189
13:27:16	0	1766	223
13:27:16	0	1767	257
13:27:16	0	1766	281
13:27:16	0	1767	304
13:27:16	0	1765	322
13:27:16	0	1766	342
13:27:16	0	1767	362
13:27:16	0	1765	370
13:27:16	0	1763	385
13:27:16	3	1765	400
13:27:16	14	1764	413
13:27:16	17	1763	420
13:27:16	21	1765	429
13:27:16	29	1767	441
13:27:16	33	1764	445
13:27:16	42	1765	449
13:27:16	45	1770	451
13:27:16	49	1763	463
13:27:16	54	1763	462
13:27:16	55	1766	466
13:27:16	53	1765	464
13:27:16	57	1763	465
13:27:16	61	1764	469
13:27:16	62	1764	471
13:27:16	63	1763	467
13:27:16	67	1769	484
13:27:16	69	1763	482
13:27:16	73	1765	487
13:27:16	66	1766	481
13:27:16	70	1766	481
13:27:16	65	1760	487
13:27:16	74	1762	491
13:27:16	71	1766	491
13:27:16	74	1765	496
13:27:16	76	1763	495
13:27:16	79	1772	486
13:27:16	74	1764	494
13:27:16	74	1763	494
13:27:16	78	1762	496
13:27:16	77	1762	496
13:27:16	78	1763	495
13:27:16	80	1762	496
13:27:16	78	1763	496
13:27:16	77	1763	490
13:27:16	75	1763	491
13:27:16	76	1763	494
13:27:16	79	1761	496
13:27:16	79	1761	497
13:27:16	79	1761	496
13:27:16	80	1762	498
13:27:16	80	1763	499
13:27:16	77	1763	494
13:27:16	77	1761	496
13:27:16	77	1762	496
13:27:16	80	1762	496
13:27:16	80	1762	499
13:27:16	80	1762	501
13:27:16	81	1763	497
13:27:16	80	1762	502
13:27:16	80	1761	498
13:27:16	79	1761	499
13:27:16	80	1764	497
13:27:16	81	1762	503
13:27:16	81	1763	501
13:27:16	80	1755	503
13:27:16	80	1761	507
13:27:16	82	1759	505
13:27:16	78	1763	497
13:27:16	80	1763	498
13:27:16	80	1761	511
13:27:16	82	1762	505
13:27:16	83	1762	503
13:27:16	82	1763	498
13:27:16	83	1762	506
13:27:16	83	1764	509
13:27:16	81	1763	506
13:27:16	81	1760	500
13:27:16	81	1763	502
13:27:16	83	1760	510
13:27:16	85	1761	504
13:27:16	84	1762	511
13:27:16	85	1763	507
13:27:16	85	1763	511
13:27:16	83	1762	501
13:27:16	83	1762	505
13:27:16	82	1761	503
13:27:16	83	1763	510
13:27:16	86	1763	507
13:27:16	94	1761	511
13:27:16	89	1763	509
13:27:16	86	1763	511
13:27:16	82	1766	503
13:27:16	84	1763	500
13:27:16	83	1762	503
13:27:16	81	1763	509
13:27:16	85	1761	510
13:27:16	83	1763	511
13:27:16	85	1762	509
13:27:16	84	1764	511
13:27:16	80	1760	504
13:27:16	82	1761	503
13:27:16	82	1760	507
13:27:16	84	1760	507
13:27:16	85	1761	508
13:27:16	89	1762	511
13:27:16	83	1771	508
13:27:16	91	1762	511
13:27:16	83	1760	502
13:27:16	82	1759	501
13:27:16	84	1759	509
13:27:16	85	1761	510
13:27:16	85	1760	506
13:27:16	81	1761	508
13:27:16	84	1760	508
13:27:16	89	1763	501
13:27:16	81	1761	503
13:27:16	81	1762	502
13:27:16	80	1762	510
13:27:16	85	1760	509
13:27:16	83	1762	509
13:27:16	80	1762	508
13:27:16	84	1761	508
13:27:16	86	1760	499
13:27:16	81	1761	504
13:27:16	83	1767	503
13:27:17	82	1760	505
13:27:17	85	1762	510
13:27:17	87	1761	509
13:27:17	89	1761	508
13:27:17	86	1762	510
13:27:17	86	1762	501
13:27:17	85	1763	505
13:27:17	85	1762	502
13:27:17	86	1762	511
13:27:17	83	1761	511
13:27:17	83	1761	505
13:27:17	86	1761	506
13:27:17	85	1759	508
13:27:17	82	1760	503
13:27:17	83	1760	503
13:27:17	81	1760	506
13:27:17	85	1761	509
13:27:17	85	1762	500
13:27:17	83	1760	508
13:27:17	83	1762	507
13:27:17	83	1761	507
13:27:17	85	1763	508
13:27:17	85	1765	509
13:27:17	84	1763	508
13:27:17	87	1761	507
13:27:17	86	1762	510
13:27:17	82	1755	511
13:27:17	85	1761	507
13:27:17	84	1762	511
13:27:17	89	1761	510
13:27:17	87	1763	509
13:27:17	85	1761	509
13:27:17	85	1762	511
13:27:17	87	1761	509
13:27:17	86	1763	511
13:27:17	85	1763	508
13:27:17	86	1762	510
13:27:17	86	1760	510
13:27:17	86	1765	511
13:27:17	85	1762	510
13:27:17	83	1761	506
13:27:17	84	1763	510
13:27:17	85	1763	511
13:27:17	81	1762	507
13:27:17	86	1760	500
13:27:17	84	1762	508
13:27:17	85	1763	511
13:27:17	83	1762	507
13:27:17	83	1763	508
13:27:17	82	1762	507
13:27:17	85	1765	505
13:27:17	80	1763	505
13:27:17	83	1763	505
13:27:17	82	1763	507
13:27:17	85	1763	508
13:27:17	81	1765	506
13:27:17	82	1761	508
13:27:17	82	1762	506
13:27:17	84	1762	503
13:27:17	82	1765	509
13:27:17	82	1762	506
13:27:17	83	1763	508
13:27:17	83	1765	503
13:27:17	80	1765	507
13:27:17	82	1763	507
13:27:17	85	1763	507
13:27:17	83	1759	506
13:27:17	83	1763	508
13:27:17	83	1763	506
13:27:17	81	1764	507
13:27:17	82	1762	507
13:27:17	81	1763	506
13:27:17	85	1763	508
13:27:17	83	1765	507
13:27:17	82	1767	508
13:27:17	83	1765	508
13:27:17	83	1763	509
13:27:17	84	1763	509
13:27:17	84	1765	510
13:27:17	85	1763	509
13:27:17	85	1763	510
13:27:17	86	1764	511
13:27:17	87	1763	511
13:27:17	90	1765	511
13:27:17	87	1764	511
13:27:17	88	1763	511
13:27:17	86	1762	511
13:27:17	87	1766	523
13:27:17	86	1761	511
13:27:17	85	1764	511
13:27:17	82	1763	511
13:27:17	90	1763	526
13:27:17	86	1765	511
13:27:17	86	1763	511
13:27:17	93	1763	511
13:27:17	89	1763	511
13:27:17	89	1762	510
13:27:17	0	1763	41
13:27:17	0	1765	96
13:27:17	0	1763	144
13:27:17	0	1762	187
13:27:17	0	1764	217
13:27:17	0	1765	251
13:27:17	0	1759	281
13:27:17	0	1765	305
13:27:17	0	1766	325
13:27:17	0	1763	342
13:27:17	0	1765	359
13:27:17	0	1766	374
13:27:17	0	1765	383
13:27:17	12	1763	400
13:27:17	11	1764	409
13:27:17	18	1764	420
13:27:17	16	1761	426
13:27:17	31	1760	423
13:27:17	33	1764	440
13:27:17	40	1763	448
13:27:17	46	1763	450
13:27:17	47	1764	453
13:27:17	49	1765	460
13:27:17	55	1763	469
13:27:17	51	1764	461
13:27:17	62	1762	473
13:27:17	62	1770	470
13:27:17	65	1761	479
13:27:17	61	1764	469
13:27:17	64	1763	475
13:27:17	67	1761	482
13:27:17	70	1763	481
13:27:17	67	1761	482
13:27:17	69	1763	490
13:27:17	71	1763	486
13:27:17	71	1763	487
13:27:17	71	1762	489
13:27:17	75	1762	496
13:27:17	75	1763	489
13:27:17	73	1763	491
13:27:17	78	1762	492
13:27:17	79	1763	496
13:27:17	77	1766	494
13:27:17	83	1764	496
13:27:17	75	1762	494
13:27:17	80	1765	496
13:27:17	79	1763	491
13:27:17	80	1765	490
13:27:17	78	1765	494
13:27:17	81	1763	498
13:27:17	80	1762	499
13:27:17	81	1766	497
13:27:17	81	1762	501
13:27:17	82	1763	499
13:27:17	81	1762	500
13:27:17	82	1763	494
13:27:17	80	1765	500
13:27:17	82	1763	497
13:27:17	80	1763	498
13:27:17	84	1764	495
13:27:17	79	1763	493
13:27:17	80	1763	502
13:27:17	80	1763	502
13:27:17	82	1762	499
13:27:17	81	1761	506
13:27:17	81	1761	502
13:27:17	80	1762	500
13:27:17	80	1763	498
13:27:17	80	1765	503
13:27:17	81	1762	500
13:27:17	85	1762	503
13:27:17	80	1762	496
13:27:17	81	1760	499
13:27:17	86	1765	503
13:27:17	83	1762	502
13:27:17	85	1762	498
13:27:17	82	1765	499
13:27:17	80	1762	499
13:27:17	91	1763	503
13:27:17	80	1763	497
13:27:17	84	1763	500
13:27:17	83	1763	505
13:27:17	83	1762	506
13:27:17	83	1763	493
13:27:17	85	1763	507
13:27:17	87	1762	499
13:27:17	80	1763	505
13:27:17	80	1761	497
13:27:17	81	1762	506
13:27:17	82	1763	502
13:27:17	81	1763	499
13:27:17	83	1760	502
13:27:17	81	1763	511
13:27:17	83	1761	506
13:27:17	83	1762	507
13:27:17	80	1761	496
13:27:17	82	1760	503
13:27:17	83	1763	501
13:27:17	82	1762	502
13:27:17	90	1761	500
13:27:17	83	1762	499
13:27:17	80	1765	501
13:27:17	84	1766	496
13:27:17	80	1762	498
13:27:17	84	1763	502
13:27:17	85	1763	501
13:27:17	83	1763	497
13:27:17	78	1763	498
13:27:17	82	1763	506
13:27:17	81	1761	503
13:27:17	82	1762	502
13:27:17	82	1762	503
13:27:17	95	1761	501
13:27:17	81	1763	503
13:27:17	85	1764	497
13:27:17	80	1762	501
13:27:17	80	1763	499
13:27:17	80	1749	501
13:27:17	80	1761	499
13:27:17	81	1751	506
13:27:17	80	1761	501
13:27:17	86	1761	505
13:27:17	80	1762	501
13:27:17	71	1765	502
13:27:17	80	1762	499
13:27:17	81	1763	500
13:27:17	80	1753	499
13:27:17	80	1762	497
13:27:17	80	1760	504
13:27:17	81	1760	505
13:27:17	80	1762	498
13:27:17	80	1761	500
13:27:17	80	1760	499
13:27:17	80	1761	505
13:27:17	82	1762	505
13:27:17	83	1760	504
13:27:17	83	1761	506
13:27:17	82	1762	511
13:27:17	80	1761	502
13:27:17	80	1761	498
13:27:17	80	1763	503
13:27:17	81	1761	506
13:27:17	82	1761	504
13:27:17	81	1761	511
13:27:17	83	1760	506
13:27:17	83	1762	507
13:27:17	80	1760	501
13:27:17	80	1762	500
13:27:17	82	1761	498
13:27:17	80	1761	499
13:27:17	82	1759	507
13:27:17	82	1761	509
13:27:17	81	1767	503
13:27:17	83	1762	507
13:27:17	85	1761	502
13:27:17	80	1761	499
13:27:17	81	1761	507
13:27:17	83	1761	507
13:27:17	83	1760	503
13:27:17	84	1760	503
13:27:17	83	1763	506
13:27:17	85	1760	503
13:27:17	85	1762	505
13:27:17	84	1761	503
13:27:17	85	1761	505
13:27:17	85	1762	505
13:27:17	84	1762	505
13:27:17	90	1761	510
13:27:17	86	1763	508
13:27:17	89	1765	508
13:27:17	80	1760	501
13:27:17	82	1761	499
13:27:17	84	1761	506
13:27:17	86	1763	507
13:27:17	80	1761	503
13:27:17	90	1763	503
13:27:17	85	1760	504
13:27:17	87	1760	499
13:27:17	80	1763	497
13:27:17	83	1761	504
13:27:17	83	1761	505
13:27:17	82	1763	507
13:27:17	82	1762	502
13:27:17	82	1763	508
13:27:17	82	1762	503
13:27:17	84	1761	502
13:27:17	82	1762	502
13:27:17	77	1765	502
13:27:17	83	1762	502
13:27:17	82	1761	503
13:27:17	83	1762	505
13:27:17	86	1761	507
13:27:17	83	1763	507
13:27:17	87	1763	511
13:27:17	87	1762	511
13:27:17	86	1764	511
13:27:17	90	1762	511
13:27:17	90	1762	511
13:27:17	91	1761	511
13:27:17	92	1762	511
13:27:17	92	1762	511
13:27:17	93	1763	523
13:27:17	94	1763	511
13:27:17	93	1764	525
13:27:17	93	1764	511
13:27:17	95	1763	526
13:27:17	94	1762	525
13:27:17	0	1765	38
13:27:17	0	1763	93
13:27:17	0	1757	145
13:27:17	0	1766	184
13:27:17	0	1765	226
13:27:17	0	1764	246
13:27:17	0	1765	275
13:27:17	0	1762	304
13:27:17	0	1763	323
13:27:17	0	1765	340
13:27:17	0	1764	360
13:27:17	0	1762	371
13:27:17	1	1764	382
13:27:17	2	1762	395
13:27:17	14	1764	411
13:27:17	18	1763	418
13:27:17	28	1763	421
13:27:17	24	1767	432
13:27:17	32	1754	437
13:27:17	37	1764	444
13:27:17	46	1762	449
13:27:17	46	1762	461
13:27:17	52	1763	460
13:27:17	55	1761	464
13:27:17	61	1763	461
13:27:17	58	1761	464
13:27:17	62	1763	474
13:27:17	64	1762	473
13:27:17	66	1762	477
13:27:17	64	1762	477
13:27:17	65	1756	477
13:27:17	65	1762	482
13:27:17	64	1761	479
13:27:17	67	1761	480
13:27:17	68	1762	482
13:27:17	72	1761	490
13:27:17	71	1763	490
13:27:17	77	1762	491
13:27:17	76	1763	491
13:27:17	75	1762	496
13:27:17	72	1762	490
13:27:17	77	1763	495
13:27:17	77	1762	497
13:27:17	78	1762	496
13:27:17	76	1762	490
13:27:17	74	1762	493
13:27:17	77	1761	495
13:27:17	79	1763	499
13:27:17	80	1760	495
13:27:17	80	1761	496
13:27:17	80	1761	496
13:27:17	79	1760	498
13:27:17	78	1764	494
13:27:17	77	1761	495
13:27:17	77	1760	495
13:27:17	77	1762	497
13:27:17	80	1763	497
13:27:17	80	1761	500
13:27:17	80	1762	497
13:27:17	80	1763	501
13:27:17	80	1762	494
13:27:17	80	1763	500
13:27:17	80	1761	496
13:27:17	80	1761	497
13:27:17	80	1763	496
13:27:17	82	1761	500
13:27:17	80	1765	497
13:27:17	80	1761	496
13:27:17	81	1762	496
13:27:17	81	1763	500
13:27:17	80	1763	499
13:27:17	80	1762	496
13:27:17	80	1761	497
13:27:17	82	1765	499
13:27:17	80	1762	496
13:27:17	82	1764	499
13:27:17	81	1763	496
13:27:17	86	1765	504
13:27:17	81	1763	503
13:27:17	83	1763	505
13:27:17	84	1762	507
13:27:17	81	1765	511
13:27:17	84	1763	509
13:27:17	86	1764	511
13:27:17	86	1762	511
13:27:17	87	1762	523
13:27:17	89	1762	511
13:27:17	87	1762	511
13:27:17	90	1762	511
13:27:17	88	1762	511
13:27:17	91	1763	511
13:27:17	91	1763	522
13:27:17	91	1763	511
13:27:17	0	1765	37
13:27:17	0	1766	95
13:27:17	0	1767	145
13:27:17	0	1766	176
13:27:17	0	1769	225
13:27:17	0	1765	247
13:27:17	0	1766	273
13:27:17	0	1763	302
13:27:17	0	1763	326
13:27:17	0	1767	341
13:27:17	0	1767	358
13:27:17	0	1764	371
13:27:17	3	1763	382
13:27:17	2	1764	397
13:27:17	8	1762	401
13:27:17	16	1761	416
13:27:17	22	1763	425
13:27:17	26	1765	432
13:27:17	33	1761	435
13:27:17	37	1763	443
13:27:17	43	1763	442
13:27:17	44	1761	449
13:27:17	48	1763	460
13:27:17	51	1764	460
13:27:17	50	1761	464
13:27:17	55	1763	464
13:27:17	60	1762	466
13:27:17	61	1763	471
13:27:17	61	1763	467
13:27:17	64	1763	470
13:27:17	64	1761	474
13:27:17	64	1762	477
13:27:17	65	1761	478
13:27:17	66	1760	481
13:27:17	66	1762	482
13:27:17	65	1763	486
13:27:17	66	1762	482
13:27:17	65	1762	483
13:27:17	68	1761	484
13:27:17	74	1761	489
13:27:17	74	1760	490
13:27:17	74	1764	491
13:27:17	73	1763	491
13:27:17	74	1763	492
13:27:17	75	1760	490
13:27:17	75	1761	490
13:27:17	75	1762	493
13:27:18	76	1762	496
13:27:18	73	1762	490
13:27:18	75	1761	495
13:27:18	77	1761	496
13:27:18	76	1765	495
13:27:18	77	1761	493
13:27:18	78	1766	498
13:27:18	78	1761	495
13:27:18	79	1762	498
13:27:18	77	1760	494
13:27:18	77	1768	499
13:27:18	80	1762	496
13:27:18	80	1763	501
13:27:18	74	1761	493
13:27:18	80	1767	498
13:27:18	78	1771	496
13:27:18	80	1763	496
13:27:18	78	1770	496
13:27:18	81	1763	496
13:27:18	79	1751	499
13:27:18	81	1765	499
13:27:18	78	1762	495
13:27:18	80	1763	496
13:27:18	78	1763	497
13:27:18	80	1761	499
13:27:18	80	1762	500
13:27:18	82	1763	511
13:27:18	85	1761	503
13:27:18	80	1762	508
13:27:18	80	1762	498
13:27:18	80	1762	502
13:27:18	81	1761	503
13:27:18	80	1761	501
13:27:18	0	1764	37
13:27:18	0	1764	94
13:27:18	0	1765	144
13:27:18	0	1764	187
13:27:18	0	1766	217
13:27:18	0	1766	247
13:27:18	0	1762	275
13:27:18	0	1763	304
13:27:18	0	1764	320
13:27:18	0	1765	340
13:27:18	0	1763	359
13:27:18	0	1765	374
13:27:18	0	1764	382
13:27:18	1	1766	395
13:27:18	10	1765	402
13:27:18	14	1762	412
13:27:18	24	1762	426
13:27:18	25	1763	432
13:27:18	30	1756	438
13:27:18	38	1763	444
13:27:18	37	1762	448
13:27:18	48	1761	450
13:27:18	48	1761	459
13:27:18	51	1761	457
13:27:18	56	1762	464
13:27:18	58	1763	462
13:27:18	58	1762	469
13:27:18	64	1760	474
13:27:18	64	1762	470
13:27:18	63	1762	472
13:27:18	64	1762	479
13:27:18	64	1761	475
13:27:18	65	1763	480
13:27:18	67	1761	487
13:27:18	67	1761	490
13:27:18	70	1762	495
13:27:18	68	1763	485
13:27:18	67	1761	485
13:27:18	74	1762	489
13:27:18	73	1761	493
13:27:18	73	1761	493
13:27:18	75	1760	496
13:27:18	77	1761	497
13:27:18	77	1762	498
13:27:18	75	1761	497
13:27:18	78	1762	496
13:27:18	80	1762	499
13:27:18	81	1763	503
13:27:18	80	1762	500
13:27:18	80	1762	501
13:27:18	80	1761	503
13:27:18	81	1761	501
13:27:18	82	1763	505
13:27:18	84	1763	506
13:27:18	0	1767	39
13:27:18	0	1765	97
13:27:18	0	1765	144
13:27:18	0	1765	187
13:27:18	0	1764	219
13:27:18	0	1764	247
13:27:18	0	1763	272
13:27:18	0	1766	304
13:27:18	0	1765	323
13:27:18	0	1765	341
13:27:18	0	1765	363
13:27:18	0	1766	373
13:27:18	0	1764	384
13:27:18	2	1765	393
13:27:18	10	1765	399
13:27:18	14	1763	414
13:27:18	17	1762	419
13:27:18	28	1763	432
13:27:18	34	1763	441
13:27:18	41	1764	443
13:27:18	39	1766	448
13:27:18	42	1763	447
13:27:18	48	1762	457
13:27:18	49	1763	457
13:27:18	51	1760	467
13:27:18	55	1762	465
13:27:18	61	1762	467
13:27:18	62	1764	475
13:27:18	61	1762	463
13:27:18	64	1761	474
13:27:18	64	1761	481
13:27:18	68	1762	483
13:27:18	71	1764	486
13:27:18	71	1762	486
13:27:18	73	1761	491
13:27:18	74	1762	494
13:27:18	70	1762	489
13:27:18	74	1763	489
13:27:18	73	1762	495
13:27:18	78	1762	497
13:27:18	79	1762	498
13:27:18	79	1762	498
13:27:18	80	1763	499
13:27:18	80	1761	501
13:27:18	81	1763	496
13:27:18	0	1765	86
13:27:18	0	1765	141
13:27:18	0	1764	180
13:27:18	0	1764	220
13:27:18	0	1767	246
13:27:18	0	1765	274
13:27:18	0	1765	299
13:27:18	0	1763	329
13:27:18	0	1763	343
13:27:18	0	1764	352
13:27:18	2	1763	372
13:27:18	10	1762	391
13:27:18	11	1763	397
13:27:18	17	1764	406
13:27:18	22	1765	420
13:27:18	29	1763	429
13:27:18	32	1762	437
13:27:18	41	1764	448
13:27:18	39	1763	448
13:27:18	48	1762	459
13:27:18	52	1764	456
13:27:18	50	1763	462
13:27:18	54	1764	464
13:27:18	59	1762	469
13:27:18	60	1763	471
13:27:18	64	1761	477
13:27:18	67	1766	479
13:27:18	38	1763	305
13:27:18	32	1763	330
13:27:19	32	1765	341
13:27:19	31	1765	361
13:27:19	29	1766	377
13:27:19	34	1763	396
13:27:19	35	1762	406
13:27:19	38	1762	417
13:27:19	46	1762	428
13:27:19	46	1764	436
13:27:19	49	1762	436
13:27:19	48	1763	446
13:27:19	51	1762	454
13:27:19	56	1762	459
13:27:19	56	1763	464
13:27:19	59	1763	471
13:27:19	64	1766	476
13:27:19	64	1763	475
13:27:19	67	1763	482
13:27:19	64	1762	479
13:27:19	67	1766	489
13:27:19	65	1763	483
13:27:19	69	1763	487
13:27:19	0	1766	37
13:27:19	0	1767	93
13:27:19	0	1767	141
13:27:19	0	1767	182
13:27:19	0	1769	218
13:27:19	0	1767	247
13:27:19	0	1767	274
13:27:19	0	1767	300
13:27:19	0	1769	319
13:27:19	0	1766	338
13:27:19	0	1765	354
13:27:19	0	1767	368
13:27:19	0	1767	384
13:27:19	5	1765	394
13:27:19	11	1766	402
13:27:19	16	1766	413
13:27:19	22	1766	421
13:27:19	28	1768	431
13:27:19	32	1767	432
13:27:19	27	1769	448
13:27:19	44	1755	446
13:27:19	47	1767	452
13:27:19	48	1765	448
13:27:19	49	1764	454
13:27:19	52	1763	458
13:27:19	53	1761	462
13:27:19	58	1763	468
13:27:19	64	1766	473
13:27:19	64	1763	474
13:27:19	64	1767	478
13:27:19	63	1764	470
13:27:19	64	1765	473
13:27:19	64	1763	476
13:27:19	66	1765	479
13:27:19	65	1762	481
13:27:19	69	1764	486
13:27:19	75	1763	482
13:27:19	71	1762	487
13:27:19	69	1764	481
13:27:19	65	1756	481
13:27:19	62	1762	482
13:27:19	71	1759	485
13:27:19	76	1765	490
13:27:19	79	1763	487
13:27:19	77	1761	489
13:27:19	80	1762	483
13:27:19	77	1762	486
13:27:19	76	1761	486
13:27:19	79	1760	490
13:27:19	78	1761	494
13:27:19	78	1763	493
13:27:19	79	1760	491
13:27:19	84	1763	494
13:27:19	79	1761	495
13:27:19	80	1762	495
13:27:19	80	1761	494
13:27:19	80	1761	496
13:27:19	82	1761	489
13:27:19	80	1761	495
13:27:19	80	1762	493
13:27:19	79	1761	495
13:27:19	80	1765	494
13:27:19	80	1762	495
13:27:19	80	1761	496
13:27:19	80	1764	495
13:27:19	80	1763	494
13:27:19	80	1763	497
13:27:19	80	1765	495
13:27:19	80	1762	496
13:27:19	80	1762	496
13:27:19	80	1762	496
13:27:19	80	1762	497
13:27:19	80	1762	496
13:27:19	80	1762	496
13:27:19	80	1762	501
13:27:19	83	1764	498
13:27:19	80	1763	496
13:27:19	83	1762	499
13:27:19	81	1763	502
13:27:19	81	1762	492
13:27:19	83	1763	499
13:27:19	82	1764	497
13:27:19	83	1764	502
13:27:19	82	1761	498
13:27:19	80	1761	497
13:27:19	82	1764	497
13:27:19	83	1765	503
13:27:19	81	1761	498
13:27:19	83	1765	500
13:27:19	85	1763	503
13:27:19	86	1763	505
13:27:19	86	1763	499
13:27:19	86	1763	502
13:27:19	82	1767	502
13:27:19	88	1762	509
13:27:19	83	1763	502
13:27:19	85	1764	499
13:27:19	85	1762	502
13:27:19	89	1766	503
13:27:19	89	1762	505
13:27:19	86	1763	503
13:27:19	86	1766	503
13:27:19	88	1765	503
13:27:19	87	1762	503
13:27:19	87	1761	501
13:27:19	86	1763	502
13:27:19	90	1763	495
13:27:19	85	1763	502
13:27:19	84	1763	496
13:27:19	85	1769	502
13:27:19	86	1762	503
13:27:19	85	1760	502
13:27:19	84	1763	503
13:27:19	86	1765	502
13:27:19	84	1763	503
13:27:19	86	1763	505
13:27:19	87	1763	505
13:27:19	86	1762	507
13:27:19	87	1763	507
13:27:19	89	1763	509
13:27:19	87	1762	511
13:27:19	89	1765	511
13:27:19	90	1763	511
13:27:19	90	1764	511
13:27:19	94	1763	510
13:27:19	89	1765	511
13:27:19	90	1762	525
13:27:19	96	1763	511
13:27:19	93	1763	511
13:27:19	95	1763	511
13:27:19	85	1763	511
13:27:19	92	1766	511
13:27:19	95	1762	511
13:27:19	91	1763	511
13:27:19	80	1762	445
13:27:19	80	1763	455
13:27:19	79	1763	464
13:27:19	77	1763	464
13:27:19	78	1763	468
13:27:19	78	1764	479
13:27:19	78	1766	481
13:27:19	78	1763	483
13:27:19	80	1763	486
13:27:19	80	1765	494
13:27:19	80	1764	494
13:27:19	80	1764	496
13:27:19	83	1763	498
13:27:19	83	1764	502
13:27:19	83	1763	502
13:27:19	84	1764	507
13:27:19	86	1763	510
13:27:19	86	1765	509
13:27:19	90	1763	511
13:27:19	89	1766	511
13:27:19	0	1765	32
13:27:19	0	1766	92
13:27:19	0	1766	141
13:27:19	0	1766	180
13:27:19	0	1763	214
13:27:19	0	1765	245
13:27:19	0	1764	272
13:27:19	0	1765	291
13:27:19	0	1767	320
13:27:19	0	1766	336
13:27:19	0	1764	354
13:27:19	0	1763	363
13:27:19	0	1765	375
13:27:19	6	1763	397
13:27:19	15	1765	400
13:27:19	16	1763	410
13:27:19	20	1763	412
13:27:19	30	1761	427
13:27:19	32	1763	433
13:27:19	33	1763	433
13:27:19	42	1765	448
13:27:19	43	1763	448
13:27:19	50	1764	459
13:27:19	48	1762	455
13:27:19	49	1761	455
13:27:19	59	1761	464
13:27:19	59	1764	466
13:27:19	66	1762	466
13:27:19	64	1763	470
13:27:19	64	1765	474
13:27:19	65	1765	475
13:27:19	67	1762	479
13:27:19	68	1763	479
13:27:19	59	1764	481
13:27:19	69	1762	482
13:27:19	72	1763	484
13:27:19	74	1761	483
13:27:19	71	1762	487
13:27:19	73	1762	487
13:27:19	74	1763	489
13:27:19	77	1763	496
13:27:19	79	1763	491
13:27:19	76	1765	492
13:27:19	78	1763	496
13:27:19	79	1766	496
13:27:19	79	1763	496
13:27:19	80	1762	498
13:27:19	80	1764	498
13:27:19	80	1762	499
13:27:19	80	1764	505
13:27:19	81	1765	503
13:27:19	80	1765	506
13:27:19	80	1765	505
13:27:19	84	1763	505
13:27:19	82	1763	509
13:27:19	84	1765	509
13:27:19	86	1763	510
13:27:19	85	1765	502
13:27:19	85	1764	509
13:27:19	0	1765	35
13:27:19	0	1765	87
13:27:19	0	1765	138
13:27:19	0	1765	177
13:27:19	0	1765	207
13:27:19	0	1753	240
13:27:19	0	1763	265
13:27:19	0	1765	296
13:27:19	0	1765	318
13:27:19	0	1766	335
13:27:19	0	1766	348
13:27:19	0	1766	366
13:27:19	0	1772	375
13:27:19	0	1763	385
13:27:19	5	1766	396
13:27:19	3	1766	409
13:27:19	20	1765	415
13:27:19	26	1762	422
13:27:19	31	1765	432
13:27:19	35	1765	435
13:27:19	45	1764	437
13:27:19	39	1764	441
13:27:19	44	1764	447
13:27:19	49	1762	453
13:27:19	51	1763	458
13:27:19	51	1762	463
13:27:19	55	1765	464
13:27:19	59	1765	470
13:27:19	57	1763	464
13:27:19	61	1765	465
13:27:19	64	1761	474
13:27:19	64	1764	474
13:27:19	65	1763	475
13:27:19	64	1763	483
13:27:19	69	1761	480
13:27:19	67	1766	486
13:27:19	66	1763	476
13:27:19	68	1765	483
13:27:19	73	1763	480
13:27:19	70	1764	485
13:27:19	66	1761	478
13:27:19	65	1763	486
13:27:19	71	1763	486
13:27:20	71	1763	486
13:27:20	71	1764	487
13:27:20	76	1765	486
13:27:20	75	1765	489
13:27:20	80	1765	480
13:27:20	73	1763	485
13:27:20	78	1761	491
13:27:20	77	1765	492
13:27:20	78	1763	494
13:27:20	75	1765	495
13:27:20	80	1765	495
13:27:20	79	1763	495
13:27:20	80	1761	489
13:27:20	78	1763	494
13:27:20	79	1761	496
13:27:20	80	1762	496
13:27:20	80	1761	496
13:27:20	80	1763	503
13:27:20	81	1761	502
13:27:20	80	1762	497
13:27:20	81	1765	496
13:27:20	80	1762	496
13:27:20	80	1762	497
13:27:20	80	1762	497
13:27:20	80	1762	498
13:27:20	0	1765	43
13:27:20	0	1765	97
13:27:20	0	1764	145
13:27:20	0	1765	183
13:27:20	0	1765	216
13:27:20	0	1765	247
13:27:20	0	1765	273
13:27:20	0	1765	304
13:27:20	0	1764	314
13:27:20	0	1762	338
13:27:20	0	1765	354
13:27:20	0	1764	370
13:27:20	1	1762	380
13:27:20	5	1766	391
13:27:20	15	1763	401
13:27:20	17	1762	411
13:27:20	22	1762	419
13:27:20	29	1763	427
13:27:20	34	1765	433
13:27:20	39	1763	441
13:27:20	37	1765	444
13:27:20	42	1765	447
13:27:20	46	1765	451
13:27:20	48	1763	463
13:27:20	49	1762	461
13:27:20	55	1761	464
13:27:20	57	1761	469
13:27:20	63	1765	474
13:27:20	63	1762	467
13:27:20	64	1762	473
13:27:20	64	1763	479
13:27:20	66	1765	481
13:27:20	68	1762	483
13:27:20	74	1764	490
13:27:20	74	1763	487
13:27:20	77	1763	494
13:27:20	77	1763	487
13:27:20	74	1763	490
13:27:20	74	1762	493
13:27:20	80	1762	497
13:27:20	80	1763	496
13:27:20	0	1766	37
13:27:20	0	1770	97
13:27:20	0	1766	135
13:27:20	0	1769	186
13:27:20	0	1766	211
13:27:20	0	1767	242
13:27:20	0	1767	277
13:27:20	0	1769	298
13:27:20	0	1765	320
13:27:20	0	1770	342
13:27:20	0	1766	356
13:27:20	0	1767	374
13:27:20	0	1767	383
13:27:20	5	1765	393
13:27:20	10	1766	403
13:27:20	16	1766	413
13:27:20	22	1764	423
13:27:20	23	1763	437
13:27:20	33	1764	441
13:27:20	37	1765	450
13:27:20	37	1766	448
13:27:20	44	1766	453
13:27:20	48	1763	457
13:27:20	48	1765	464
13:27:20	52	1763	468
13:27:20	58	1764	470
13:27:20	62	1766	475
13:27:20	65	1763	478
13:27:20	134	1771	53
13:27:20	111	1767	100
13:27:20	97	1771	146
13:27:20	82	1767	180
13:27:20	75	1769	212
13:27:20	66	1767	241
13:27:20	0	1767	38
13:27:20	0	1767	110
13:27:20	0	1766	160
13:27:20	0	1767	211
13:27:20	0	1767	249
13:27:20	0	1766	286
13:27:20	0	1765	316
13:27:20	0	1763	339
13:27:20	0	1765	363
13:27:20	0	1766	379
13:27:20	0	1766	397
13:27:20	0	1767	411
13:27:20	10	1767	421
13:27:20	16	1765	434
13:27:20	19	1766	442
13:27:20	27	1766	449
13:27:20	35	1765	455
13:27:20	38	1768	462
13:27:20	46	1765	458
13:27:20	45	1766	465
13:27:20	48	1770	467
13:27:20	50	1763	473
13:27:20	55	1762	479
13:27:20	59	1765	486
13:27:20	61	1765	487
13:27:20	65	1761	490
13:27:21	69	1767	491
13:27:21	66	1764	493
13:27:21	67	1765	494
13:27:21	70	1763	496
13:27:21	68	1762	496
13:27:21	71	1764	497
13:27:21	73	1762	498
13:27:21	71	1762	498
13:27:21	74	1761	499
13:27:21	74	1761	499
13:27:21	77	1762	499
13:27:21	76	1762	501
13:27:21	77	1763	502
13:27:21	76	1763	498
13:27:21	77	1761	501
13:27:21	78	1762	502
13:27:21	78	1761	503
13:27:21	79	1762	502
13:27:21	80	1761	502
13:27:21	78	1759	506
13:27:21	80	1761	510
13:27:21	80	1762	508
13:27:21	81	1761	511
13:27:21	81	1762	511
13:27:21	82	1761	511
13:27:21	82	1761	511
13:27:21	81	1763	523
13:27:21	84	1761	523
13:27:21	83	1762	525
13:27:21	85	1762	524
13:27:21	86	1764	523
13:27:21	85	1761	524
13:27:21	86	1762	525
13:27:21	87	1761	524
13:27:21	87	1763	525
13:27:21	85	1762	525
13:27:21	2	1763	161
13:27:21	0	1763	208
13:27:21	0	1761	247
13:27:21	0	1763	294
13:27:21	0	1762	319
13:27:21	0	1764	348
13:27:21	0	1761	359
13:27:21	5	1762	378
13:27:21	0	1763	394
13:27:21	15	1763	406
13:27:21	22	1750	425
13:27:21	31	1765	435
13:27:21	36	1761	442
13:27:21	41	1765	455
13:27:21	41	1761	453
13:27:21	43	1762	460
13:27:21	48	1760	468
13:27:21	57	1762	474
13:27:21	53	1761	477
13:27:21	61	1763	480
13:27:21	62	1763	484
13:27:21	64	1763	479
13:27:21	61	1764	479
13:27:21	64	1753	487
13:27:21	67	1762	496
13:27:21	67	1761	496
13:27:21	72	1762	496
13:27:21	76	1762	496
13:27:21	74	1755	501
13:27:21	77	1763	496
13:27:21	68	1761	496
13:27:21	70	1757	504
13:27:21	72	1762	501
13:27:21	73	1762	506
13:27:21	75	1763	505
13:27:21	76	1763	505
13:27:21	77	1764	507
13:27:21	74	1761	503
13:27:21	70	1762	501
13:27:21	70	1760	501
13:27:21	76	1765	510
13:27:21	79	1761	508
13:27:21	77	1761	506
13:27:21	79	1761	510
13:27:21	79	1760	509
13:27:21	80	1762	501
13:27:21	76	1761	507
13:27:21	73	1761	506
13:27:21	79	1761	507
13:27:21	78	1761	508
13:27:21	77	1765	507
13:27:21	77	1759	510
13:27:21	80	1762	506
13:27:21	75	1760	502
13:27:21	65	1760	501
13:27:21	80	1760	508
13:27:21	80	1762	508
13:27:21	80	1761	507
13:27:21	80	1760	502
13:27:21	78	1766	507
13:27:21	80	1761	511
13:27:21	75	1761	501
13:27:21	73	1760	506
13:27:21	80	1760	511
13:27:21	78	1762	505
13:27:21	80	1761	506
13:27:21	80	1761	511
13:27:21	81	1760	506
13:27:21	80	1765	526
13:27:21	75	1759	501
13:27:21	80	1763	511
13:27:21	80	1761	510
13:27:21	80	1763	511
13:27:21	75	1762	497
13:27:21	80	1762	511
13:27:21	79	1765	511
13:27:21	80	1763	511
13:27:21	79	1762	503
13:27:21	74	1761	511
13:27:21	79	1763	511
13:27:21	80	1760	510
13:27:21	79	1759	509
13:27:21	80	1763	511
13:27:21	82	1763	509
13:27:21	81	1764	511
13:27:21	79	1762	502
13:27:21	80	1761	501
13:27:21	76	1762	500
13:27:21	77	1760	504
13:27:21	79	1760	511
13:27:21	82	1761	511
13:27:21	80	1763	508
13:27:21	82	1762	498
13:27:21	80	1749	503
13:27:21	77	1758	505
13:27:21	77	1759	507
13:27:21	77	1760	502
13:27:21	80	1762	511
13:27:21	80	1762	510
13:27:21	80	1761	511
13:27:21	82	1763	503
13:27:21	76	1761	503
13:27:21	76	1762	506
13:27:21	79	1761	507
13:27:21	80	1759	510
13:27:21	80	1760	509
13:27:21	81	1761	507
13:27:21	80	1762	510
13:27:21	80	1758	497
13:27:21	78	1762	498
13:27:21	76	1762	499
13:27:21	79	1760	508
13:27:21	77	1760	510
13:27:21	76	1759	505
13:27:21	75	1760	503
13:27:21	78	1760	507
13:27:21	71	1755	497
13:27:21	75	1760	503
13:27:21	79	1758	507
13:27:21	77	1759	507
13:27:21	77	1760	501
13:27:21	75	1760	502
13:27:21	79	1761	511
13:27:21	78	1760	506
13:27:21	74	1753	499
13:27:21	75	1759	501
13:27:21	77	1759	503
13:27:21	79	1760	503
13:27:21	75	1762	505
13:27:21	80	1759	503
13:27:22	80	1771	508
13:27:22	80	1761	511
13:27:22	78	1761	499
13:27:22	73	1761	504
13:27:22	80	1762	507
13:27:22	79	1761	509
13:27:22	80	1760	509
13:27:22	81	1760	511
13:27:22	80	1761	509
13:27:22	81	1761	511
13:27:22	80	1760	509
13:27:22	80	1761	511
13:27:22	80	1761	509
13:27:22	80	1763	507
13:27:22	80	1763	507
13:27:22	80	1762	511
13:27:22	80	1763	506
13:27:22	80	1762	505
13:27:22	81	1761	509
13:27:22	80	1763	510
13:27:22	79	1763	506
13:27:22	80	1762	509
13:27:22	77	1760	507
13:27:22	82	1762	511
13:27:22	80	1760	507
13:27:22	80	1761	502
13:27:22	80	1762	507
13:27:22	82	1765	522
13:27:22	80	1762	511
13:27:22	81	1762	511
13:27:22	80	1763	511
13:27:22	81	1762	528
13:27:22	80	1763	511
13:27:22	82	1760	511
13:27:22	83	1761	526
13:27:22	82	1761	525
13:27:22	82	1763	511
13:27:22	82	1762	525
13:27:22	83	1762	511
13:27:22	82	1763	525
13:27:22	80	1762	528
13:27:22	83	1761	524
13:27:22	83	1761	526
13:27:22	0	1765	39
13:27:22	0	1763	107
13:27:22	0	1764	162
13:27:22	0	1763	208
13:27:22	0	1765	241
13:27:22	0	1763	278
13:27:22	0	1765	316
13:27:22	0	1770	336
13:27:22	0	1764	363
13:27:22	0	1761	377
13:27:22	0	1763	394
13:27:22	0	1765	409
13:27:22	1	1764	415
13:27:22	14	1762	435
13:27:22	18	1762	442
13:27:22	26	1765	450
13:27:22	30	1763	449
13:27:22	36	1763	460
13:27:22	44	1769	469
13:27:22	48	1766	481
13:27:22	50	1759	475
13:27:22	54	1770	479
13:27:22	53	1763	483
13:27:22	63	1763	486
13:27:22	62	1765	490
13:27:22	65	1765	491
13:27:22	64	1763	496
13:27:22	70	1763	496
13:27:22	64	1765	489
13:27:22	64	1762	489
13:27:22	69	1763	498
13:27:22	69	1764	497
13:27:22	68	1762	499
13:27:22	73	1762	502
13:27:22	72	1764	499
13:27:22	75	1763	508
13:27:22	72	1763	498
13:27:22	70	1762	503
13:27:22	73	1763	497
13:27:22	73	1762	499
13:27:22	71	1762	501
13:27:22	75	1761	511
13:27:22	80	1763	506
13:27:22	79	1761	511
13:27:22	74	1763	502
13:27:22	76	1761	501
13:27:22	75	1761	505
13:27:22	79	1760	503
13:27:22	78	1762	507
13:27:22	79	1761	526
13:27:22	80	1762	511
13:27:22	80	1762	524
13:27:22	80	1760	509
13:27:22	79	1761	511
13:27:22	80	1760	509
13:27:22	80	1762	511
13:27:22	80	1760	511
13:27:22	80	1761	511
13:27:22	82	1761	525
13:27:22	78	1761	510
13:27:22	80	1761	509
13:27:22	0	1763	48
13:27:22	0	1767	122
13:27:22	0	1765	173
13:27:22	0	1767	224
13:27:22	0	1764	254
13:27:22	0	1764	289
13:27:22	0	1766	317
13:27:22	0	1765	350
13:27:22	0	1766	368
13:27:22	0	1765	387
13:27:22	0	1763	401
13:27:22	0	1770	44
13:27:22	407	1769	82
13:27:22	369	1766	127
13:27:22	341	1765	163
13:27:22	318	1769	194
13:27:22	302	1767	222
13:27:22	281	1766	243
13:27:22	269	1765	267
13:27:22	255	1765	279
13:27:22	243	1765	299
13:27:22	239	1765	313
13:27:22	230	1769	327
13:27:22	223	1760	337
13:27:22	220	1766	352
13:27:22	214	1765	362
13:27:22	209	1765	369
13:27:22	208	1767	375
13:27:22	203	1756	386
13:27:22	202	1765	390
13:27:22	197	1765	400
13:27:22	196	1763	403
13:27:22	191	1762	412
13:27:22	195	1765	416
13:27:22	194	1764	422
13:27:22	193	1762	426
13:27:22	192	1763	431
13:27:22	191	1762	434
13:27:22	187	1763	435
13:27:22	190	1767	441
13:27:22	190	1764	447
13:27:22	189	1763	448
13:27:22	189	1765	454
13:27:22	186	1761	449
13:27:22	188	1763	450
13:27:22	186	1763	454
13:27:22	187	1769	454
13:27:22	189	1762	463
13:27:23	185	1763	465
13:27:23	186	1763	464
13:27:23	192	1766	467
13:27:23	179	1764	464
13:27:23	183	1762	466
13:27:23	182	1763	467
13:27:23	181	1763	471
13:27:23	182	1766	475
13:27:23	186	1765	481
13:27:23	187	1763	478
13:27:23	192	1761	483
13:27:23	181	1763	475
13:27:23	186	1763	478
13:27:23	186	1761	482
13:27:23	187	1762	485
13:27:23	185	1760	485
13:27:23	186	1762	485
13:27:23	185	1761	487
13:27:23	189	1765	481
13:27:23	184	1763	486
13:27:23	181	1763	487
13:27:23	186	1763	491
13:27:23	183	1762	493
13:27:23	184	1764	490
13:27:23	185	1762	494
13:27:23	183	1762	495
13:27:23	182	1761	491
13:27:23	178	1760	494
13:27:23	180	1764	493
13:27:23	187	1763	497
13:27:23	181	1760	497
13:27:23	183	1762	496
13:27:23	183	1763	497
13:27:23	183	1762	497
13:27:23	178	1763	496
13:27:23	181	1766	496
13:27:23	180	1763	497
13:27:23	185	1764	503
13:27:23	182	1763	501
13:27:23	184	1760	506
13:27:23	181	1761	502
13:27:23	181	1761	506
13:27:23	176	1762	498
13:27:23	177	1763	501
13:27:23	185	1762	505
13:27:23	179	1760	509
13:27:23	176	1765	511
13:27:23	176	1760	511
13:27:23	176	1761	509
13:27:23	176	1763	511
13:27:23	176	1762	508
13:27:23	175	1763	509
13:27:23	175	1760	509
13:27:24	176	1762	510
13:27:24	176	1761	511
13:27:24	180	1761	511
13:27:24	176	1762	511
13:27:24	184	1763	526
13:27:24	175	1760	511
13:27:24	176	1762	511
13:27:24	175	1761	511
13:27:24	176	1761	526
13:27:24	177	1762	526
13:27:24	176	1763	528
13:27:24	176	1761	533
13:27:24	176	1767	528
13:27:24	176	1761	526
13:27:24	176	1762	525
13:27:24	176	1761	525
13:27:24	176	1762	528
13:27:24	176	1761	527
13:27:24	176	1764	529
13:27:24	175	1765	528
13:27:24	166	1755	530
13:27:24	172	1762	526
13:27:24	171	1763	526
13:27:24	164	1761	530
13:27:24	175	1761	529
13:27:24	174	1763	529
13:27:24	176	1764	531
13:27:24	175	1762	529
13:27:24	175	1763	524
13:27:24	173	1762	528
13:27:24	173	1761	529
13:27:24	178	1761	531
13:27:24	175	1763	530
13:27:24	174	1763	530
13:27:24	176	1764	531
13:27:24	175	1763	531
13:27:24	175	1763	528
13:27:24	171	1761	529
13:27:24	172	1761	530
13:27:24	179	1763	537
13:27:24	176	1762	534
13:27:24	173	1764	535
13:27:24	175	1762	532
13:27:24	176	1763	539
13:27:24	174	1761	530
13:27:24	176	1763	530
13:27:24	175	1762	533
13:27:24	176	1761	538
13:27:24	176	1762	537
13:27:24	177	1762	539
13:27:24	181	1762	539
13:27:24	180	1763	539
13:27:24	179	1763	535
13:27:24	178	1761	538
13:27:24	177	1763	538
13:27:24	177	1762	542
13:27:24	176	1762	544
13:27:24	176	1763	543
13:27:24	178	1762	544
13:27:24	180	1763	545
13:27:24	179	1762	538
13:27:24	180	1763	540
13:27:24	183	1762	541
13:27:24	186	1762	546
13:27:24	182	1751	545
13:27:24	184	1762	544
13:27:24	186	1762	546
13:27:24	183	1763	550
13:27:24	182	1763	544
13:27:24	182	1762	542
13:27:24	183	1761	545
13:27:24	189	1762	549
13:27:24	189	1761	548
13:27:24	192	1763	556
13:27:24	191	1762	549
13:27:24	192	1761	551
13:27:24	192	1766	544
13:27:24	187	1762	546
13:27:24	194	1763	545
13:27:24	197	1760	549
13:27:24	195	1762	546
13:27:24	196	1761	552
13:27:24	194	1761	546
13:27:24	193	1761	550
13:27:24	191	1763	544
13:27:24	191	1763	543
13:27:24	190	1761	551
13:27:24	190	1762	547
13:27:24	186	1762	549
13:27:24	178	1763	555
13:27:24	186	1762	547
13:27:24	188	1767	555
13:27:24	182	1771	538
13:27:24	185	1762	545
13:27:24	186	1763	546
13:27:24	187	1762	551
13:27:24	183	1759	554
13:27:24	190	1762	554
13:27:24	186	1761	551
13:27:24	185	1762	544
13:27:24	176	1763	546
13:27:24	179	1762	547
13:27:24	189	1761	549
13:27:24	192	1761	551
13:27:24	192	1763	549
13:27:24	193	1763	549
13:27:24	190	1773	550
13:27:24	192	1762	542
13:27:24	189	1762	546
13:27:24	188	1762	546
13:27:24	189	1761	550
13:27:24	188	1761	548
13:27:24	190	1761	547
13:27:24	187	1761	545
13:27:24	187	1763	551
13:27:24	183	1762	542
13:27:24	187	1761	544
13:27:24	190	1762	544
13:27:24	187	1762	545
13:27:24	192	1761	544
13:27:24	194	1760	543
13:27:24	193	1757	544
13:27:24	192	1763	545
13:27:24	190	1761	542
13:27:24	183	1761	543
13:27:24	192	1762	546
13:27:24	198	1758	546
13:27:24	208	1759	545
13:27:24	208	1761	545
13:27:24	217	1763	544
13:27:24	223	1763	544
13:27:24	224	1762	539
13:27:24	227	1761	538
13:27:24	228	1765	541
13:27:24	231	1762	539
13:27:24	235	1761	541
13:27:24	238	1761	545
13:27:24	234	1763	542
13:27:24	224	1762	548
13:27:24	234	1761	535
13:27:24	229	1761	534
13:27:24	229	1761	535
13:27:24	231	1763	541
13:27:24	225	1762	542
13:27:24	224	1765	544
13:27:24	220	1761	541
13:27:24	219	1763	539
13:27:24	211	1761	531
13:27:24	208	1761	533
13:27:24	206	1761	537
13:27:24	208	1751	539
13:27:24	208	1759	531
13:27:24	208	1764	542
13:27:24	206	1761	539
13:27:24	205	1762	543
13:27:24	199	1761	533
13:27:24	197	1762	538
13:27:24	195	1760	538
13:27:24	196	1760	539
13:27:24	194	1762	539
13:27:24	195	1763	538
13:27:24	192	1762	539
13:27:24	192	1763	540
13:27:24	190	1762	542
13:27:24	192	1761	539
13:27:24	187	1761	539
13:27:24	188	1763	538
13:27:24	189	1763	542
13:27:24	190	1763	540
13:27:24	186	1764	542
13:27:24	186	1774	542
13:27:24	183	1763	543
13:27:24	181	1763	544
13:27:24	181	1763	548
13:27:24	182	1762	547
13:27:24	181	1765	547
13:27:24	183	1763	549
13:27:24	182	1765	550
13:27:24	180	1765	551
13:27:24	181	1763	553
13:27:24	181	1765	551
13:27:24	177	1765	555
13:27:24	177	1765	555
13:27:24	176	1765	555
13:27:24	176	1765	560
13:27:24	175	1766	559
13:27:24	176	1764	559
13:27:24	173	1764	560
13:27:24	564	1766	80
13:27:24	494	1769	144
13:27:24	435	1765	177
13:27:24	394	1764	230
13:27:24	365	1761	259
13:27:24	336	1766	287
13:27:24	310	1765	314
13:27:24	285	1767	339
13:27:24	277	1766	356
13:27:24	268	1765	375
13:27:24	251	1766	384
13:27:24	241	1763	401
13:27:24	243	1766	414
13:27:24	234	1764	432
13:27:24	237	1763	446
13:27:24	231	1765	452
13:27:24	223	1761	463
13:27:24	218	1763	462
13:27:24	208	1763	468
13:27:24	205	1765	471
13:27:24	204	1766	480
13:27:24	195	1771	483
13:27:24	198	1762	494
13:27:24	195	1762	496
13:27:24	191	1761	501
13:27:24	189	1764	499
13:27:24	186	1762	505
13:27:24	192	1762	511
13:27:24	192	1764	511
13:27:24	193	1762	511
13:27:24	192	1765	525
13:27:24	190	1763	528
13:27:24	191	1766	529
13:27:24	185	1765	525
13:27:24	186	1761	523
13:27:24	181	1763	526
13:27:24	185	1763	529
13:27:24	0	1768	46
13:27:24	0	1770	97
13:27:24	0	1770	141
13:27:24	0	1769	178
13:27:24	0	1770	209
13:27:24	0	1770	243
13:27:24	0	1768	43
13:27:24	0	1767	44
13:27:24	0	1767	91
13:27:24	0	1767	131
13:27:24	0	1766	163
13:27:24	0	1768	201
13:27:24	0	1766	224
13:27:24	0	1767	248
13:27:24	0	1765	266
13:27:24	0	1765	283
13:27:24	0	1766	301
13:27:24	0	1766	315
13:27:24	0	1764	331
13:27:24	0	1767	341
13:27:24	0	1765	353
13:27:24	0	1763	367
13:27:24	0	1763	369
13:27:24	1	1767	379
13:27:24	11	1765	386
13:27:24	12	1763	393
13:27:24	16	1765	399
13:27:24	23	1763	405
13:27:24	25	1761	419
13:27:24	28	1765	418
13:27:24	29	1762	423
13:27:24	33	1749	429
13:27:24	33	1765	431
13:27:24	42	1762	435
13:27:24	43	1761	437
13:27:24	47	1763	439
13:27:24	48	1764	443
13:27:24	48	1753	445
13:27:24	50	1763	448
13:27:24	50	1763	451
13:27:24	55	1765	451
13:27:24	59	1762	454
13:27:24	60	1766	458
13:27:24	61	1763	463
13:27:24	64	1762	461
13:27:24	64	1763	462
13:27:24	60	1765	461
13:27:24	64	1761	466
13:27:24	66	1765	464
13:27:24	65	1769	464
13:27:24	67	1763	464
13:27:24	66	1762	469
13:27:24	65	1765	465
13:27:24	66	1761	469
13:27:24	69	1763	467
13:27:24	69	1766	473
13:27:24	67	1763	471
13:27:24	70	1765	473
13:27:24	72	1763	474
13:27:24	71	1755	479
13:27:24	75	1762	475
13:27:24	75	1765	479
13:27:24	78	1763	478
13:27:24	80	1765	483
13:27:24	76	1764	483
13:27:24	71	1763	482
13:27:24	78	1765	482
13:27:24	80	1766	487
13:27:24	85	1764	486
13:27:24	80	1745	480
13:27:24	77	1769	479
13:27:24	80	1764	482
13:27:24	76	1763	481
13:27:24	78	1762	481
13:27:24	80	1762	486
13:27:24	80	1765	482
13:27:24	80	1763	486
13:27:24	80	1761	481
13:27:24	80	1761	482
13:27:24	78	1761	483
13:27:24	79	1761	484
13:27:24	80	1760	483
13:27:24	80	1762	490
13:27:24	81	1760	490
13:27:24	80	1763	491
13:27:25	78	1761	486
13:27:25	80	1763	489
13:27:25	80	1761	487
13:27:25	80	1762	495
13:27:25	80	1760	487
13:27:25	80	1762	492
13:27:25	80	1763	487
13:27:25	80	1773	492
13:27:25	79	1761	491
13:27:25	80	1763	490
13:27:25	80	1761	492
13:27:25	80	1762	494
13:27:25	80	1763	491
13:27:25	80	1766	493
13:27:25	80	1762	493
13:27:25	80	1763	491
13:27:25	79	1762	491
13:27:25	79	1762	487
13:27:25	81	1763	496
13:27:25	80	1763	493
13:27:25	81	1764	493
13:27:25	81	1762	496
13:27:25	83	1763	495
13:27:25	81	1764	496
13:27:25	80	1763	490
13:27:25	81	1751	491
13:27:25	82	1764	496
13:27:25	81	1761	494
13:27:25	81	1761	495
13:27:25	80	1761	496
13:27:25	80	1762	496
13:27:25	81	1762	499
13:27:25	80	1762	492
13:27:25	81	1761	491
13:27:25	91	1761	496
13:27:25	82	1762	494
13:27:25	84	1760	495
13:27:25	81	1766	496
13:27:25	81	1761	495
13:27:25	84	1764	497
13:27:25	83	1762	500
13:27:25	80	1762	493
13:27:25	83	1762	496
13:27:25	83	1763	496
13:27:25	81	1764	496
13:27:25	86	1765	496
13:27:25	83	1762	496
13:27:25	91	1765	497
13:27:25	84	1762	492
13:27:25	81	1762	494
13:27:25	83	1758	496
13:27:25	83	1762	496
13:27:25	83	1762	496
13:27:25	86	1762	496
13:27:25	81	1761	496
13:27:25	86	1763	492
13:27:25	82	1762	493
13:27:25	81	1762	494
13:27:25	83	1762	497
13:27:25	85	1763	496
13:27:25	83	1761	496
13:27:25	87	1761	497
13:27:25	83	1762	492
13:27:25	86	1761	495
13:27:25	80	1767	498
13:27:25	86	1763	496
13:27:25	84	1762	497
13:27:25	83	1763	493
13:27:25	81	1762	496
13:27:25	85	1761	499
13:27:25	84	1763	496
13:27:25	82	1761	496
13:27:25	82	1761	499
13:27:25	83	1762	497
13:27:25	86	1762	496
13:27:25	82	1762	495
13:27:25	83	1761	496
13:27:25	86	1762	497
13:27:25	85	1762	499
13:27:25	85	1766	496
13:27:25	83	1762	496
13:27:25	85	1763	499
13:27:25	86	1763	497
13:27:25	81	1766	495
13:27:25	79	1765	496
13:27:25	82	1765	503
13:27:25	85	1762	498
13:27:25	85	1762	497
13:27:25	85	1763	498
13:27:25	85	1760	498
13:27:25	85	1765	502
13:27:25	85	1765	496
13:27:25	82	1762	496
13:27:25	86	1762	501
13:27:25	84	1763	498
13:27:25	82	1762	497
13:27:25	86	1763	501
13:27:25	92	1763	500
13:27:25	90	1765	506
13:27:25	88	1765	496
13:27:25	82	1763	496
13:27:25	83	1763	496
13:27:25	83	1763	496
13:27:25	80	1760	497
13:27:25	86	1763	497
13:27:25	89	1762	505
13:27:25	87	1765	501
13:27:25	85	1762	496
13:27:25	86	1761	496
13:27:25	83	1763	500
13:27:25	85	1762	499
13:27:25	85	1761	499
13:27:25	87	1761	502
13:27:25	85	1762	498
13:27:25	89	1764	501
13:27:25	81	1761	496
13:27:25	81	1766	496
13:27:25	80	1762	499
13:27:25	85	1761	498
13:27:25	85	1759	496
13:27:25	85	1763	501
13:27:25	86	1763	499
13:27:25	89	1763	502
13:27:25	83	1761	496
13:27:25	90	1762	503
13:27:26	85	1762	497
13:27:26	83	1761	499
13:27:26	86	1764	498
13:27:26	89	1762	497
13:27:26	84	1759	498
13:27:26	84	1763	496
13:27:26	86	1763	499
13:27:26	85	1763	496
13:27:26	91	1762	502
13:27:26	85	1762	501
13:27:26	85	1761	499
13:27:26	91	1761	496
13:27:26	89	1761	502
13:27:26	85	1761	499
13:27:26	86	1762	496
13:27:26	87	1762	500
13:27:26	86	1761	501
13:27:26	86	1761	499
13:27:26	88	1761	499
13:27:26	86	1770	499
13:27:26	87	1764	499
13:27:26	86	1762	499
13:27:26	80	1759	498
13:27:26	83	1762	501
13:27:26	86	1763	498
13:27:26	87	1763	495
13:27:26	87	1762	497
13:27:26	85	1764	499
13:27:26	86	1763	498
13:27:26	86	1762	498
13:27:26	87	1763	501
13:27:26	87	1765	500
13:27:26	87	1763	499
13:27:26	89	1763	498
13:27:26	88	1763	501
13:27:26	91	1762	497
13:27:26	86	1763	499
13:27:26	87	1762	501
13:27:26	92	1763	503
13:27:26	88	1763	500
13:27:26	90	1762	498
13:27:26	87	1761	500
13:27:26	86	1759	505
13:27:26	86	1763	501
13:27:26	86	1762	502
13:27:26	90	1763	506
13:27:26	91	1763	511
13:27:26	93	1764	508
13:27:26	90	1765	509
13:27:26	91	1764	509
13:27:26	91	1762	511
13:27:26	92	1763	510
13:27:26	93	1764	511
13:27:26	94	1762	510
13:27:26	93	1765	511
13:27:26	93	1763	510
13:27:26	93	1763	511
13:27:26	94	1764	511
13:27:26	94	1763	511
13:27:26	98	1764	511
13:27:26	0	1766	49
13:27:26	0	1763	98
13:27:26	0	1764	143
13:27:26	0	1764	175
13:27:26	0	1763	207
13:27:26	0	1763	233
13:27:26	0	1764	247
13:27:26	0	1764	272
13:27:26	0	1773	289
13:27:26	0	1765	309
13:27:26	0	1762	326
13:27:26	0	1765	336
13:27:26	0	1763	350
13:27:26	0	1763	358
13:27:26	0	1762	368
13:27:26	5	1764	378
13:27:26	12	1763	384
13:27:26	16	1763	399
13:27:26	19	1776	400
13:27:26	23	1763	409
13:27:26	27	1765	412
13:27:26	33	1764	420
13:27:26	33	1764	418
13:27:26	38	1764	428
13:27:26	44	1764	435
13:27:26	48	1767	441
13:27:26	48	1763	443
13:27:26	53	1765	447
13:27:26	51	1764	449
13:27:26	54	1766	453
13:27:26	52	1765	448
13:27:26	57	1763	456
13:27:26	62	1765	464
13:27:26	0	1763	48
13:27:26	0	1765	96
13:27:26	0	1767	135
13:27:26	0	1766	169
13:27:26	0	1765	196
13:27:26	0	1765	225
13:27:26	0	1763	250
13:27:26	0	1763	270
13:27:26	0	1766	288
13:27:26	0	1765	305
13:27:26	0	1765	319
13:27:26	0	1765	325
13:27:26	0	1767	338
13:27:26	0	1763	348
13:27:26	0	1766	365
13:27:26	1	1765	371
13:27:26	10	1766	381
13:27:26	12	1767	389
13:27:26	16	1762	400
13:27:26	16	1762	390
13:27:26	19	1763	403
13:27:26	26	1764	405
13:27:26	25	1766	415
13:27:26	29	1762	419
13:27:26	31	1762	432
13:27:26	37	1762	432
13:27:26	38	1765	435
13:27:26	39	1761	433
13:27:26	42	1762	433
13:27:26	48	1762	438
13:27:26	49	1762	442
13:27:26	48	1761	442
13:27:26	51	1763	450
13:27:26	51	1761	448
13:27:26	52	1763	454
13:27:26	55	1762	451
13:27:26	58	1762	451
13:27:26	58	1765	458
13:27:26	63	1763	457
13:27:26	54	1761	462
13:27:26	64	1765	463
13:27:26	63	1763	462
13:27:26	66	1763	463
13:27:26	64	1762	461
13:27:26	64	1761	462
13:27:26	63	1761	476
13:27:26	67	1761	465
13:27:26	69	1762	467
13:27:26	69	1763	468
13:27:26	69	1763	470
13:27:26	71	1764	468
13:27:26	69	1763	470
13:27:26	69	1762	471
13:27:26	68	1762	475
13:27:26	74	1761	481
13:27:26	72	1761	481
13:27:26	76	1762	485
13:27:26	74	1763	480
13:27:26	75	1760	487
13:27:26	75	1762	480
13:27:26	74	1761	482
13:27:26	77	1761	483
13:27:26	78	1763	490
13:27:26	78	1762	488
13:27:26	79	1761	489
13:27:26	9	1764	110
13:27:26	2	1767	151
13:27:26	0	1765	190
13:27:26	0	1765	208
13:27:26	0	1765	240
13:27:26	0	1766	267
13:27:26	0	1765	291
13:27:26	0	1765	306
13:27:26	4	1764	326
13:27:26	9	1765	338
13:27:26	12	1765	353
13:27:26	16	1762	363
13:27:26	16	1763	375
13:27:26	20	1765	385
13:27:26	19	1763	394
13:27:26	27	1764	400
13:27:26	32	1765	414
13:27:26	46	1765	420
13:27:26	42	1763	427
13:27:26	47	1765	432
13:27:26	45	1764	432
13:27:26	49	1766	442
13:27:26	0	1769	44
13:27:26	0	1766	42
13:27:26	0	1766	112
13:27:26	0	1767	164
13:27:26	0	1767	210
13:27:26	0	1765	243
13:27:26	0	1766	279
13:27:26	0	1767	310
13:27:26	0	1766	336
13:27:26	1	1763	356
13:27:26	9	1769	379
13:27:26	16	1765	394
13:27:26	21	1765	411
13:27:26	12	1764	146
13:27:26	7	1765	195
13:27:26	2	1763	238
13:27:26	2	1763	274
13:27:26	3	1766	307
13:27:26	16	1765	333
13:27:26	16	1767	356
13:27:26	21	1763	366
13:27:26	20	1762	382
13:27:26	26	1761	400
13:27:26	29	1761	410
13:27:26	38	1760	421
13:27:26	42	1761	439
13:27:26	48	1761	447
13:27:26	50	1764	453
13:27:26	55	1763	451
13:27:26	58	1761	459
13:27:26	59	1766	462
13:27:26	64	1760	466
13:27:26	64	1761	470
13:27:26	70	1761	479
13:27:26	74	1760	484
13:27:26	76	1762	484
13:27:26	73	1761	478
13:27:26	73	1759	484
13:27:26	79	1765	486
13:27:26	79	1761	495
13:27:26	80	1761	494
13:27:26	81	1760	494
13:27:26	79	1760	493
13:27:26	85	1769	496
13:27:26	82	1761	496
13:27:26	85	1759	495
13:27:26	86	1759	499
13:27:26	90	1762	499
13:27:26	92	1760	499
13:27:26	94	1760	501
13:27:26	94	1763	503
13:27:26	95	1761	503
13:27:26	92	1759	496
13:27:26	89	1761	498
13:27:26	95	1762	498
13:27:26	97	1761	502
13:27:26	97	1760	502
13:27:26	96	1763	510
13:27:26	97	1760	507
13:27:26	100	1762	511
13:27:26	98	1760	499
13:27:26	99	1760	503
13:27:26	98	1759	501
13:27:26	100	1761	510
13:27:26	102	1760	505
13:27:26	102	1763	511
13:27:26	101	1760	506
13:27:26	101	1763	511
13:27:26	99	1761	499
13:27:26	97	1761	501
13:27:26	99	1759	507
13:27:26	98	1761	511
13:27:26	103	1760	510
13:27:26	106	1761	511
13:27:26	106	1760	511
13:27:26	109	1749	511
13:27:26	102	1761	503
13:27:26	103	1759	496
13:27:26	102	1758	509
13:27:26	106	1761	508
13:27:26	105	1749	506
13:27:26	109	1762	508
13:27:26	106	1762	508
13:27:26	110	1761	502
13:27:26	101	1757	505
13:27:26	103	1760	505
13:27:26	101	1760	511
13:27:26	104	1759	511
13:27:26	105	1759	509
13:27:26	108	1760	508
13:27:26	106	1760	511
13:27:26	105	1761	504
13:27:26	100	1760	506
13:27:26	98	1759	508
13:27:26	105	1759	511
13:27:26	103	1759	511
13:27:26	105	1758	511
13:27:26	103	1757	510
13:27:26	103	1761	509
13:27:26	93	1763	511
13:27:26	104	1759	510
13:27:26	102	1761	511
13:27:26	105	1762	510
13:27:26	103	1761	509
13:27:26	107	1761	509
13:27:26	104	1761	509
13:27:26	104	1761	511
13:27:26	101	1761	509
13:27:26	100	1761	505
13:27:26	99	1761	507
13:27:26	106	1759	511
13:27:26	105	1751	511
13:27:26	106	1761	511
13:27:26	107	1762	511
13:27:26	106	1761	507
13:27:26	103	1761	505
13:27:26	105	1763	507
13:27:26	105	1760	505
13:27:26	106	1758	511
13:27:27	102	1761	510
13:27:27	106	1758	511
13:27:27	106	1761	510
13:27:27	108	1759	511
13:27:27	105	1750	511
13:27:27	104	1761	504
13:27:27	108	1758	507
13:27:27	103	1760	511
13:27:27	105	1759	510
13:27:27	105	1761	511
13:27:27	107	1758	509
13:27:27	106	1760	511
13:27:27	102	1759	505
13:27:27	98	1759	505
13:27:27	101	1758	506
13:27:27	106	1759	510
13:27:27	102	1758	510
13:27:27	108	1759	511
13:27:27	105	1759	509
13:27:27	108	1759	499
13:27:27	98	1759	503
13:27:27	100	1759	496
13:27:27	103	1757	509
13:27:27	103	1750	509
13:27:27	101	1759	507
13:27:27	103	1760	508
13:27:27	103	1758	508
13:27:27	105	1758	497
13:27:27	102	1760	500
13:27:27	100	1758	511
13:27:27	106	1759	507
13:27:27	105	1759	509
13:27:27	107	1759	509
13:27:27	105	1757	507
13:27:27	106	1761	506
13:27:27	99	1759	503
13:27:27	104	1764	502
13:27:27	100	1759	499
13:27:27	100	1757	502
13:27:27	105	1759	511
13:27:27	104	1760	508
13:27:27	106	1758	510
13:27:27	109	1760	511
13:27:27	102	1759	502
13:27:27	100	1760	502
13:27:27	100	1761	502
13:27:27	103	1759	511
13:27:27	103	1757	507
13:27:27	105	1759	510
13:27:27	105	1760	510
13:27:27	106	1759	511
13:27:27	103	1761	504
13:27:27	103	1765	506
13:27:27	103	1749	511
13:27:27	105	1759	510
13:27:27	104	1761	511
13:27:27	105	1760	511
13:27:27	108	1759	511
13:27:27	107	1762	511
13:27:27	102	1761	509
13:27:27	103	1757	506
13:27:27	102	1760	506
13:27:27	108	1758	511
13:27:27	107	1759	511
13:27:27	105	1761	526
13:27:27	107	1760	511
13:27:27	109	1760	525
13:27:27	105	1759	508
13:27:27	108	1758	510
13:27:27	103	1758	508
13:27:27	109	1759	511
13:27:27	110	1758	511
13:27:27	112	1760	525
13:27:27	108	1760	519
13:27:27	112	1763	524
13:27:27	107	1759	510
13:27:27	105	1760	508
13:27:27	107	1759	526
13:27:27	111	1758	511
13:27:27	111	1758	511
13:27:27	112	1760	527
13:27:27	111	1762	511
13:27:27	114	1763	528
13:27:27	115	1761	508
13:27:27	105	1760	511
13:27:27	109	1760	511
13:27:27	110	1759	523
13:27:27	107	1760	511
13:27:27	112	1760	511
13:27:27	111	1760	511
13:27:27	112	1760	501
13:27:27	101	1755	508
13:27:27	104	1757	510
13:27:27	112	1759	511
13:27:27	110	1759	511
13:27:27	107	1760	511
13:27:27	109	1760	511
13:27:27	109	1759	511
13:27:27	106	1760	508
13:27:27	105	1760	511
13:27:27	106	1758	511
13:27:27	109	1760	511
13:27:27	108	1761	511
13:27:27	107	1760	511
13:27:27	109	1760	525
13:27:27	111	1760	524
13:27:27	108	1759	510
13:27:27	107	1759	511
13:27:27	106	1762	511
13:27:27	110	1759	522
13:27:27	110	1760	511
13:27:27	107	1759	511
13:27:27	109	1760	511
13:27:27	110	1760	511
13:27:27	107	1759	511
13:27:27	107	1758	509
13:27:27	103	1757	525
13:27:27	109	1760	511
13:27:27	110	1758	511
13:27:27	109	1759	511
13:27:27	108	1759	511
13:27:27	109	1758	526
13:27:27	107	1760	510
13:27:27	109	1759	510
13:27:27	113	1759	507
13:27:27	112	1758	524
13:27:27	107	1759	511
13:27:27	110	1758	528
13:27:27	109	1765	523
13:27:27	109	1763	526
13:27:27	108	1758	511
13:27:27	106	1760	511
13:27:27	112	1759	526
13:27:27	111	1759	527
13:27:27	110	1758	511
13:27:27	109	1760	527
13:27:27	112	1759	523
13:27:27	111	1760	525
13:27:27	111	1759	527
13:27:27	112	1760	527
13:27:27	112	1761	525
13:27:27	112	1759	527
13:27:27	112	1760	527
13:27:27	113	1760	528
13:27:27	112	1762	525
13:27:27	113	1760	528
13:27:27	112	1762	528
13:27:27	196	1767	64
13:27:27	176	1768	100
13:27:27	160	1769	140
13:27:27	145	1770	173
13:27:27	135	1767	196
13:27:27	176	1766	64
13:27:27	157	1766	105
13:27:27	144	1766	139
13:27:27	130	1765	170
13:27:27	123	1763	195
13:27:27	115	1765	219
13:27:27	112	1765	241
13:27:27	109	1765	266
13:27:27	103	1764	271
13:27:27	98	1766	284
13:27:27	96	1766	301
13:27:27	95	1764	309
13:27:27	90	1762	320
13:27:27	93	1763	338
13:27:27	91	1762	336
13:27:27	92	1765	354
13:27:27	91	1762	354
13:27:27	91	1762	362
13:27:27	93	1762	368
13:27:27	91	1761	375
13:27:27	91	1761	381
13:27:27	93	1763	393
13:27:27	95	1761	394
13:27:27	93	1762	400
13:27:27	92	1761	399
13:27:27	92	1761	402
13:27:27	93	1762	403
13:27:27	95	1761	414
13:27:27	93	1762	417
13:27:27	96	1763	425
13:27:27	101	1763	421
13:27:27	98	1766	432
13:27:27	93	1760	425
13:27:27	95	1764	427
13:27:27	97	1761	432
13:27:27	99	1760	433
13:27:27	98	1760	438
13:27:27	101	1757	438
13:27:27	102	1761	441
13:27:27	103	1763	437
13:27:27	98	1763	442
13:27:27	100	1762	445
13:27:27	109	1763	449
13:27:27	103	1761	449
13:27:27	103	1761	449
13:27:27	107	1761	454
13:27:27	103	1762	452
13:27:27	106	1762	449
13:27:27	107	1763	453
13:27:27	104	1761	454
13:27:27	109	1760	461
13:27:27	107	1761	464
13:27:27	109	1759	461
13:27:27	110	1762	462
13:27:27	111	1761	464
13:27:27	108	1762	461
13:27:27	108	1761	463
13:27:27	112	1762	463
13:27:27	112	1759	465
13:27:27	112	1757	464
13:27:27	112	1763	466
13:27:27	112	1761	464
13:27:27	112	1760	467
13:27:27	112	1762	467
13:27:27	109	1761	466
13:27:27	112	1762	464
13:27:27	112	1763	467
13:27:27	112	1760	469
13:27:27	112	1761	471
13:27:27	112	1757	474
13:27:27	112	1762	475
13:27:27	112	1760	469
13:27:27	112	1761	469
13:27:27	112	1760	470
13:27:27	112	1761	470
13:27:27	119	1760	477
13:27:27	112	1759	482
13:27:27	113	1760	479
13:27:27	115	1761	482
13:27:27	112	1761	473
13:27:27	112	1760	474
13:27:27	113	1759	482
13:27:27	113	1761	481
13:27:27	113	1761	480
13:27:27	115	1760	482
13:27:27	113	1760	481
13:27:27	115	1761	483
13:27:27	112	1759	478
13:27:27	112	1760	479
13:27:27	112	1766	496
13:27:27	114	1760	486
13:27:27	114	1760	484
13:27:27	117	1761	487
13:27:27	117	1763	486
13:27:27	119	1766	486
13:27:27	116	1761	486
13:27:27	117	1761	490
13:27:27	117	1760	487
13:27:27	115	1763	490
13:27:27	115	1760	487
13:27:27	122	1760	489
13:27:27	121	1760	490
13:27:27	119	1760	491
13:27:27	118	1766	489
13:27:27	121	1760	490
13:27:27	115	1762	491
13:27:27	118	1761	490
13:27:27	119	1751	490
13:27:27	122	1761	491
13:27:27	118	1762	489
13:27:27	122	1760	493
13:27:27	117	1762	491
13:27:27	118	1763	496
13:27:27	119	1761	494
13:27:27	119	1759	493
13:27:27	119	1762	494
13:27:27	118	1762	495
13:27:27	119	1763	496
13:27:27	119	1763	493
13:27:27	118	1761	491
13:27:27	117	1763	494
13:27:27	120	1762	493
13:27:27	118	1762	494
13:27:27	118	1762	494
13:27:27	119	1762	495
13:27:27	118	1764	496
13:27:27	119	1763	496
13:27:27	117	1762	496
13:27:27	123	1762	496
13:27:27	119	1764	496
13:27:27	119	1766	496
13:27:27	119	1761	497
13:27:27	122	1762	496
13:27:27	121	1763	496
13:27:27	122	1761	495
13:27:27	124	1763	496
13:27:27	123	1762	497
13:27:27	122	1762	496
13:27:27	121	1762	496
13:27:27	126	1765	500
13:27:27	122	1762	497
13:27:27	124	1760	496
13:27:27	128	1763	497
13:27:27	125	1762	499
13:27:27	123	1763	497
13:27:27	123	1763	497
13:27:27	123	1763	498
13:27:27	126	1763	497
13:27:27	125	1761	498
13:27:27	125	1762	497
13:27:27	124	1765	497
13:27:27	126	1765	496
13:27:27	127	1763	497
13:27:27	126	1762	497
13:27:27	126	1763	498
13:27:27	126	1763	496
13:27:27	124	1763	497
13:27:27	125	1761	498
13:27:27	125	1762	499
13:27:27	123	1766	497
13:27:27	123	1755	499
13:27:27	122	1761	499
13:27:27	122	1763	497
13:27:27	123	1763	497
13:27:27	124	1762	501
13:27:27	122	1762	496
13:27:27	123	1761	499
13:27:27	125	1763	496
13:27:27	126	1762	503
13:27:28	124	1761	506
13:27:28	124	1762	502
13:27:28	124	1763	505
13:27:28	125	1761	502
13:27:28	128	1762	503
13:27:28	123	1762	504
13:27:28	122	1763	503
13:27:28	123	1762	507
13:27:28	126	1751	503
13:27:28	123	1762	503
13:27:28	125	1761	503
13:27:28	125	1756	508
13:27:28	122	1761	497
13:27:28	124	1763	503
13:27:28	122	1762	506
13:27:28	127	1763	509
13:27:28	124	1761	508
13:27:28	125	1762	507
13:27:28	125	1761	507
13:27:28	128	1763	510
13:27:28	123	1760	506
13:27:28	125	1760	502
13:27:28	125	1760	503
13:27:28	124	1763	509
13:27:28	124	1762	506
13:27:28	125	1760	510
13:27:28	125	1761	507
13:27:28	125	1761	505
13:27:28	121	1761	502
13:27:28	143	1765	103
13:27:28	130	1769	142
13:27:28	117	1766	174
13:27:28	112	1764	203
13:27:28	101	1765	227
13:27:28	94	1766	240
13:27:28	93	1763	269
13:27:28	91	1764	288
13:27:28	92	1762	300
13:27:28	83	1764	306
13:27:28	81	1764	322
13:27:28	83	1765	336
13:27:28	87	1764	348
13:27:28	82	1763	355
13:27:28	82	1764	368
13:27:28	83	1766	371
13:27:28	82	1763	384
13:27:28	80	1763	383
13:27:28	85	1762	399
13:27:28	85	1762	400
13:27:28	87	1766	410
13:27:28	82	1763	405
13:27:28	87	1765	409
13:27:28	89	1762	418
13:27:28	89	1763	427
13:27:28	88	1760	429
13:27:28	93	1763	433
13:27:28	91	1761	432
13:27:28	93	1763	439
13:27:28	89	1762	433
13:27:28	95	1764	446
13:27:28	98	1765	445
13:27:28	96	1762	452
13:27:28	93	1761	448
13:27:28	96	1765	456
13:27:28	97	1761	455
13:27:28	99	1764	461
13:27:28	97	1764	456
13:27:28	97	1762	460
13:27:28	100	1762	464
13:27:28	99	1763	465
13:27:28	93	1760	464
13:27:28	106	1762	467
13:27:28	101	1763	467
13:27:28	103	1762	470
13:27:28	101	1763	468
13:27:28	107	1761	473
13:27:28	104	1761	471
13:27:28	110	1761	478
13:27:28	103	1761	473
13:27:28	106	1760	475
13:27:28	109	1764	483
13:27:28	131	1763	85
13:27:28	117	1763	128
13:27:28	107	1763	159
13:27:28	102	1762	188
13:27:28	99	1763	207
13:27:28	90	1761	230
13:27:28	82	1762	249
13:27:28	80	1762	272
13:27:28	80	1760	286
13:27:28	79	1761	301
13:27:28	77	1762	314
13:27:28	79	1761	324
13:27:28	73	1762	336
13:27:28	74	1761	339
13:27:28	78	1760	348
13:27:28	74	1759	365
13:27:28	77	1762	370
13:27:28	78	1759	374
13:27:28	80	1759	385
13:27:28	80	1761	388
13:27:28	79	1762	389
13:27:28	79	1761	397
13:27:28	80	1762	400
13:27:28	80	1761	402
13:27:28	80	1761	404
13:27:28	82	1759	419
13:27:28	82	1761	419
13:27:28	84	1761	426
13:27:28	81	1761	425
13:27:28	82	1759	429
13:27:28	85	1760	434
13:27:28	86	1760	438
13:27:28	86	1761	437
13:27:28	91	1761	448
13:27:28	93	1761	448
13:27:28	91	1761	450
13:27:28	95	1760	448
13:27:28	91	1761	452
13:27:28	92	1762	453
13:27:28	93	1762	456
13:27:28	97	1761	459
13:27:28	96	1760	463
13:27:28	135	1765	82
13:27:28	122	1766	126
13:27:28	112	1767	158
13:27:28	103	1767	187
13:27:28	94	1767	208
13:27:28	87	1765	230
13:27:28	86	1763	256
13:27:28	83	1758	271
13:27:28	80	1766	283
13:27:28	80	1763	300
13:27:28	80	1765	311
13:27:28	80	1764	327
13:27:28	78	1766	330
13:27:28	77	1763	338
13:27:28	76	1762	357
13:27:28	75	1765	354
13:27:28	78	1764	368
13:27:28	80	1762	374
13:27:28	80	1762	385
13:27:28	80	1765	391
13:27:28	80	1763	393
13:27:28	80	1761	400
13:27:28	80	1765	405
13:27:28	80	1763	407
13:27:28	81	1761	412
13:27:28	81	1763	419
13:27:28	84	1762	423
13:27:28	87	1761	430
13:27:28	81	1762	430
13:27:28	87	1762	432
13:27:28	89	1765	437
13:27:28	90	1763	443
13:27:28	98	1765	301
13:27:28	94	1763	318
13:27:28	94	1764	337
13:27:28	88	1765	346
13:27:28	87	1762	358
13:27:28	87	1763	370
13:27:28	86	1761	379
13:27:28	89	1763	384
13:27:28	88	1763	400
13:27:28	85	1762	400
13:27:28	87	1762	403
13:27:28	86	1764	413
13:27:28	90	1762	423
13:27:28	88	1763	428
13:27:28	90	1764	431
13:27:28	93	1763	434
13:27:28	92	1763	445
13:27:28	95	1763	444
13:27:28	95	1764	450
13:27:28	94	1764	447
13:27:28	91	1763	451
13:27:28	96	1763	454
13:27:28	96	1765	458
13:27:28	96	1764	461
13:27:28	96	1761	462
13:27:28	98	1761	464
13:27:28	101	1763	465
13:27:28	107	1763	256
13:27:28	103	1764	283
13:27:28	94	1763	304
13:27:28	93	1763	318
13:27:28	86	1763	333
13:27:28	85	1763	343
13:27:28	86	1763	365
13:27:28	85	1765	370
13:27:28	85	1765	384
13:27:28	90	1761	392
13:27:28	87	1764	400
13:27:28	91	1765	400
13:27:28	85	1763	411
13:27:28	87	1763	419
13:27:28	89	1762	423
13:27:28	87	1762	429
13:27:28	86	1761	437
13:27:28	92	1765	439
13:27:28	94	1763	443
13:27:28	96	1765	448
13:27:28	95	1762	447
13:27:28	95	1763	455
13:27:28	99	1763	273
13:27:28	100	1763	304
13:27:28	93	1762	320
13:27:28	93	1763	339
13:27:28	90	1765	351
13:27:28	87	1764	365
13:27:28	84	1763	375
13:27:28	87	1763	384
13:27:28	86	1765	395
13:27:28	87	1763	404
13:27:28	90	1765	414
13:27:28	91	1764	419
13:27:28	103	1766	238
13:27:28	98	1765	269
13:27:28	91	1765	287
13:27:28	89	1766	307
13:27:28	80	1764	320
13:27:28	80	1766	336
13:27:28	80	1766	347
13:27:28	80	1763	365
13:27:28	80	1764	371
13:27:28	80	1763	386
13:27:28	82	1765	391
13:27:28	84	1763	400
13:27:28	96	1763	227
13:27:28	92	1767	257
13:27:28	84	1765	277
13:27:28	81	1765	302
13:27:28	82	1763	308
13:27:28	79	1762	329
13:27:28	78	1764	342
13:27:28	79	1764	354
13:27:28	79	1763	368
13:27:28	76	1763	381
13:27:28	80	1766	384
13:27:28	80	1763	397
13:27:28	94	1762	222
13:27:28	87	1764	254
13:27:28	81	1763	272
13:27:28	80	1764	295
13:27:28	75	1764	306
13:27:28	77	1763	327
13:27:28	77	1764	337
13:27:28	75	1763	353
13:27:28	75	1762	364
13:27:28	76	1763	375
13:27:28	80	1765	385
13:27:28	80	1763	396
13:27:28	93	1763	208
13:27:28	86	1767	230
13:27:28	80	1764	257
13:27:28	78	1763	279
13:27:28	77	1765	295
13:27:28	75	1766	311
13:27:28	71	1763	331
13:27:28	76	1765	339
13:27:28	74	1765	354
13:27:28	76	1766	358
13:27:28	71	1763	372
13:27:28	76	1765	383
13:27:28	74	1765	388
13:27:28	75	1762	398
13:27:28	79	1763	401
13:27:28	79	1762	413
13:27:28	80	1762	419
13:27:28	80	1763	427
13:27:28	82	1762	427
13:27:28	81	1763	432
13:27:28	84	1762	434
13:27:28	83	1763	437
13:27:28	94	1763	283
13:27:28	89	1764	304
13:27:28	85	1763	331
13:27:28	84	1764	341
13:27:28	80	1764	352
13:27:28	80	1763	363
13:27:28	80	1763	370
13:27:28	80	1765	384
13:27:28	80	1761	392
13:27:28	81	1763	404
13:27:28	82	1763	411
13:27:28	128	1766	97
13:27:28	115	1767	139
13:27:28	110	1767	170
13:27:28	97	1767	197
13:27:28	93	1766	221
13:27:28	90	1765	242
13:27:28	87	1767	259
13:27:28	80	1767	277
13:27:28	80	1765	293
13:27:28	80	1765	307
13:27:28	80	1769	324
13:27:28	80	1766	333
13:27:28	125	1765	96
13:27:28	114	1768	135
13:27:28	102	1766	160
13:27:28	93	1766	191
13:27:28	89	1765	210
13:27:28	92	1764	231
13:27:28	80	1764	256
13:27:28	82	1766	275
13:27:28	80	1763	288
13:27:28	78	1766	304
13:27:28	76	1764	311
13:27:28	77	1763	320
13:27:28	75	1765	335
13:27:28	75	1763	342
13:27:29	77	1762	352
13:27:29	75	1761	368
13:27:29	78	1761	370
13:27:29	79	1763	383
13:27:29	76	1764	383
13:27:29	79	1761	394
13:27:29	80	1763	397
13:27:29	80	1763	400
13:27:29	80	1763	405
13:27:29	310	1767	64
13:27:29	271	1769	116
13:27:29	234	1765	161
13:27:29	209	1763	200
13:27:29	192	1765	238
13:27:29	176	1765	269
13:27:29	162	1767	288
13:27:29	151	1767	314
13:27:29	142	1765	326
13:27:29	134	1764	340
13:27:29	129	1769	357
13:27:29	128	1767	370
13:27:29	122	1763	389
13:27:29	122	1763	401
13:27:29	123	1764	405
13:27:29	128	1765	421
13:27:29	114	1762	422
13:27:29	122	1761	431
13:27:29	119	1764	435
13:27:29	121	1764	442
13:27:29	124	1761	454
13:27:29	129	1763	461
13:27:29	128	1762	461
13:27:29	129	1764	460
13:27:29	128	1762	465
13:27:29	125	1764	464
13:27:29	129	1761	470
13:27:29	129	1761	477
13:27:29	131	1763	480
13:27:29	137	1762	479
13:27:29	138	1763	482
13:27:29	143	1763	476
13:27:29	135	1761	481
13:27:29	138	1761	485
13:27:29	139	1762	491
13:27:29	142	1762	494
13:27:29	143	1762	497
13:27:29	146	1762	495
13:27:29	145	1763	496
13:27:29	144	1761	496
13:27:29	144	1763	496
13:27:29	146	1763	496
13:27:29	147	1761	503
13:27:29	150	1763	498
13:27:29	152	1763	505
13:27:29	150	1765	502
13:27:29	149	1761	502
13:27:29	146	1763	501
13:27:29	145	1765	500
13:27:29	143	1763	501
13:27:29	150	1763	507
13:27:29	150	1761	509
13:27:29	146	1761	509
13:27:29	149	1762	511
13:27:29	148	1762	511
13:27:29	146	1765	507
13:27:29	145	1761	506
13:27:29	150	1763	508
13:27:29	151	1762	511
13:27:29	155	1762	511
13:27:29	153	1761	511
13:27:29	155	1762	511
13:27:29	156	1763	511
13:27:29	155	1763	510
13:27:29	156	1762	509
13:27:29	157	1761	511
13:27:29	157	1760	511
13:27:29	159	1761	511
13:27:29	160	1763	511
13:27:29	162	1761	511
13:27:29	163	1761	511
13:27:29	160	1761	511
13:27:29	162	1763	511
13:27:29	162	1762	511
13:27:29	166	1762	511
13:27:29	170	1762	511
13:27:29	173	1761	525
13:27:29	173	1759	511
13:27:29	176	1762	511
13:27:29	171	1762	509
13:27:29	167	1759	510
13:27:29	173	1763	511
13:27:29	176	1760	511
13:27:29	176	1759	523
13:27:29	177	1762	511
13:27:29	177	1760	511
13:27:29	180	1761	509
13:27:29	177	1764	511
13:27:29	178	1761	511
13:27:29	179	1762	528
13:27:29	181	1760	525
13:27:29	179	1760	525
13:27:29	186	1761	511
13:27:29	187	1760	523
13:27:29	190	1761	511
13:27:29	189	1769	523
13:27:29	192	1762	511
13:27:29	194	1760	527
13:27:29	194	1761	525
13:27:29	195	1761	528
13:27:29	196	1761	526
13:27:29	201	1761	528
13:27:29	197	1761	524
13:27:29	199	1759	526
13:27:29	199	1761	528
13:27:29	201	1761	528
13:27:29	201	1760	528
13:27:29	199	1761	528
13:27:29	199	1762	528
13:27:29	197	1761	528
13:27:29	195	1760	525
13:27:29	198	1760	527
13:27:29	192	1760	528
13:27:29	194	1762	529
13:27:29	197	1762	528
13:27:29	195	1761	531
13:27:29	194	1759	529
13:27:29	195	1757	530
13:27:29	193	1761	528
13:27:29	194	1761	528
13:27:29	197	1760	531
13:27:29	199	1762	529
13:27:29	204	1761	530
13:27:29	207	1760	539
13:27:29	207	1761	533
13:27:29	209	1762	537
13:27:29	210	1760	528
13:27:29	211	1762	529
13:27:29	208	1767	535
13:27:29	210	1762	534
13:27:29	212	1762	533
13:27:29	213	1763	539
13:27:29	214	1758	534
13:27:29	214	1762	535
13:27:29	214	1762	523
13:27:29	218	1762	529
13:27:29	220	1763	528
13:27:29	219	1762	534
13:27:29	219	1761	533
13:27:29	215	1763	537
13:27:29	217	1761	534
13:27:29	214	1760	530
13:27:29	214	1762	529
13:27:29	213	1764	531
13:27:29	212	1761	530
13:27:29	210	1760	528
13:27:29	208	1762	528
13:27:29	209	1764	531
13:27:29	208	1760	535
13:27:29	208	1762	528
13:27:29	208	1762	528
13:27:29	208	1762	531
13:27:29	207	1762	528
13:27:29	204	1763	528
13:27:29	201	1761	528
13:27:29	202	1764	528
13:27:29	196	1761	528
13:27:29	197	1761	528
13:27:29	194	1759	528
13:27:29	194	1763	528
13:27:29	192	1762	528
13:27:29	192	1760	529
13:27:29	189	1762	528
13:27:29	192	1760	527
13:27:29	192	1762	528
13:27:29	193	1761	527
13:27:29	191	1762	531
13:27:29	193	1763	529
13:27:29	190	1763	530
13:27:29	190	1763	534
13:27:29	187	1762	534
13:27:29	189	1764	533
13:27:29	187	1763	534
13:27:29	186	1761	538
13:27:29	185	1762	538
13:27:29	185	1763	542
13:27:29	181	1763	539
13:27:29	179	1765	540
13:27:29	177	1763	542
13:27:29	179	1763	546
13:27:29	181	1762	544
13:27:29	155	1765	46
13:27:29	135	1766	93
13:27:29	123	1763	141
13:27:29	114	1765	175
13:27:29	102	1766	207
13:27:29	98	1757	231
13:27:29	93	1765	256
13:27:29	88	1766	275
13:27:29	83	1764	290
13:27:29	80	1765	306
13:27:29	81	1763	321
13:27:29	81	1763	336
13:27:29	80	1760	350
13:27:29	81	1763	363
13:27:29	81	1765	373
13:27:29	80	1765	384
13:27:29	80	1767	384
13:27:29	80	1764	391
13:27:29	80	1766	400
13:27:29	83	1763	404
13:27:29	83	1762	409
13:27:29	85	1761	425
13:27:29	91	1761	425
13:27:29	90	1765	432
13:27:29	86	1765	431
13:27:29	87	1762	434
13:27:29	91	1762	438
13:27:29	91	1763	439
13:27:29	94	1761	447
13:27:29	94	1765	452
13:27:29	96	1759	451
13:27:29	97	1762	461
13:27:29	97	1761	448
13:27:29	95	1761	455
13:27:29	98	1763	453
13:27:29	91	1762	462
13:27:29	101	1763	464
13:27:29	101	1766	467
13:27:29	102	1763	465
13:27:29	109	1766	467
13:27:29	101	1761	464
13:27:29	112	1765	464
13:27:29	102	1760	465
13:27:29	106	1762	473
13:27:29	106	1761	471
13:27:29	109	1764	474
13:27:29	107	1761	466
13:27:29	110	1763	467
13:27:29	108	1762	471
13:27:29	107	1763	476
13:27:29	110	1763	481
13:27:29	109	1761	478
13:27:29	112	1760	479
13:27:29	112	1762	478
13:27:29	112	1762	481
13:27:29	112	1761	474
13:27:29	111	1762	477
13:27:29	110	1762	481
13:27:29	111	1761	483
13:27:29	112	1760	486
13:27:29	112	1761	483
13:27:29	112	1761	483
13:27:29	112	1762	486
13:27:29	112	1765	480
13:27:29	110	1762	480
13:27:29	111	1763	483
13:27:29	112	1761	488
13:27:29	112	1762	490
13:27:29	112	1762	489
13:27:29	112	1761	486
13:27:29	112	1760	490
13:27:29	111	1761	483
13:27:29	112	1760	483
13:27:29	112	1761	486
13:27:29	112	1762	485
13:27:29	114	1760	493
13:27:29	113	1761	492
13:27:29	114	1761	496
13:27:29	115	1762	494
13:27:29	112	1763	486
13:27:29	112	1761	490
13:27:29	112	1762	490
13:27:29	103	1762	495
13:27:29	112	1761	495
13:27:29	115	1758	494
13:27:29	114	1762	495
13:27:29	113	1762	496
13:27:29	112	1762	489
13:27:29	113	1763	491
13:27:29	112	1761	494
13:27:29	114	1761	496
13:27:29	115	1762	494
13:27:29	115	1759	496
13:27:29	116	1761	494
13:27:29	115	1763	496
13:27:29	115	1766	486
13:27:29	112	1761	490
13:27:29	115	1760	490
13:27:29	118	1767	496
13:27:29	115	1761	495
13:27:29	115	1762	499
13:27:29	115	1751	496
13:27:29	115	1761	499
13:27:29	115	1761	494
13:27:29	115	1760	490
13:27:29	118	1761	496
13:27:29	125	1762	496
13:27:29	115	1761	496
13:27:29	116	1763	500
13:27:29	117	1767	496
13:27:29	122	1761	498
13:27:29	116	1763	494
13:27:29	119	1761	494
13:27:29	117	1760	494
13:27:29	115	1750	491
13:27:29	122	1761	496
13:27:29	118	1759	499
13:27:29	119	1762	496
13:27:29	118	1747	487
13:27:29	112	1761	495
13:27:29	114	1760	493
13:27:29	119	1759	497
13:27:29	118	1761	496
13:27:29	116	1760	501
13:27:29	117	1761	496
13:27:29	118	1761	496
13:27:29	114	1762	493
13:27:29	117	1761	495
13:27:29	116	1762	494
13:27:29	115	1761	499
13:27:29	117	1761	496
13:27:29	115	1760	496
13:27:29	117	1760	496
13:27:29	114	1761	498
13:27:29	117	1761	492
13:27:29	115	1761	496
13:27:29	118	1760	496
13:27:29	116	1765	497
13:27:29	114	1762	498
13:27:29	118	1760	498
13:27:29	116	1761	497
13:27:29	117	1759	499
13:27:29	113	1761	496
13:27:29	112	1760	496
13:27:29	114	1760	496
13:27:29	114	1760	501
13:27:29	117	1760	498
13:27:29	117	1759	501
13:27:29	115	1759	506
13:27:29	117	1762	499
13:27:30	113	1760	495
13:27:30	113	1761	496
13:27:30	112	1762	496
13:27:30	114	1762	500
13:27:30	108	1761	499
13:27:30	117	1760	497
13:27:30	116	1760	500
13:27:30	125	1760	504
13:27:30	114	1762	496
13:27:30	115	1763	496
13:27:30	114	1760	502
13:27:30	117	1759	498
13:27:30	116	1760	499
13:27:30	116	1758	506
13:27:30	116	1759	505
13:27:30	117	1759	501
13:27:30	116	1761	496
13:27:30	116	1761	498
13:27:30	114	1760	496
13:27:30	116	1762	497
13:27:30	119	1762	499
13:27:30	117	1761	500
13:27:30	116	1760	502
13:27:30	117	1760	503
13:27:30	113	1761	496
13:27:30	114	1760	496
13:27:30	114	1761	497
13:27:30	118	1761	499
13:27:30	117	1759	501
13:27:30	117	1762	503
13:27:30	121	1761	502
13:27:30	119	1762	505
13:27:30	117	1763	496
13:27:30	116	1761	497
13:27:30	114	1761	496
13:27:30	115	1763	496
13:27:30	114	1761	497
13:27:30	119	1759	497
13:27:30	116	1760	497
13:27:30	125	1760	499
13:27:30	118	1761	497
13:27:30	118	1761	498
13:27:30	118	1759	500
13:27:30	114	1760	498
13:27:30	116	1761	498
13:27:30	119	1762	497
13:27:30	117	1765	500
13:27:30	118	1761	501
13:27:30	116	1761	501
13:27:30	118	1761	497
13:27:30	115	1764	498
13:27:30	121	1763	502
13:27:30	117	1761	498
13:27:30	118	1762	500
13:27:30	115	1763	499
13:27:30	115	1763	498
13:27:30	118	1761	499
13:27:30	117	1766	501
13:27:30	118	1762	500
13:27:30	117	1763	501
13:27:30	116	1762	501
13:27:30	118	1762	500
13:27:30	117	1766	499
13:27:30	119	1762	502
13:27:30	118	1762	496
13:27:30	118	1761	500
13:27:30	118	1763	499
13:27:30	117	1763	503
13:27:30	119	1763	506
13:27:30	119	1765	502
13:27:30	124	1764	502
13:27:30	121	1762	503
13:27:30	119	1763	508
13:27:30	114	1763	503
13:27:30	118	1763	503
13:27:30	118	1761	503
13:27:30	119	1763	509
13:27:30	120	1763	504
13:27:30	119	1765	505
13:27:30	118	1762	505
13:27:30	122	1764	509
13:27:30	122	1763	506
13:27:30	120	1762	503
13:27:30	118	1762	506
13:27:30	123	1762	507
13:27:30	124	1765	503
13:27:30	119	1763	505
13:27:30	119	1762	503
13:27:30	123	1766	503
13:27:30	119	1763	505
13:27:30	127	1765	505
13:27:30	119	1765	505
13:27:30	122	1762	504
13:27:30	119	1762	503
13:27:30	122	1762	502
13:27:30	121	1762	503
13:27:30	122	1762	507
13:27:30	121	1763	504
13:27:30	121	1762	509
13:27:30	119	1763	507
13:27:30	121	1764	507
13:27:30	124	1764	509
13:27:30	123	1764	511
13:27:30	123	1763	511
13:27:30	122	1765	511
13:27:30	122	1763	511
13:27:30	124	1762	511
13:27:30	123	1763	511
13:27:30	126	1764	511
13:27:30	127	1765	511
13:27:30	127	1761	506
13:27:30	124	1765	511
13:27:30	125	1763	511
13:27:30	122	1767	527
13:27:30	128	1762	527
13:27:30	126	1762	524
13:27:30	144	1766	48
13:27:30	126	1766	102
13:27:30	112	1766	142
13:27:30	103	1769	174
13:27:30	96	1757	208
13:27:30	89	1757	230
13:27:30	85	1769	256
13:27:30	80	1766	271
13:27:30	80	1767	297
13:27:30	80	1766	307
13:27:30	79	1765	326
13:27:30	78	1766	330
13:27:30	79	1774	354
13:27:30	78	1767	359
13:27:30	78	1765	368
13:27:30	80	1765	377
13:27:30	80	1766	385
13:27:30	76	1765	392
13:27:30	81	1770	402
13:27:30	80	1765	400
13:27:30	83	1765	414
13:27:30	83	1763	414
13:27:30	86	1765	426
13:27:30	80	1766	421
13:27:30	85	1767	432
13:27:30	91	1763	434
13:27:30	87	1764	437
13:27:30	91	1763	441
13:27:30	93	1766	443
13:27:30	93	1765	447
13:27:30	95	1763	442
13:27:30	81	1765	448
13:27:30	100	1765	454
13:27:30	95	1766	459
13:27:30	96	1766	458
13:27:30	96	1766	459
13:27:30	99	1767	462
13:27:30	97	1764	464
13:27:30	101	1763	458
13:27:30	98	1762	464
13:27:30	99	1764	463
13:27:30	99	1763	466
13:27:30	98	1763	464
13:27:30	103	1763	467
13:27:30	103	1763	467
13:27:30	103	1763	473
13:27:30	98	1764	464
13:27:30	102	1765	466
13:27:30	102	1760	470
13:27:30	105	1762	472
13:27:30	105	1767	471
13:27:30	107	1761	479
13:27:30	106	1761	480
13:27:30	106	1762	481
13:27:30	109	1762	475
13:27:30	106	1762	480
13:27:30	106	1762	480
13:27:30	107	1761	482
13:27:30	110	1762	485
13:27:30	109	1764	490
13:27:30	112	1763	487
13:27:30	111	1762	489
13:27:30	112	1762	481
13:27:30	109	1762	486
13:27:30	111	1763	487
13:27:30	112	1760	487
13:27:30	114	1766	95
13:27:30	104	1763	140
13:27:30	93	1767	176
13:27:30	83	1764	208
13:27:30	81	1765	233
13:27:30	77	1763	256
13:27:30	74	1762	278
13:27:30	71	1763	304
13:27:30	67	1763	315
13:27:30	68	1762	336
13:27:30	68	1762	343
13:27:30	69	1766	357
13:27:30	65	1763	366
13:27:30	67	1762	375
13:27:30	68	1763	387
13:27:30	73	1765	396
13:27:30	74	1765	401
13:27:30	78	1763	411
13:27:30	79	1762	417
13:27:30	79	1763	428
13:27:30	77	1763	426
13:27:30	80	1762	432
13:27:30	81	1763	435
13:27:30	80	1761	443
13:27:30	82	1762	447
13:27:30	84	1762	454
13:27:30	89	1762	451
13:27:30	89	1765	459
13:27:30	94	1764	454
13:27:30	91	1762	463
13:27:30	96	1765	230
13:27:30	86	1765	259
13:27:30	82	1763	289
13:27:30	81	1765	310
13:27:30	77	1765	324
13:27:30	78	1764	342
13:27:30	74	1764	354
13:27:30	78	1763	382
13:27:30	77	1763	383
13:27:30	77	1765	396
13:27:30	80	1762	401
13:27:30	83	1766	212
13:27:30	80	1765	247
13:27:30	75	1766	272
13:27:30	71	1763	298
13:27:30	65	1765	310
13:27:30	66	1765	334
13:27:30	65	1765	346
13:27:30	67	1763	363
13:27:30	67	1765	372
13:27:30	67	1765	387
13:27:30	73	1767	396
13:27:30	73	1765	408
13:27:30	80	1765	189
13:27:30	77	1765	225
13:27:30	68	1765	254
13:27:30	69	1765	280
13:27:30	65	1765	297
13:27:30	64	1766	318
13:27:30	62	1765	336
13:27:30	64	1764	351
13:27:30	64	1763	366
13:27:30	65	1766	378
13:27:30	69	1765	387
13:27:30	68	1765	399
13:27:30	80	1767	118
13:27:30	74	1767	165
13:27:30	66	1766	197
13:27:30	64	1769	230
13:27:30	61	1765	253
13:27:30	62	1765	277
13:27:30	64	1764	300
13:27:30	61	1767	318
13:27:30	60	1767	335
13:27:30	62	1769	349
13:27:30	65	1767	361
13:27:30	64	1766	375
13:27:30	115	1769	57
13:27:30	100	1776	105
13:27:30	92	1769	138
13:27:30	80	1766	173
13:27:30	73	1765	202
13:27:30	69	1769	230
13:27:30	66	1763	251
13:27:30	64	1763	278
13:27:30	66	1755	293
13:27:30	67	1766	310
13:27:30	64	1765	319
13:27:30	66	1765	334
13:27:30	63	1765	346
13:27:30	64	1764	354
13:27:30	64	1763	368
13:27:30	71	1763	383
13:27:30	70	1763	386
13:27:30	71	1763	394
13:27:30	73	1762	394
13:27:30	70	1762	402
13:27:30	69	1763	410
13:27:30	71	1763	416
13:27:30	75	1762	423
13:27:30	77	1765	431
13:27:30	80	1765	432
13:27:30	80	1762	434
13:27:30	73	1762	432
13:27:30	80	1763	436
13:27:30	80	1760	443
13:27:30	81	1763	448
13:27:30	84	1761	451
13:27:30	85	1762	450
13:27:30	91	1762	452
13:27:30	85	1762	455
13:27:30	90	1763	452
13:27:30	87	1761	454
13:27:30	85	1762	459
13:27:30	96	1760	464
13:27:30	91	1761	464
13:27:30	88	1762	464
13:27:30	95	1762	464
13:27:30	96	1763	466
13:27:30	93	1761	464
13:27:30	94	1761	464
13:27:30	93	1762	464
13:27:30	96	1759	465
13:27:30	96	1759	470
13:27:30	98	1760	475
13:27:30	100	1759	473
13:27:30	101	1763	479
13:27:30	95	1762	471
13:27:30	99	1760	478
13:27:30	101	1761	478
13:27:30	100	1761	481
13:27:30	102	1762	487
13:27:30	102	1762	486
13:27:30	107	1761	484
13:27:30	103	1762	482
13:27:30	106	1762	479
13:27:30	106	1763	483
13:27:30	105	1761	486
13:27:30	105	1762	483
13:27:30	105	1762	429
13:27:30	103	1763	438
13:27:30	100	1762	439
13:27:30	97	1762	446
13:27:30	100	1758	448
13:27:30	101	1760	457
13:27:30	98	1762	459
13:27:30	103	1761	464
13:27:30	103	1761	464
13:27:30	103	1761	467
13:27:30	100	1761	464
13:27:30	99	1762	464
13:27:30	98	1761	467
13:27:30	99	1762	470
13:27:30	99	1764	475
13:27:30	105	1761	473
13:27:30	101	1759	477
13:27:30	107	1761	470
13:27:30	103	1762	477
13:27:30	104	1762	479
13:27:30	102	1761	482
13:27:30	107	1762	484
13:27:30	106	1762	485
13:27:30	109	1762	492
13:27:30	108	1761	489
13:27:30	107	1762	496
13:27:30	107	1763	487
13:27:30	110	1760	489
13:27:30	107	1762	495
13:27:30	110	1761	495
13:27:30	110	1764	496
13:27:30	111	1762	498
13:27:30	111	1761	496
13:27:30	175	1769	47
13:27:30	156	1769	89
13:27:30	141	1768	129
13:27:30	130	1767	161
13:27:30	123	1765	194
13:27:30	118	1766	223
13:27:30	112	1766	242
13:27:30	111	1766	270
13:27:30	106	1766	273
13:27:30	102	1766	292
13:27:30	98	1767	303
13:27:30	97	1765	319
13:27:31	97	1763	323
13:27:31	96	1766	345
13:27:31	94	1760	355
13:27:31	98	1763	367
13:27:31	94	1765	367
13:27:31	96	1765	372
13:27:31	95	1764	378
13:27:31	100	1763	385
13:27:31	95	1765	395
13:27:31	96	1765	403
13:27:31	97	1755	402
13:27:31	99	1764	413
13:27:31	95	1762	410
13:27:31	98	1765	415
13:27:31	97	1764	420
13:27:31	95	1761	424
13:27:31	97	1762	431
13:27:31	102	1762	432
13:27:31	106	1762	433
13:27:31	103	1763	432
13:27:31	101	1754	433
13:27:31	102	1761	447
13:27:31	99	1761	444
13:27:31	106	1763	445
13:27:31	103	1760	448
13:27:31	105	1762	449
13:27:31	103	1760	449
13:27:31	105	1762	447
13:27:31	106	1764	442
13:27:31	106	1762	451
13:27:31	107	1760	458
13:27:31	109	1763	459
13:27:31	107	1763	460
13:27:31	110	1762	461
13:27:31	109	1762	463
13:27:31	109	1762	459
13:27:31	110	1762	460
13:27:31	109	1762	463
13:27:31	110	1761	464
13:27:31	110	1761	466
13:27:31	112	1761	464
13:27:31	111	1762	464
13:27:31	112	1762	467
13:27:31	109	1764	464
13:27:31	109	1762	465
13:27:31	111	1762	464
13:27:31	112	1761	471
13:27:31	112	1762	469
13:27:31	112	1757	470
13:27:31	113	1765	474
13:27:31	112	1762	474
13:27:31	112	1764	472
13:27:31	112	1762	471
13:27:31	112	1763	473
13:27:31	113	1765	475
13:27:31	112	1763	475
13:27:31	112	1762	478
13:27:31	112	1765	477
13:27:31	112	1763	480
13:27:31	111	1763	473
13:27:31	112	1762	473
13:27:31	112	1762	478
13:27:31	112	1761	478
13:27:31	113	1763	478
13:27:31	112	1762	483
13:27:31	117	1764	481
13:27:31	114	1763	485
13:27:31	112	1761	475
13:27:31	113	1762	477
13:27:31	115	1762	479
13:27:31	113	1762	481
13:27:31	114	1760	485
13:27:31	117	1761	485
13:27:31	115	1762	482
13:27:31	119	1766	486
13:27:31	112	1760	483
13:27:31	114	1762	479
13:27:31	115	1761	479
13:27:31	117	1760	486
13:27:31	114	1761	488
13:27:31	120	1763	489
13:27:31	115	1762	486
13:27:31	119	1761	489
13:27:31	115	1761	483
13:27:31	116	1762	481
13:27:31	117	1761	486
13:27:31	117	1758	487
13:27:31	116	1762	487
13:27:31	115	1763	485
13:27:31	119	1762	487
13:27:31	119	1762	481
13:27:31	116	1762	485
13:27:31	117	1765	490
13:27:31	121	1760	489
13:27:31	117	1762	487
13:27:31	119	1762	489
13:27:31	117	1762	489
13:27:31	116	1763	489
13:27:31	120	1761	483
13:27:31	117	1760	485
13:27:31	115	1762	488
13:27:31	119	1761	491
13:27:31	117	1761	496
13:27:31	118	1759	490
13:27:31	116	1762	487
13:27:31	117	1761	490
13:27:31	116	1761	484
13:27:31	115	1761	489
13:27:31	118	1759	486
13:27:31	116	1761	494
13:27:31	118	1762	491
13:27:31	117	1762	490
13:27:31	116	1763	490
13:27:31	117	1750	490
13:27:31	118	1761	494
13:27:31	119	1762	492
13:27:31	117	1765	493
13:27:31	117	1763	496
13:27:31	118	1762	492
13:27:31	118	1762	493
13:27:31	117	1764	493
13:27:31	119	1762	493
13:27:31	113	1761	493
13:27:31	119	1762	496
13:27:31	119	1763	492
13:27:31	119	1762	493
13:27:31	119	1762	493
13:27:31	117	1763	496
13:27:31	119	1763	492
13:27:31	119	1763	493
13:27:31	117	1762	494
13:27:31	119	1765	496
13:27:31	121	1762	494
13:27:31	121	1765	494
13:27:31	121	1763	495
13:27:31	122	1764	496
13:27:31	123	1765	496
13:27:31	120	1763	495
13:27:31	119	1750	495
13:27:31	123	1764	497
13:27:31	122	1762	494
13:27:31	119	1763	495
13:27:31	119	1761	496
13:27:31	124	1765	496
13:27:31	121	1761	495
13:27:31	122	1763	496
13:27:31	119	1764	495
13:27:31	123	1766	495
13:27:31	123	1764	496
13:27:31	122	1763	495
13:27:31	119	1763	496
13:27:31	125	1762	496
13:27:31	122	1762	496
13:27:31	123	1763	496
13:27:31	123	1763	498
13:27:31	123	1761	498
13:27:31	123	1763	499
13:27:31	123	1763	502
13:27:31	122	1765	505
13:27:31	126	1766	502
13:27:31	124	1763	503
13:27:31	125	1762	503
13:27:31	125	1764	503
13:27:31	128	1765	507
13:27:31	124	1763	507
13:27:31	126	1765	505
13:27:31	125	1766	507
13:27:31	124	1767	511
13:27:31	123	1766	506
13:27:31	239	1765	53
13:27:31	214	1767	94
13:27:31	198	1767	129
13:27:31	188	1770	162
13:27:31	176	1766	189
13:27:31	170	1769	211
13:27:31	159	1767	235
13:27:31	154	1766	253
13:27:31	149	1756	271
13:27:31	143	1767	285
13:27:31	142	1765	297
13:27:31	135	1767	305
13:27:31	133	1766	321
13:27:31	131	1765	323
13:27:31	119	1767	339
13:27:31	128	1765	352
13:27:31	127	1765	363
13:27:31	127	1765	370
13:27:31	124	1765	368
13:27:31	126	1764	378
13:27:31	123	1764	384
13:27:31	123	1762	387
13:27:31	126	1768	393
13:27:31	125	1763	402
13:27:31	126	1769	402
13:27:31	122	1766	411
13:27:31	122	1763	406
13:27:31	121	1765	413
13:27:31	122	1763	418
13:27:31	126	1762	418
13:27:31	123	1762	423
13:27:31	125	1764	433
13:27:31	125	1762	432
13:27:31	128	1764	436
13:27:31	124	1767	432
13:27:31	123	1763	433
13:27:31	129	1762	443
13:27:31	125	1762	445
13:27:31	127	1765	453
13:27:31	128	1766	450
13:27:31	123	1763	448
13:27:31	127	1766	453
13:27:31	123	1763	447
13:27:31	123	1764	449
13:27:31	124	1762	449
13:27:31	118	1766	451
13:27:31	126	1762	456
13:27:31	128	1760	454
13:27:31	126	1762	461
13:27:31	127	1763	451
13:27:31	125	1762	455
13:27:31	127	1763	458
13:27:31	125	1762	457
13:27:31	128	1762	462
13:27:31	128	1764	461
13:27:31	128	1763	462
13:27:31	126	1768	464
13:27:31	128	1762	461
13:27:31	126	1762	462
13:27:31	125	1762	461
13:27:31	125	1763	466
13:27:31	128	1762	464
13:27:31	126	1767	466
13:27:31	126	1762	465
13:27:31	128	1762	467
13:27:31	126	1761	464
13:27:31	125	1763	465
13:27:31	125	1761	463
13:27:31	128	1766	474
13:27:31	125	1763	469
13:27:31	123	1762	464
13:27:31	126	1762	471
13:27:31	128	1762	468
13:27:31	124	1761	468
13:27:31	122	1763	471
13:27:31	124	1762	485
13:27:31	127	1762	474
13:27:31	128	1761	471
13:27:31	128	1763	478
13:27:31	125	1762	474
13:27:31	127	1769	469
13:27:31	123	1763	470
13:27:31	125	1762	471
13:27:31	123	1761	471
13:27:31	126	1763	477
13:27:31	125	1762	477
13:27:31	126	1764	481
13:27:31	125	1761	480
13:27:31	127	1762	480
13:27:31	123	1763	477
13:27:31	127	1760	477
13:27:31	127	1762	478
13:27:31	125	1762	482
13:27:31	126	1762	481
13:27:31	126	1763	485
13:27:31	127	1763	482
13:27:31	128	1763	486
13:27:31	125	1761	479
13:27:31	125	1761	478
13:27:31	125	1762	480
13:27:31	128	1760	481
13:27:31	128	1761	485
13:27:31	129	1762	490
13:27:31	127	1763	484
13:27:31	128	1762	479
13:27:31	126	1762	483
13:27:31	123	1770	480
13:27:31	126	1761	486
13:27:31	126	1761	486
13:27:31	128	1763	485
13:27:31	127	1762	486
13:27:31	127	1762	485
13:27:31	129	1762	479
13:27:31	127	1762	483
13:27:31	125	1761	482
13:27:31	127	1762	486
13:27:31	128	1760	488
13:27:31	128	1762	487
13:27:31	128	1760	487
13:27:31	128	1761	488
13:27:31	133	1760	482
13:27:32	128	1762	485
13:27:32	123	1761	486
13:27:32	128	1760	491
13:27:32	129	1761	491
13:27:32	126	1761	490
13:27:32	130	1763	490
13:27:32	128	1762	487
13:27:32	127	1762	486
13:27:32	127	1761	487
13:27:32	126	1762	486
13:27:32	125	1762	486
13:27:32	127	1761	485
13:27:32	127	1763	493
13:27:32	128	1761	491
13:27:32	128	1761	491
13:27:32	123	1762	483
13:27:32	127	1760	485
13:27:32	126	1763	487
13:27:32	126	1759	491
13:27:32	126	1756	490
13:27:32	128	1763	487
13:27:32	128	1761	487
13:27:32	128	1757	492
13:27:32	124	1762	483
13:27:32	123	1759	485
13:27:32	123	1759	486
13:27:32	125	1759	491
13:27:32	128	1759	488
13:27:32	126	1759	495
13:27:32	127	1760	491
13:27:32	133	1760	495
13:27:32	122	1761	492
13:27:32	125	1757	481
13:27:32	128	1759	493
13:27:32	128	1759	491
13:27:32	125	1761	491
13:27:32	125	1764	496
13:27:32	126	1762	493
13:27:32	122	1767	495
13:27:32	126	1762	490
13:27:32	127	1760	491
13:27:32	126	1759	492
13:27:32	128	1763	495
13:27:32	128	1761	493
13:27:32	127	1761	496
13:27:32	128	1761	493
13:27:32	132	1760	497
13:27:32	127	1760	493
13:27:32	125	1760	490
13:27:32	129	1761	490
13:27:32	128	1760	495
13:27:32	126	1751	496
13:27:32	129	1763	496
13:27:32	126	1761	489
13:27:32	128	1764	496
13:27:32	126	1757	494
13:27:32	127	1760	490
13:27:32	126	1761	487
13:27:32	128	1761	496
13:27:32	128	1759	495
13:27:32	127	1763	495
13:27:32	128	1761	496
13:27:32	129	1763	491
13:27:32	123	1761	494
13:27:32	125	1761	493
13:27:32	126	1763	496
13:27:32	126	1760	495
13:27:32	128	1761	495
13:27:32	128	1761	496
13:27:32	128	1761	496
13:27:32	128	1761	491
13:27:32	124	1760	492
13:27:32	125	1762	496
13:27:32	128	1761	496
13:27:32	128	1760	496
13:27:32	126	1751	496
13:27:32	126	1761	496
13:27:32	127	1760	496
13:27:32	126	1762	492
13:27:32	124	1761	494
13:27:32	128	1760	494
13:27:32	117	1759	500
13:27:32	128	1760	498
13:27:32	126	1761	496
13:27:32	127	1760	496
13:27:32	130	1751	496
13:27:32	128	1763	496
13:27:32	113	1762	495
13:27:32	126	1764	496
13:27:32	128	1762	495
13:27:32	126	1761	496
13:27:32	128	1763	496
13:27:32	128	1761	496
13:27:32	128	1761	498
13:27:32	123	1761	494
13:27:32	125	1771	494
13:27:32	126	1761	493
13:27:32	128	1761	507
13:27:32	135	1766	496
13:27:32	126	1761	498
13:27:32	134	1761	496
13:27:32	127	1761	499
13:27:32	125	1762	494
13:27:32	126	1761	496
13:27:32	125	1759	495
13:27:32	127	1761	496
13:27:32	128	1761	497
13:27:32	127	1763	498
13:27:32	128	1765	496
13:27:32	128	1757	501
13:27:32	127	1765	496
13:27:32	128	1763	497
13:27:32	126	1761	496
13:27:32	128	1763	497
13:27:32	128	1764	496
13:27:32	128	1763	503
13:27:32	125	1763	496
13:27:32	128	1761	498
13:27:32	128	1763	498
13:27:32	128	1763	496
13:27:32	125	1761	496
13:27:32	127	1763	496
13:27:32	126	1765	497
13:27:32	129	1763	498
13:27:32	129	1763	497
13:27:32	128	1762	497
13:27:32	128	1763	496
13:27:32	127	1763	496
13:27:32	127	1762	497
13:27:32	128	1762	497
13:27:32	128	1763	496
13:27:32	127	1762	496
13:27:32	128	1763	496
13:27:32	126	1764	496
13:27:32	128	1763	496
13:27:32	127	1761	497
13:27:32	128	1763	496
13:27:32	126	1763	497
13:27:32	128	1763	497
13:27:32	129	1765	498
13:27:32	128	1763	497
13:27:32	128	1765	496
13:27:32	128	1764	498
13:27:32	128	1763	498
13:27:32	128	1765	498
13:27:32	128	1762	498
13:27:32	128	1765	501
13:27:32	128	1763	497
13:27:32	127	1766	497
13:27:32	128	1762	498
13:27:32	128	1764	503
13:27:32	126	1765	496
13:27:32	133	1763	499
13:27:32	129	1751	501
13:27:32	128	1764	507
13:27:32	127	1765	503
13:27:32	128	1763	505
13:27:32	128	1765	506
13:27:32	128	1764	507
13:27:32	126	1764	506
13:27:32	128	1763	509
13:27:32	128	1765	510
13:27:32	128	1764	506
13:27:32	128	1763	509
13:27:32	128	1763	511
13:27:32	128	1766	511
13:27:32	128	1765	510
13:27:32	129	1766	510
13:27:32	129	1763	511
13:27:32	173	1765	60
13:27:32	156	1764	102
13:27:32	143	1765	143
13:27:32	137	1765	174
13:27:32	130	1755	199
13:27:32	123	1766	221
13:27:32	118	1767	240
13:27:32	117	1765	256
13:27:32	112	1765	273
13:27:32	108	1766	289
13:27:32	108	1764	306
13:27:32	107	1763	318
13:27:32	105	1765	327
13:27:32	112	1765	337
13:27:32	106	1765	346
13:27:32	105	1766	352
13:27:32	101	1762	363
13:27:32	106	1764	374
13:27:32	105	1762	383
13:27:32	103	1764	389
13:27:32	105	1763	394
13:27:32	107	1765	399
13:27:32	105	1765	400
13:27:32	108	1765	400
13:27:32	104	1763	411
13:27:32	105	1765	422
13:27:32	106	1765	423
13:27:32	107	1762	429
13:27:32	106	1762	429
13:27:32	109	1767	435
13:27:32	109	1763	434
13:27:32	112	1767	443
13:27:32	108	1763	439
13:27:32	179	1766	58
13:27:32	162	1766	100
13:27:32	157	1767	142
13:27:32	139	1766	162
13:27:32	131	1768	192
13:27:32	125	1763	212
13:27:32	118	1767	240
13:27:32	117	1764	256
13:27:32	113	1764	272
13:27:32	112	1766	285
13:27:33	111	1766	302
13:27:33	105	1765	309
13:27:33	107	1765	320
13:27:33	106	1763	334
13:27:33	106	1763	338
13:27:33	103	1763	348
13:27:33	103	1763	359
13:27:33	101	1764	366
13:27:33	102	1765	377
13:27:33	99	1762	371
13:27:33	102	1763	384
13:27:33	103	1763	387
13:27:33	101	1763	393
13:27:33	101	1764	400
13:27:33	103	1764	410
13:27:33	102	1762	406
13:27:33	107	1765	415
13:27:33	103	1761	411
13:27:33	101	1762	415
13:27:33	100	1763	424
13:27:33	107	1763	429
13:27:33	106	1762	430
13:27:33	108	1763	435
13:27:33	108	1762	434
13:27:33	109	1762	442
13:27:33	107	1762	438
13:27:33	109	1761	443
13:27:33	107	1762	453
13:27:33	111	1763	449
13:27:33	109	1759	448
13:27:33	110	1762	451
13:27:33	111	1761	459
13:27:33	102	1765	452
13:27:33	110	1763	448
13:27:33	112	1763	453
13:27:33	113	1765	386
13:27:33	112	1763	397
13:27:33	112	1762	399
13:27:33	109	1762	406
13:27:33	111	1762	416
13:27:33	110	1763	420
13:27:33	110	1762	427
13:27:33	109	1762	432
13:27:33	110	1762	432
13:27:33	110	1764	437
13:27:33	107	1761	434
13:27:33	106	1758	442
13:27:33	107	1762	444
13:27:33	110	1761	450
13:27:33	112	1762	449
13:27:33	110	1762	456
13:27:33	112	1762	455
13:27:33	112	1763	463
13:27:33	112	1762	455
13:27:33	112	1762	462
13:27:33	112	1763	462
13:27:33	112	1763	464
13:27:33	112	1761	465
13:27:33	112	1763	469
13:27:33	112	1765	467
13:27:33	113	1761	471
13:27:33	113	1765	467
13:27:33	112	1763	471
13:27:33	114	1764	470
13:27:33	0	1767	37
13:27:33	0	1765	108
13:27:33	0	1773	162
13:27:33	0	1765	209
13:27:33	0	1765	253
13:27:33	0	1767	290
13:27:33	0	1765	317
13:27:33	0	1767	340
13:27:33	0	1766	353
13:27:33	0	1764	370
13:27:33	0	1760	385
13:27:33	0	1763	400
13:27:33	2	1763	417
13:27:33	15	1765	425
13:27:33	16	1766	434
13:27:33	26	1765	435
13:27:33	26	1763	447
13:27:33	29	1763	450
13:27:33	35	1762	454
13:27:33	42	1765	462
13:27:33	43	1762	469
13:27:33	51	1761	473
13:27:33	53	1761	477
13:27:33	58	1761	469
13:27:33	64	1763	475
13:27:33	62	1759	479
13:27:33	64	1760	483
13:27:33	64	1761	482
13:27:33	66	1760	490
13:27:33	70	1762	490
13:27:33	67	1761	494
13:27:33	65	1760	490
13:27:33	65	1761	490
13:27:33	66	1760	489
13:27:33	70	1761	496
13:27:33	71	1762	501
13:27:33	73	1761	496
13:27:33	75	1761	496
13:27:33	71	1760	499
13:27:33	71	1762	495
13:27:33	65	1761	496
13:27:33	71	1763	492
13:27:33	80	1760	498
13:27:33	76	1763	497
13:27:33	76	1760	496
13:27:33	76	1762	505
13:27:33	78	1760	499
13:27:33	72	1759	493
13:27:33	74	1763	496
13:27:33	79	1759	499
13:27:33	80	1759	502
13:27:33	78	1761	497
13:27:33	77	1751	499
13:27:33	78	1761	500
13:27:33	79	1761	506
13:27:33	79	1759	497
13:27:33	77	1762	496
13:27:33	77	1761	495
13:27:33	80	1760	505
13:27:33	79	1761	499
13:27:33	81	1760	510
13:27:33	80	1751	505
13:27:33	80	1761	507
13:27:33	78	1761	496
13:27:33	80	1760	497
13:27:33	78	1758	496
13:27:33	74	1761	505
13:27:33	80	1760	499
13:27:33	80	1761	507
13:27:33	80	1762	500
13:27:33	80	1761	507
13:27:33	78	1760	498
13:27:33	78	1759	496
13:27:33	77	1758	494
13:27:33	81	1761	505
13:27:33	80	1759	501
13:27:33	80	1761	506
13:27:33	80	1761	502
13:27:33	82	1760	505
13:27:33	80	1758	496
13:27:33	80	1758	496
13:27:33	80	1763	505
13:27:33	82	1758	505
13:27:33	81	1759	506
13:27:33	85	1761	510
13:27:33	84	1760	496
13:27:33	85	1761	510
13:27:33	80	1761	496
13:27:33	80	1757	495
13:27:33	84	1759	505
13:27:33	81	1758	506
13:27:33	86	1759	505
13:27:33	86	1760	511
13:27:33	84	1757	503
13:27:33	87	1759	495
13:27:33	81	1758	497
13:27:33	82	1757	496
13:27:33	80	1767	507
13:27:33	86	1759	503
13:27:33	81	1758	502
13:27:33	87	1761	505
13:27:33	86	1761	502
13:27:33	87	1766	497
13:27:33	81	1761	496
13:27:33	79	1759	498
13:27:33	80	1758	494
13:27:33	92	1758	503
13:27:33	80	1758	504
13:27:33	83	1759	502
13:27:33	80	1760	503
13:27:33	80	1759	496
13:27:33	80	1759	496
13:27:33	80	1758	496
13:27:33	78	1759	505
13:27:33	80	1758	503
13:27:33	81	1759	503
13:27:33	81	1758	502
13:27:33	81	1753	502
13:27:33	80	1758	497
13:27:33	78	1761	493
13:27:33	77	1758	494
13:27:33	81	1757	499
13:27:33	81	1758	503
13:27:33	80	1757	502
13:27:33	80	1758	503
13:27:33	81	1758	502
13:27:33	82	1759	502
13:27:33	80	1759	502
13:27:33	82	1761	500
13:27:33	82	1759	506
13:27:33	84	1758	505
13:27:33	83	1758	502
13:27:33	82	1760	502
13:27:33	83	1760	502
13:27:33	80	1758	498
13:27:33	80	1758	495
13:27:33	87	1763	510
13:27:33	86	1758	506
13:27:33	86	1760	505
13:27:33	82	1759	503
13:27:33	85	1761	503
13:27:33	86	1759	511
13:27:33	80	1760	503
13:27:33	80	1759	496
13:27:33	79	1758	495
13:27:33	84	1757	506
13:27:33	83	1760	503
13:27:33	85	1759	511
13:27:33	85	1758	507
13:27:33	84	1760	510
13:27:33	82	1763	496
13:27:33	81	1755	496
13:27:33	77	1757	496
13:27:33	80	1757	496
13:27:33	87	1758	506
13:27:33	84	1759	510
13:27:33	86	1758	505
13:27:33	86	1761	508
13:27:33	81	1758	495
13:27:33	82	1758	496
13:27:33	80	1757	502
13:27:33	86	1760	503
13:27:33	83	1757	508
13:27:33	83	1758	509
13:27:33	87	1757	503
13:27:33	93	1746	507
13:27:33	82	1758	496
13:27:33	80	1757	493
13:27:33	80	1759	501
13:27:33	83	1758	503
13:27:33	87	1756	503
13:27:33	90	1760	505
13:27:33	89	1757	505
13:27:33	93	1758	496
13:27:33	83	1755	495
13:27:33	81	1755	494
13:27:33	89	1756	503
13:27:33	89	1756	506
13:27:33	89	1759	501
13:27:33	93	1759	503
13:27:33	90	1759	504
13:27:33	94	1758	496
13:27:33	90	1757	496
13:27:33	85	1757	495
13:27:33	91	1755	505
13:27:33	95	1755	503
13:27:33	95	1757	501
13:27:33	95	1759	499
13:27:33	95	1758	503
13:27:33	97	1759	495
13:27:33	90	1760	494
13:27:33	86	1757	496
13:27:33	86	1758	494
13:27:33	96	1755	503
13:27:33	95	1758	501
13:27:33	96	1757	504
13:27:33	96	1757	505
13:27:33	92	1755	496
13:27:33	90	1751	493
13:27:33	91	1757	495
13:27:33	98	1762	502
13:27:33	97	1756	503
13:27:33	95	1757	502
13:27:33	97	1758	503
13:27:33	88	1758	503
13:27:33	95	1748	497
13:27:33	91	1754	498
13:27:33	89	1757	494
13:27:33	95	1757	505
13:27:33	97	1757	501
13:27:33	96	1757	503
13:27:33	96	1755	501
13:27:33	105	1757	503
13:27:33	93	1759	496
13:27:33	95	1757	497
13:27:33	82	1762	503
13:27:33	97	1759	505
13:27:33	100	1757	502
13:27:33	97	1757	505
13:27:33	98	1758	503
13:27:33	99	1759	506
13:27:33	93	1754	497
13:27:33	96	1758	496
13:27:33	93	1757	496
13:27:33	96	1757	507
13:27:33	93	1757	503
13:27:33	97	1762	511
13:27:33	97	1759	503
13:27:33	97	1760	510
13:27:33	95	1759	496
13:27:33	94	1758	495
13:27:33	89	1756	495
13:27:33	97	1756	506
13:27:33	97	1757	503
13:27:33	99	1758	511
13:27:33	99	1759	510
13:27:33	97	1758	509
13:27:33	98	1759	496
13:27:33	94	1759	496
13:27:33	101	1757	506
13:27:33	97	1757	504
13:27:33	97	1766	503
13:27:33	97	1759	506
13:27:33	97	1761	503
13:27:33	98	1761	511
13:27:33	93	1758	495
13:27:33	92	1755	494
13:27:33	90	1759	511
13:27:33	96	1758	505
13:27:33	96	1758	503
13:27:33	99	1762	510
13:27:33	95	1749	502
13:27:33	98	1760	506
13:27:33	94	1759	495
13:27:33	93	1758	495
13:27:33	92	1754	502
13:27:33	97	1758	502
13:27:33	98	1747	503
13:27:33	99	1762	501
13:27:33	97	1759	503
13:27:33	102	1759	496
13:27:33	91	1760	496
13:27:33	91	1756	495
13:27:33	106	1757	502
13:27:33	99	1758	501
13:27:33	97	1758	503
13:27:33	102	1756	501
13:27:33	99	1758	506
13:27:33	99	1758	507
13:27:33	101	1759	509
13:27:33	106	1760	511
13:27:33	102	1761	511
13:27:33	106	1760	510
13:27:33	104	1762	511
13:27:33	105	1762	523
13:27:33	106	1763	511
13:27:33	105	1761	511
13:27:33	105	1760	511
13:27:33	106	1761	527
13:27:33	104	1761	511
13:27:33	106	1764	511
13:27:33	107	1761	511
13:27:33	192	1766	61
13:27:33	176	1767	111
13:27:33	157	1767	142
13:27:33	144	1767	175
13:27:33	137	1765	197
13:27:33	128	1766	222
13:27:33	123	1766	240
13:27:33	116	1767	258
13:27:33	190	1769	64
13:27:33	171	1770	111
13:27:33	154	1770	139
13:27:33	144	1769	172
13:27:33	131	1766	192
13:27:33	125	1767	209
13:27:33	115	1766	228
13:27:33	111	1767	245
13:27:33	108	1771	274
13:27:33	110	1769	285
13:27:33	104	1764	295
13:27:33	102	1766	307
13:27:33	99	1765	320
13:27:33	95	1765	321
13:27:33	87	1762	336
13:27:33	93	1762	336
13:27:33	94	1761	351
13:27:33	96	1766	357
13:27:33	95	1761	366
13:27:33	97	1764	366
13:27:33	93	1764	368
13:27:33	93	1761	376
13:27:33	93	1761	381
13:27:33	94	1760	386
13:27:33	97	1766	395
13:27:33	96	1762	400
13:27:33	96	1763	398
13:27:33	94	1763	400
13:27:33	95	1761	403
13:27:33	95	1761	406
13:27:33	102	1762	415
13:27:33	99	1761	415
13:27:33	98	1761	421
13:27:33	101	1763	426
13:27:33	101	1760	427
13:27:33	96	1762	425
13:27:33	98	1762	430
13:27:33	99	1761	447
13:27:33	102	1762	435
13:27:33	106	1762	436
13:27:33	106	1760	439
13:27:33	105	1761	442
13:27:33	101	1761	448
13:27:33	101	1759	439
13:27:33	106	1761	444
13:27:33	102	1759	442
13:27:33	107	1761	452
13:27:33	106	1758	451
13:27:33	109	1760	460
13:27:33	109	1761	453
13:27:33	107	1755	460
13:27:33	112	1765	445
13:27:33	107	1760	454
13:27:33	108	1760	453
13:27:33	110	1759	462
13:27:33	110	1759	461
13:27:33	112	1759	465
13:27:33	112	1761	464
13:27:33	112	1763	465
13:27:33	111	1760	464
13:27:33	107	1760	460
13:27:33	111	1760	459
13:27:33	112	1761	465
13:27:33	112	1760	465
13:27:33	112	1759	470
13:27:33	112	1760	465
13:27:33	112	1762	470
13:27:33	112	1761	461
13:27:33	112	1759	464
13:27:33	113	1761	469
13:27:33	112	1760	467
13:27:33	112	1760	472
13:27:33	115	1761	473
13:27:33	112	1761	473
13:27:33	113	1761	473
13:27:33	111	1760	470
13:27:33	111	1761	469
13:27:33	112	1760	478
13:27:33	113	1759	475
13:27:33	113	1761	474
13:27:33	115	1762	474
13:27:33	114	1761	476
13:27:33	115	1762	469
13:27:33	112	1759	473
13:27:33	112	1760	471
13:27:33	112	1759	470
13:27:33	109	1763	478
13:27:33	114	1759	478
13:27:33	116	1759	477
13:27:33	115	1759	478
13:27:33	115	1758	474
13:27:33	116	1759	481
13:27:33	112	1761	474
13:27:33	115	1755	483
13:27:33	117	1760	476
13:27:33	115	1758	483
13:27:33	116	1758	481
13:27:34	116	1759	485
13:27:34	112	1757	480
13:27:34	112	1760	477
13:27:34	113	1758	480
13:27:34	117	1760	483
13:27:34	117	1746	484
13:27:34	115	1758	485
13:27:34	115	1765	484
13:27:34	118	1759	486
13:27:34	117	1762	485
13:27:34	114	1758	485
13:27:34	116	1761	485
13:27:34	116	1760	485
13:27:34	119	1756	486
13:27:34	123	1760	491
13:27:34	117	1761	486
13:27:34	118	1761	487
13:27:34	120	1760	496
13:27:34	118	1761	490
13:27:34	119	1762	491
13:27:34	120	1767	490
13:27:34	118	1763	489
13:27:34	117	1763	496
13:27:34	119	1761	489
13:27:34	120	1761	488
13:27:34	119	1762	491
13:27:34	118	1762	496
13:27:34	122	1762	490
13:27:34	121	1760	493
13:27:34	122	1763	492
13:27:34	125	1760	495
13:27:34	121	1761	492
13:27:34	121	1762	490
13:27:34	119	1762	491
13:27:34	125	1761	495
13:27:34	121	1761	493
13:27:34	123	1761	491
13:27:34	122	1761	494
13:27:34	123	1763	494
13:27:34	121	1761	487
13:27:34	121	1763	493
13:27:34	121	1761	493
13:27:34	122	1763	495
13:27:34	117	1763	494
13:27:34	122	1761	494
13:27:34	119	1761	495
13:27:34	117	1758	493
13:27:34	119	1762	494
13:27:34	119	1762	494
13:27:34	121	1762	496
13:27:34	122	1762	496
13:27:34	121	1761	496
13:27:34	119	1761	496
13:27:34	122	1762	493
13:27:34	121	1764	496
13:27:34	127	1762	496
13:27:34	124	1762	496
13:27:34	122	1764	496
13:27:34	119	1762	497
13:27:34	125	1765	496
13:27:34	124	1763	496
13:27:34	124	1762	501
13:27:34	128	1761	496
13:27:34	123	1763	497
13:27:34	124	1761	496
13:27:34	123	1763	502
13:27:34	122	1761	497
13:27:34	123	1762	496
13:27:34	129	1763	495
13:27:34	121	1763	502
13:27:34	123	1762	499
13:27:34	123	1764	501
13:27:34	125	1763	501
13:27:34	126	1761	509
13:27:34	125	1763	505
13:27:34	123	1760	503
13:27:34	124	1761	504
13:27:34	125	1763	505
13:27:34	125	1761	505
13:27:34	126	1763	507
13:27:34	123	1763	502
13:27:34	123	1763	503
13:27:34	122	1763	510
13:27:34	126	1763	510
13:27:34	123	1763	507
13:27:34	125	1765	506
13:27:34	125	1765	403
13:27:34	123	1763	416
13:27:34	119	1763	422
13:27:34	123	1762	432
13:27:34	116	1763	442
13:27:34	120	1763	453
13:27:34	114	1763	451
13:27:34	115	1765	461
13:27:34	113	1763	459
13:27:34	114	1762	464
13:27:34	114	1764	465
13:27:34	113	1763	471
13:27:34	112	1768	473
13:27:34	112	1762	474
13:27:34	112	1763	479
13:27:34	117	1765	483
13:27:34	112	1765	480
13:27:34	114	1762	480
13:27:34	113	1763	486
13:27:34	115	1763	487
13:27:34	118	1760	491
13:27:34	117	1761	495
13:27:34	115	1763	496
13:27:34	135	1765	105
13:27:34	122	1765	144
13:27:34	112	1766	173
13:27:34	101	1766	201
13:27:34	93	1763	227
13:27:34	89	1766	240
13:27:34	83	1762	257
13:27:34	83	1765	277
13:27:34	83	1764	297
13:27:34	81	1765	309
13:27:34	80	1763	320
13:27:34	80	1766	333
13:27:34	80	1764	345
13:27:34	81	1763	345
13:27:34	80	1751	361
13:27:34	80	1765	368
13:27:34	81	1763	378
13:27:34	80	1765	378
13:27:34	80	1765	390
13:27:34	83	1764	394
13:27:34	82	1765	400
13:27:34	80	1763	400
13:27:34	80	1763	401
13:27:34	85	1765	417
13:27:34	87	1763	417
13:27:34	86	1764	417
13:27:34	90	1766	427
13:27:34	90	1761	428
13:27:34	93	1762	432
13:27:34	86	1763	429
13:27:34	86	1763	438
13:27:34	93	1763	442
13:27:34	93	1762	441
13:27:34	94	1764	445
13:27:34	94	1762	449
13:27:34	96	1763	449
13:27:34	98	1764	457
13:27:34	94	1762	448
13:27:34	100	1765	462
13:27:34	97	1762	457
13:27:34	98	1763	462
13:27:34	98	1763	453
13:27:34	106	1761	464
13:27:34	100	1763	462
13:27:34	104	1763	464
13:27:34	98	1763	459
13:27:34	105	1763	465
13:27:34	103	1763	466
13:27:34	103	1763	460
13:27:34	102	1762	464
13:27:34	103	1761	471
13:27:34	106	1761	469
13:27:34	106	1762	472
13:27:34	106	1761	471
13:27:34	110	1762	471
13:27:34	106	1765	476
13:27:34	111	1760	471
13:27:34	106	1761	474
13:27:34	111	1762	479
13:27:34	110	1761	478
13:27:34	112	1761	482
13:27:34	112	1761	480
13:27:34	111	1762	481
13:27:34	112	1763	482
13:27:34	111	1760	479
13:27:34	99	1765	485
13:27:34	112	1763	485
13:27:34	112	1762	485
13:27:34	112	1761	479
13:27:34	110	1761	482
13:27:34	112	1763	487
13:27:34	114	1762	493
13:27:34	112	1759	486
13:27:34	112	1760	487
13:27:34	112	1761	487
13:27:34	114	1762	489
13:27:34	112	1760	486
13:27:34	114	1761	494
13:27:34	112	1761	490
13:27:34	115	1761	494
13:27:34	112	1763	486
13:27:34	114	1763	487
13:27:34	115	1760	495
13:27:34	115	1761	494
13:27:34	117	1761	493
13:27:34	117	1760	493
13:27:34	107	1761	494
13:27:34	116	1761	496
13:27:34	112	1761	490
13:27:34	116	1760	495
13:27:34	116	1763	493
13:27:34	117	1763	497
13:27:34	111	1761	491
13:27:34	112	1760	489
13:27:34	116	1761	493
13:27:34	115	1762	496
13:27:34	115	1762	495
13:27:34	115	1759	497
13:27:34	115	1763	496
13:27:34	117	1763	496
13:27:34	118	1763	493
13:27:34	114	1761	489
13:27:34	116	1760	496
13:27:34	116	1762	496
13:27:34	116	1760	495
13:27:34	116	1755	497
13:27:34	122	1760	496
13:27:34	119	1762	497
13:27:34	118	1759	495
13:27:34	114	1762	494
13:27:34	115	1758	495
13:27:34	112	1759	493
13:27:34	113	1758	494
13:27:34	118	1762	501
13:27:34	117	1759	501
13:27:34	111	1761	501
13:27:34	114	1760	493
13:27:34	112	1758	494
13:27:34	114	1759	490
13:27:34	113	1759	498
13:27:34	119	1757	499
13:27:34	123	1765	499
13:27:34	119	1758	499
13:27:34	123	1759	503
13:27:34	114	1759	493
13:27:34	121	1760	498
13:27:34	119	1758	496
13:27:34	117	1759	496
13:27:34	118	1757	496
13:27:34	120	1760	496
13:27:34	117	1758	496
13:27:34	119	1759	494
13:27:34	115	1759	494
13:27:34	112	1756	490
13:27:34	113	1757	492
13:27:34	113	1757	492
13:27:34	119	1755	498
13:27:34	119	1758	496
13:27:34	117	1756	497
13:27:34	117	1755	493
13:27:34	112	1755	487
13:27:34	115	1754	490
13:27:34	112	1754	489
13:27:34	112	1751	490
13:27:34	113	1747	496
13:27:34	115	1754	496
13:27:34	115	1755	498
13:27:34	112	1755	492
13:27:34	113	1754	494
13:27:34	112	1749	493
13:27:34	112	1755	490
13:27:34	112	1756	487
13:27:34	113	1751	496
13:27:34	114	1754	496
13:27:34	114	1759	497
13:27:34	112	1755	490
13:27:34	112	1753	490
13:27:34	112	1754	496
13:27:34	117	1752	496
13:27:34	114	1755	497
13:27:34	113	1753	498
13:27:34	118	1756	496
13:27:34	116	1755	501
13:27:34	112	1746	495
13:27:34	112	1755	495
13:27:34	112	1754	490
13:27:34	117	1755	496
13:27:34	117	1754	497
13:27:34	117	1754	503
13:27:34	115	1755	497
13:27:34	117	1759	499
13:27:34	114	1757	494
13:27:34	112	1758	490
13:27:34	112	1754	492
13:27:34	112	1754	490
13:27:34	112	1753	499
13:27:34	116	1754	501
13:27:34	117	1754	499
13:27:34	119	1759	501
13:27:34	113	1753	490
13:27:34	113	1758	501
13:27:34	115	1758	500
13:27:34	118	1754	499
13:27:34	117	1754	498
13:27:34	118	1755	500
13:27:34	118	1757	499
13:27:34	119	1756	501
13:27:34	119	1758	499
13:27:34	119	1756	506
13:27:34	117	1759	501
13:27:34	119	1755	503
13:27:34	119	1755	505
13:27:34	122	1758	511
13:27:34	119	1757	507
13:27:34	119	1758	507
13:27:35	123	1759	510
13:27:35	123	1760	509
13:27:35	123	1757	507
13:27:35	124	1759	511
13:27:35	151	1765	64
13:27:35	132	1763	105
13:27:35	126	1766	138
13:27:35	113	1769	167
13:27:35	109	1765	182
13:27:35	98	1762	210
13:27:35	95	1762	227
13:27:35	86	1767	253
13:27:35	90	1763	265
13:27:35	77	1766	277
13:27:35	87	1763	291
13:27:35	85	1763	305
13:27:35	85	1765	308
13:27:35	80	1763	320
13:27:35	80	1760	330
13:27:35	77	1762	341
13:27:35	80	1763	350
13:27:35	81	1757	355
13:27:35	84	1761	363
13:27:35	82	1762	368
13:27:35	82	1762	369
13:27:35	80	1766	381
13:27:35	83	1762	384
13:27:35	84	1763	389
13:27:35	81	1761	387
13:27:35	80	1758	389
13:27:35	83	1750	400
13:27:35	87	1759	405
13:27:35	85	1767	405
13:27:35	85	1760	412
13:27:35	87	1762	414
13:27:35	87	1761	417
13:27:35	87	1760	419
13:27:35	87	1760	425
13:27:35	86	1757	426
13:27:35	91	1761	425
13:27:35	92	1762	430
13:27:35	91	1761	432
13:27:35	91	1761	433
13:27:35	91	1761	436
13:27:35	95	1762	437
13:27:35	94	1762	446
13:27:35	98	1761	444
13:27:35	99	1772	441
13:27:35	96	1761	446
13:27:35	97	1761	450
13:27:35	97	1760	448
13:27:35	99	1763	450
13:27:35	99	1761	451
13:27:35	98	1762	456
13:27:35	99	1762	454
13:27:35	99	1761	455
13:27:35	101	1761	455
13:27:35	104	1766	464
13:27:35	102	1763	461
13:27:35	102	1762	462
13:27:35	101	1762	464
13:27:35	103	1762	467
13:27:35	106	1762	464
13:27:35	104	1761	466
13:27:35	107	1761	467
13:27:35	107	1762	470
13:27:35	106	1762	469
13:27:35	106	1762	474
13:27:35	107	1763	474
13:27:35	110	1763	474
13:27:35	107	1764	479
13:27:35	110	1762	480
13:27:35	110	1763	479
13:27:35	144	1765	66
13:27:35	127	1765	106
13:27:35	116	1766	138
13:27:35	109	1766	167
13:27:35	101	1767	184
13:27:35	91	1766	208
13:27:35	92	1761	231
13:27:35	86	1765	253
13:27:35	84	1766	260
13:27:35	80	1763	272
13:27:35	80	1765	293
13:27:35	79	1764	304
13:27:35	77	1766	313
13:27:35	80	1763	323
13:27:35	80	1762	333
13:27:35	80	1763	338
13:27:35	80	1762	341
13:27:35	78	1761	351
13:27:35	77	1761	358
13:27:35	76	1759	361
13:27:35	76	1761	368
13:27:35	80	1760	382
13:27:35	78	1762	384
13:27:35	85	1762	390
13:27:35	80	1762	387
13:27:35	80	1761	391
13:27:35	80	1759	394
13:27:35	80	1760	397
13:27:35	69	1759	400
13:27:35	82	1762	409
13:27:35	81	1760	412
13:27:35	84	1761	416
13:27:35	81	1760	416
13:27:35	81	1759	417
13:27:35	81	1760	418
13:27:35	80	1748	421
13:27:35	84	1763	429
13:27:35	81	1759	432
13:27:35	94	1761	432
13:27:35	87	1760	433
13:27:35	83	1761	432
13:27:35	84	1757	434
13:27:35	91	1760	440
13:27:35	90	1758	442
13:27:35	89	1759	441
13:27:35	91	1760	446
13:27:35	91	1760	444
13:27:35	94	1766	451
13:27:35	92	1761	443
13:27:35	89	1759	443
13:27:35	93	1758	449
13:27:35	95	1759	455
13:27:35	94	1759	454
13:27:35	97	1759	460
13:27:35	96	1759	460
13:27:35	98	1762	463
13:27:35	96	1760	458
13:27:35	97	1759	458
13:27:35	100	1759	463
13:27:35	101	1760	464
13:27:35	99	1759	465
13:27:35	101	1761	465
13:27:35	101	1760	467
13:27:35	103	1763	468
13:27:35	99	1761	466
13:27:35	103	1761	469
13:27:35	219	1770	67
13:27:35	202	1767	107
13:27:35	185	1770	138
13:27:35	176	1776	161
13:27:35	166	1766	181
13:27:35	160	1767	207
13:27:35	149	1765	222
13:27:35	147	1774	240
13:27:35	141	1767	245
13:27:35	135	1770	258
13:27:35	131	1765	272
13:27:35	128	1767	272
13:27:35	128	1762	299
13:27:35	127	1768	304
13:27:35	123	1763	314
13:27:35	121	1768	315
13:27:35	118	1767	325
13:27:35	118	1765	335
13:27:35	116	1765	338
13:27:35	115	1763	343
13:27:35	113	1763	355
13:27:35	117	1763	359
13:27:35	115	1765	363
13:27:35	114	1763	363
13:27:35	113	1766	368
13:27:35	114	1765	373
13:27:35	112	1763	380
13:27:35	113	1763	386
13:27:35	113	1763	387
13:27:35	113	1762	390
13:27:35	115	1763	395
13:27:35	113	1765	395
13:27:35	112	1763	400
13:27:35	113	1761	400
13:27:35	113	1763	407
13:27:35	113	1763	407
13:27:35	113	1763	414
13:27:35	114	1758	414
13:27:35	114	1761	418
13:27:35	112	1762	417
13:27:35	113	1763	420
13:27:35	120	1762	421
13:27:35	121	1761	426
13:27:35	118	1763	428
13:27:35	118	1763	430
13:27:35	114	1762	432
13:27:35	115	1763	435
13:27:35	114	1762	431
13:27:35	114	1757	434
13:27:35	115	1751	433
13:27:35	117	1762	439
13:27:35	120	1763	441
13:27:35	117	1762	447
13:27:35	119	1762	445
13:27:35	119	1765	446
13:27:35	116	1764	443
13:27:35	117	1763	445
13:27:35	110	1762	448
13:27:35	121	1763	450
13:27:35	119	1762	449
13:27:35	122	1765	456
13:27:35	120	1763	462
13:27:35	122	1765	458
13:27:35	119	1767	450
13:27:35	119	1769	451
13:27:35	117	1762	453
13:27:35	121	1757	455
13:27:35	119	1759	464
13:27:35	123	1762	462
13:27:35	123	1762	459
13:27:35	123	1762	464
13:27:35	122	1761	458
13:27:35	119	1761	458
13:27:35	119	1767	463
13:27:35	122	1763	460
13:27:35	123	1760	464
13:27:35	124	1762	464
13:27:35	122	1760	464
13:27:35	123	1762	461
13:27:35	122	1759	463
13:27:35	119	1766	464
13:27:35	123	1761	467
13:27:35	123	1761	469
13:27:35	126	1761	466
13:27:35	128	1763	465
13:27:35	125	1761	465
13:27:35	126	1760	464
13:27:35	123	1760	465
13:27:35	123	1761	466
13:27:35	126	1760	471
13:27:35	126	1762	470
13:27:35	125	1762	471
13:27:35	123	1761	471
13:27:35	125	1762	473
13:27:35	124	1761	469
13:27:35	123	1760	470
13:27:35	121	1762	470
13:27:35	128	1761	478
13:27:35	127	1760	473
13:27:35	126	1762	475
13:27:35	126	1765	478
13:27:35	123	1760	475
13:27:35	127	1763	478
13:27:35	127	1762	475
13:27:35	128	1765	478
13:27:35	126	1761	478
13:27:35	126	1764	478
13:27:35	129	1761	479
13:27:35	128	1762	481
13:27:35	117	1763	483
13:27:35	123	1758	475
13:27:35	127	1763	478
13:27:35	125	1760	477
13:27:35	128	1762	482
13:27:35	126	1761	485
13:27:35	127	1762	486
13:27:35	128	1765	483
13:27:35	126	1765	486
13:27:35	127	1763	479
13:27:35	127	1761	480
13:27:35	126	1761	480
13:27:35	128	1763	483
13:27:35	126	1763	483
13:27:35	128	1762	486
13:27:35	128	1761	485
13:27:35	129	1763	489
13:27:35	128	1763	481
13:27:35	128	1763	483
13:27:35	128	1760	482
13:27:35	128	1761	485
13:27:35	127	1762	484
13:27:35	127	1762	484
13:27:35	128	1761	484
13:27:35	128	1759	479
13:27:35	127	1762	481
13:27:35	133	1754	484
13:27:35	126	1760	481
13:27:35	128	1762	487
13:27:35	128	1757	489
13:27:35	129	1763	492
13:27:35	127	1763	491
13:27:35	130	1762	484
13:27:35	129	1761	490
13:27:35	127	1762	489
13:27:35	126	1762	486
13:27:35	128	1760	492
13:27:35	128	1761	491
13:27:35	128	1762	493
13:27:35	128	1763	493
13:27:35	127	1761	487
13:27:35	127	1759	489
13:27:35	128	1761	495
13:27:35	128	1762	493
13:27:35	129	1762	490
13:27:35	128	1761	490
13:27:35	128	1761	491
13:27:35	128	1762	493
13:27:35	123	1764	487
13:27:35	128	1761	490
13:27:35	128	1760	494
13:27:35	130	1762	496
13:27:35	128	1763	494
13:27:35	128	1762	496
13:27:35	128	1762	495
13:27:35	128	1763	496
13:27:35	129	1760	490
13:27:35	128	1760	489
13:27:35	126	1757	492
13:27:35	128	1762	495
13:27:35	125	1760	495
13:27:35	128	1761	496
13:27:35	129	1760	496
13:27:35	128	1761	497
13:27:35	128	1760	492
13:27:35	125	1760	494
13:27:35	128	1760	496
13:27:35	128	1762	496
13:27:35	128	1760	495
13:27:35	131	1762	498
13:27:36	128	1762	496
13:27:36	129	1762	496
13:27:36	131	1760	497
13:27:36	133	1764	499
13:27:36	127	1762	496
13:27:36	129	1762	496
13:27:36	129	1760	497
13:27:36	133	1763	496
13:27:36	130	1762	498
13:27:36	131	1763	499
13:27:36	131	1762	499
13:27:36	133	1764	499
13:27:36	131	1762	497
13:27:36	131	1762	498
13:27:36	130	1763	498
13:27:36	132	1763	497
13:27:36	130	1763	499
13:27:36	131	1762	499
13:27:36	132	1760	497
13:27:36	129	1762	497
13:27:36	130	1763	499
13:27:36	130	1762	500
13:27:36	131	1762	499
13:27:36	128	1762	499
13:27:36	133	1763	500
13:27:36	130	1763	497
13:27:36	131	1764	498
13:27:36	128	1763	499
13:27:36	131	1763	499
13:27:36	130	1762	499
13:27:36	130	1762	499
13:27:36	131	1764	500
13:27:36	133	1761	500
13:27:36	128	1765	500
13:27:36	132	1762	502
13:27:36	133	1763	502
13:27:36	133	1764	509
13:27:36	131	1762	503
13:27:36	133	1762	506
13:27:36	132	1765	499
13:27:36	133	1762	502
13:27:36	133	1763	505
13:27:36	132	1765	510
13:27:36	132	1762	506
13:27:36	132	1764	506
13:27:36	133	1761	507
13:27:36	131	1763	508
13:27:36	132	1764	510
13:27:36	134	1763	510
13:27:36	132	1765	511
13:27:36	135	1763	511
13:27:36	133	1762	511
13:27:36	133	1765	511
13:27:36	133	1763	511
13:27:36	134	1764	511
13:27:36	139	1765	511
13:27:36	135	1766	511
13:27:36	162	1767	229
13:27:36	150	1765	256
13:27:36	144	1765	277
13:27:36	143	1765	297
13:27:36	135	1769	313
13:27:36	129	1765	320
13:27:36	128	1767	336
13:27:36	126	1766	347
13:27:36	125	1765	359
13:27:36	121	1762	365
13:27:36	117	1763	375
13:27:36	122	1763	380
13:27:36	118	1763	385
13:27:36	118	1763	394
13:27:36	122	1763	403
13:27:36	118	1764	405
13:27:36	119	1763	413
13:27:36	107	1762	412
13:27:36	118	1763	419
13:27:36	122	1763	428
13:27:36	119	1764	431
13:27:36	118	1761	432
13:27:36	121	1763	437
13:27:36	118	1762	435
13:27:36	122	1764	438
13:27:36	119	1762	446
13:27:36	119	1762	446
13:27:36	122	1761	457
13:27:36	125	1762	455
13:27:36	119	1761	460
13:27:36	125	1765	459
13:27:36	117	1763	464
13:27:36	126	1764	458
13:27:36	123	1763	464
13:27:36	123	1763	469
13:27:36	126	1763	469
13:27:36	128	1763	473
13:27:36	126	1765	476
13:27:36	128	1755	481
13:27:36	126	1763	478
13:27:36	128	1768	482
13:27:36	126	1765	476
13:27:36	204	1766	107
13:27:36	189	1765	139
13:27:36	176	1770	160
13:27:36	164	1766	184
13:27:36	158	1764	204
13:27:36	148	1763	223
13:27:36	144	1766	240
13:27:36	140	1763	253
13:27:36	137	1762	269
13:27:36	133	1763	273
13:27:36	129	1765	286
13:27:36	128	1762	297
13:27:36	126	1763	304
13:27:36	126	1763	319
13:27:36	123	1765	325
13:27:36	123	1763	334
13:27:36	121	1766	338
13:27:36	119	1763	347
13:27:36	115	1763	352
13:27:36	117	1762	355
13:27:36	115	1763	364
13:27:36	117	1762	368
13:27:36	118	1761	369
13:27:36	115	1761	382
13:27:36	114	1763	383
13:27:36	118	1763	394
13:27:36	117	1763	391
13:27:36	115	1762	394
13:27:36	115	1762	400
13:27:36	115	1763	402
13:27:36	116	1763	407
13:27:36	117	1761	411
13:27:36	118	1764	418
13:27:36	119	1762	419
13:27:36	113	1761	418
13:27:36	117	1765	422
13:27:36	116	1763	427
13:27:36	117	1761	437
13:27:36	120	1762	432
13:27:36	118	1760	434
13:27:36	368	1767	51
13:27:36	335	1769	97
13:27:36	306	1767	150
13:27:36	290	1766	174
13:27:36	272	1767	198
13:27:36	259	1768	225
13:27:36	246	1765	251
13:27:36	238	1767	272
13:27:36	224	1766	282
13:27:36	219	1765	299
13:27:36	210	1765	313
13:27:36	196	1766	324
13:27:36	201	1765	336
13:27:36	197	1766	353
13:27:36	193	1766	359
13:27:36	188	1766	370
13:27:36	186	1765	373
13:27:36	182	1765	380
13:27:36	181	1763	388
13:27:36	176	1765	394
13:27:36	176	1766	400
13:27:36	176	1766	411
13:27:36	176	1762	404
13:27:36	176	1764	422
13:27:36	171	1762	418
13:27:36	170	1763	423
13:27:36	167	1762	426
13:27:36	166	1762	432
13:27:36	165	1763	437
13:27:36	170	1761	439
13:27:36	164	1764	439
13:27:36	165	1761	446
13:27:36	165	1763	447
13:27:36	165	1766	448
13:27:36	157	1762	450
13:27:36	160	1762	454
13:27:36	162	1763	455
13:27:36	163	1766	453
13:27:36	162	1759	457
13:27:36	163	1769	455
13:27:36	157	1763	460
13:27:36	157	1766	459
13:27:36	159	1766	464
13:27:36	162	1763	464
13:27:36	160	1761	464
13:27:36	161	1762	464
13:27:36	161	1764	467
13:27:36	154	1763	464
13:27:36	157	1762	465
13:27:36	155	1761	469
13:27:36	155	1761	473
13:27:36	155	1763	478
13:27:36	155	1761	474
13:27:36	154	1762	473
13:27:36	155	1763	479
13:27:36	153	1763	471
13:27:36	152	1766	473
13:27:36	154	1762	474
13:27:36	149	1762	482
13:27:36	155	1762	479
13:27:36	156	1763	477
13:27:36	155	1761	481
13:27:36	155	1761	483
13:27:36	149	1762	477
13:27:36	151	1763	480
13:27:36	159	1760	483
13:27:36	154	1760	484
13:27:36	151	1766	483
13:27:36	151	1756	483
13:27:36	153	1764	489
13:27:36	154	1762	490
13:27:36	150	1763	483
13:27:36	150	1761	482
13:27:36	150	1762	485
13:27:36	155	1762	488
13:27:36	153	1762	487
13:27:36	156	1762	493
13:27:36	153	1760	490
13:27:36	151	1762	495
13:27:36	151	1762	485
13:27:36	141	1760	491
13:27:36	151	1763	493
13:27:36	153	1762	491
13:27:36	151	1761	492
13:27:36	151	1763	493
13:27:36	151	1762	494
13:27:36	152	1762	493
13:27:36	146	1763	485
13:27:36	150	1762	492
13:27:36	149	1761	496
13:27:36	147	1761	491
13:27:36	149	1762	494
13:27:36	151	1762	496
13:27:36	149	1761	493
13:27:36	153	1765	490
13:27:36	146	1761	490
13:27:36	147	1761	491
13:27:36	145	1763	495
13:27:36	149	1762	493
13:27:36	147	1761	495
13:27:36	149	1763	495
13:27:36	149	1762	494
13:27:36	144	1763	488
13:27:36	145	1763	491
13:27:36	147	1763	495
13:27:36	149	1763	496
13:27:36	146	1761	496
13:27:36	146	1762	496
13:27:36	146	1761	494
13:27:36	146	1761	495
13:27:36	144	1760	493
13:27:36	144	1761	491
13:27:36	144	1761	491
13:27:36	146	1761	496
13:27:36	145	1760	493
13:27:36	145	1760	496
13:27:36	144	1760	495
13:27:36	144	1761	496
13:27:36	144	1763	493
13:27:36	144	1762	492
13:27:36	143	1763	494
13:27:36	144	1763	496
13:27:36	146	1759	496
13:27:36	144	1762	499
13:27:36	144	1759	497
13:27:36	145	1761	498
13:27:36	144	1762	498
13:27:36	144	1762	496
13:27:36	144	1761	496
13:27:36	144	1761	496
13:27:36	144	1760	497
13:27:36	144	1760	498
13:27:36	144	1766	500
13:27:36	146	1767	502
13:27:36	144	1761	496
13:27:36	144	1762	496
13:27:36	144	1761	495
13:27:36	144	1761	503
13:27:36	144	1759	496
13:27:36	144	1767	501
13:27:36	135	1761	496
13:27:36	144	1762	501
13:27:36	144	1761	493
13:27:36	144	1761	496
13:27:36	143	1760	493
13:27:36	144	1761	498
13:27:36	144	1761	497
13:27:36	145	1765	501
13:27:36	144	1765	498
13:27:36	145	1762	501
13:27:36	144	1760	500
13:27:36	144	1761	497
13:27:36	144	1761	511
13:27:36	144	1761	498
13:27:36	144	1759	497
13:27:36	147	1762	506
13:27:36	144	1762	497
13:27:36	144	1761	499
13:27:36	144	1761	498
13:27:36	144	1761	499
13:27:36	144	1762	496
13:27:36	144	1762	501
13:27:36	144	1762	497
13:27:36	144	1762	498
13:27:36	144	1762	498
13:27:36	144	1762	498
13:27:36	144	1763	497
13:27:36	144	1761	497
13:27:36	144	1761	498
13:27:36	143	1761	497
13:27:36	144	1761	499
13:27:36	142	1763	501
13:27:36	144	1763	499
13:27:36	144	1763	498
13:27:36	144	1761	498
13:27:36	144	1761	498
13:27:36	144	1761	500
13:27:36	144	1764	499
13:27:36	144	1752	498
13:27:36	142	1764	499
13:27:36	144	1763	501
13:27:36	143	1761	500
13:27:36	144	1762	501
13:27:36	144	1763	503
13:27:36	144	1763	500
13:27:36	143	1762	509
13:27:36	145	1763	506
13:27:36	144	1763	502
13:27:36	143	1763	498
13:27:36	144	1763	501
13:27:36	144	1763	506
13:27:36	144	1765	501
13:27:36	144	1763	501
13:27:36	144	1762	503
13:27:36	144	1765	507
13:27:36	144	1763	502
13:27:36	144	1763	503
13:27:36	144	1763	500
13:27:36	144	1765	505
13:27:36	144	1763	503
13:27:36	144	1765	502
13:27:36	141	1762	502
13:27:36	145	1765	503
13:27:36	144	1761	502
13:27:36	143	1764	502
13:27:36	144	1766	503
13:27:36	144	1763	503
13:27:36	144	1763	501
13:27:36	144	1764	501
13:27:36	144	1763	503
13:27:36	144	1765	506
13:27:36	144	1763	505
13:27:36	144	1762	503
13:27:36	144	1764	507
13:27:36	144	1765	503
13:27:36	144	1764	509
13:27:36	144	1766	511
13:27:36	143	1766	510
13:27:36	144	1765	511
13:27:36	144	1765	509
13:27:36	144	1765	511
13:27:36	144	1764	511
13:27:36	144	1767	511
13:27:36	144	1762	511
13:27:36	144	1766	511
13:27:36	144	1765	511
13:27:36	144	1765	511
13:27:36	144	1767	511
13:27:36	144	1767	524
13:27:36	212	1765	69
13:27:36	191	1763	112
13:27:36	176	1762	150
13:27:36	165	1767	181
13:27:36	154	1764	210
13:27:36	148	1765	237
13:27:36	145	1763	253
13:27:36	140	1766	278
13:27:36	140	1763	294
13:27:36	134	1765	309
13:27:36	133	1766	322
13:27:36	128	1763	331
13:27:36	128	1762	349
13:27:36	125	1767	359
13:27:36	123	1766	370
13:27:36	123	1766	374
13:27:36	123	1765	386
13:27:36	123	1766	394
13:27:36	121	1765	394
13:27:36	124	1763	403
13:27:36	123	1764	406
13:27:36	125	1764	414
13:27:36	124	1765	417
13:27:36	124	1766	422
13:27:36	124	1763	431
13:27:36	128	1765	432
13:27:36	124	1763	434
13:27:36	128	1763	434
13:27:36	128	1762	442
13:27:36	125	1763	448
13:27:36	123	1765	437
13:27:36	127	1763	451
13:27:36	128	1770	453
13:27:36	128	1764	459
13:27:36	125	1763	453
13:27:36	124	1762	455
13:27:36	128	1764	464
13:27:36	127	1764	464
13:27:36	128	1764	464
13:27:36	128	1763	470
13:27:36	128	1765	466
13:27:36	123	1765	467
13:27:36	128	1763	467
13:27:36	129	1767	475
13:27:36	129	1766	472
13:27:36	128	1763	471
13:27:36	132	1765	476
13:27:36	128	1766	482
13:27:36	133	1766	480
13:27:36	129	1765	486
13:27:36	128	1764	480
13:27:36	129	1764	480
13:27:36	132	1763	487
13:27:36	130	1763	488
13:27:36	133	1765	486
13:27:37	130	1765	486
13:27:37	128	1763	493
13:27:37	131	1766	491
13:27:37	128	1765	485
13:27:37	132	1766	495
13:27:37	131	1765	496
13:27:37	122	1764	491
13:27:37	206	1767	55
13:27:37	186	1767	99
13:27:37	173	1767	142
13:27:37	159	1765	171
13:27:37	151	1768	202
13:27:37	143	1763	222
13:27:37	134	1766	246
13:27:37	134	1765	267
13:27:37	128	1770	286
13:27:37	126	1766	301
13:27:37	125	1766	310
13:27:37	123	1763	328
13:27:37	121	1766	336
13:27:37	121	1766	349
13:27:37	121	1767	359
13:27:37	118	1765	368
13:27:37	117	1765	377
13:27:37	122	1765	383
13:27:37	121	1764	391
13:27:37	116	1766	396
13:27:37	122	1766	400
13:27:37	119	1766	410
13:27:37	122	1765	412
13:27:37	117	1765	415
13:27:37	118	1765	423
13:27:37	119	1765	431
13:27:37	121	1766	432
13:27:37	121	1765	437
13:27:37	122	1767	437
13:27:37	123	1765	446
13:27:37	125	1767	446
13:27:37	123	1765	451
13:27:37	122	1766	455
13:27:37	123	1766	457
13:27:37	124	1767	464
13:27:37	126	1768	463
13:27:37	126	1765	464
13:27:37	127	1765	464
13:27:37	126	1766	471
13:27:37	128	1766	467
13:27:37	178	1766	64
13:27:37	165	1767	111
13:27:37	150	1767	147
13:27:37	141	1763	176
13:27:37	133	1767	199
13:27:37	124	1766	226
13:27:37	120	1763	246
13:27:37	118	1765	272
13:27:37	114	1763	286
13:27:37	112	1763	304
13:27:37	114	1764	317
13:27:37	112	1766	329
13:27:37	112	1763	336
13:27:37	111	1767	347
13:27:37	109	1765	358
13:27:37	109	1766	368
13:27:37	111	1763	374
13:27:37	110	1769	390
13:27:37	112	1767	394
13:27:37	111	1765	403
13:27:37	112	1766	405
13:27:37	111	1765	411
13:27:37	112	1765	417
13:27:37	112	1765	420
13:27:37	112	1763	429
13:27:37	112	1763	432
13:27:37	112	1765	438
13:27:37	112	1762	437
13:27:37	113	1766	445
13:27:37	113	1767	445
13:27:37	124	1765	346
13:27:37	122	1766	353
13:27:37	116	1766	368
13:27:37	114	1763	381
13:27:37	112	1770	390
13:27:37	113	1763	400
13:27:37	112	1763	407
13:27:37	113	1765	414
13:27:37	112	1763	419
13:27:37	110	1762	420
13:27:37	112	1765	427
13:27:37	112	1762	430
13:27:37	111	1763	433
13:27:37	112	1761	438
13:27:37	113	1761	445
13:27:37	113	1763	449
13:27:37	112	1761	450
13:27:37	112	1761	450
13:27:37	113	1761	448
13:27:37	115	1762	458
13:27:37	115	1760	459
13:27:37	112	1763	461
13:27:37	116	1762	466
13:27:37	118	1763	467
13:27:37	118	1763	470
13:27:37	112	1763	465
13:27:37	117	1761	467
13:27:37	117	1762	471
13:27:37	123	1761	478
13:27:37	119	1763	478
13:27:37	121	1762	480
13:27:37	123	1763	480
13:27:37	124	1762	485
13:27:37	129	1765	367
13:27:37	124	1764	381
13:27:37	127	1763	389
13:27:37	120	1763	400
13:27:37	118	1764	407
13:27:37	118	1763	411
13:27:37	118	1767	426
13:27:37	117	1763	432
13:27:37	118	1762	435
13:27:37	117	1765	446
13:27:37	118	1762	449
13:27:37	119	1765	451
13:27:37	119	1765	454
13:27:37	119	1762	462
13:27:37	117	1765	463
13:27:37	118	1765	465
13:27:37	123	1767	472
13:27:37	121	1765	470
13:27:37	124	1766	475
13:27:37	121	1764	470
13:27:37	118	1762	475
13:27:37	122	1763	476
13:27:37	132	1764	294
13:27:37	128	1765	310
13:27:37	118	1764	335
13:27:37	117	1764	348
13:27:37	113	1765	365
13:27:37	112	1765	374
13:27:37	112	1766	390
13:27:37	113	1765	400
13:27:37	112	1763	403
13:27:37	114	1765	406
13:27:37	112	1767	420
13:27:37	112	1765	422
13:27:37	117	1765	356
13:27:37	118	1767	368
13:27:37	112	1764	383
13:27:37	112	1764	390
13:27:37	112	1762	403
13:27:37	112	1762	412
13:27:37	112	1764	430
13:27:37	112	1766	431
13:27:37	112	1763	432
13:27:37	114	1763	439
13:27:37	112	1764	433
13:27:37	120	1764	355
13:27:37	118	1766	370
13:27:37	112	1763	381
13:27:37	112	1764	394
13:27:37	112	1764	400
13:27:37	111	1765	410
13:27:37	111	1763	419
13:27:37	112	1763	432
13:27:37	114	1764	433
13:27:37	112	1765	444
13:27:37	117	1764	446
13:27:37	128	1765	241
13:27:37	118	1765	271
13:27:37	112	1765	295
13:27:37	112	1766	314
13:27:37	106	1767	325
13:27:37	106	1765	343
13:27:37	102	1764	359
13:27:37	103	1763	368
13:27:37	102	1762	378
13:27:37	105	1763	395
13:27:37	109	1767	400
13:27:37	106	1765	409
13:27:37	153	1769	77
13:27:37	141	1769	121
13:27:37	127	1766	151
13:27:37	122	1765	181
13:27:37	112	1767	208
13:27:37	109	1765	233
13:27:37	105	1765	261
13:27:37	107	1766	281
13:27:37	102	1765	293
13:27:37	103	1766	315
13:27:37	97	1766	321
13:27:37	97	1766	336
13:27:37	98	1763	347
13:27:37	95	1765	359
13:27:37	96	1764	368
13:27:37	97	1763	381
13:27:37	98	1764	390
13:27:37	100	1764	399
13:27:37	98	1766	400
13:27:37	100	1765	407
13:27:37	105	1763	413
13:27:37	99	1763	417
13:27:37	110	1763	332
13:27:37	107	1768	348
13:27:37	107	1765	362
13:27:37	101	1765	370
13:27:37	102	1766	379
13:27:37	106	1763	386
13:27:37	101	1765	394
13:27:37	103	1765	403
13:27:37	105	1763	414
13:27:37	104	1763	421
13:27:37	107	1765	429
13:27:37	101	1763	431
13:27:37	105	1766	434
13:27:37	106	1763	439
13:27:37	104	1764	444
13:27:37	106	1762	448
13:27:37	112	1765	454
13:27:37	112	1763	451
13:27:37	110	1764	457
13:27:37	111	1762	459
13:27:37	112	1765	464
13:27:37	113	1765	464
13:27:37	113	1765	464
13:27:37	161	1770	70
13:27:37	146	1771	112
13:27:37	134	1771	144
13:27:37	126	1767	182
13:27:37	118	1767	208
13:27:37	114	1767	231
13:27:37	112	1770	254
13:27:37	110	1769	274
13:27:37	106	1770	291
13:27:37	108	1767	306
13:27:37	104	1770	323
13:27:37	104	1767	328
13:27:37	100	1769	343
13:27:37	101	1770	355
13:27:37	100	1767	365
13:27:37	98	1767	370
13:27:37	101	1767	387
13:27:37	105	1767	398
13:27:37	103	1769	400
13:27:37	105	1769	409
13:27:37	103	1767	407
13:27:37	100	1765	416
13:27:37	121	1765	213
13:27:37	114	1765	244
13:27:37	112	1765	271
13:27:37	109	1765	284
13:27:37	102	1766	305
13:27:37	99	1765	320
13:27:37	100	1766	336
13:27:37	98	1766	349
13:27:37	96	1767	367
13:27:37	101	1770	379
13:27:37	101	1766	384
13:27:37	101	1767	398
13:27:37	273	1769	47
13:27:37	250	1767	88
13:27:37	242	1766	128
13:27:37	218	1768	152
13:27:37	210	1770	185
13:27:37	202	1767	208
13:27:37	193	1767	230
13:27:37	181	1766	244
13:27:37	182	1769	263
13:27:37	174	1769	277
13:27:37	170	1763	292
13:27:37	164	1764	304
13:27:37	166	1763	319
13:27:37	159	1764	331
13:27:37	159	1766	338
13:27:37	153	1763	339
13:27:37	154	1765	352
13:27:37	148	1766	359
13:27:37	147	1764	363
13:27:37	145	1765	373
13:27:37	138	1762	382
13:27:37	144	1766	391
13:27:37	144	1763	395
13:27:37	143	1763	396
13:27:37	144	1765	400
13:27:37	142	1762	403
13:27:37	142	1761	406
13:27:37	139	1767	410
13:27:37	141	1766	413
13:27:37	138	1765	413
13:27:37	141	1761	420
13:27:37	139	1766	422
13:27:37	139	1762	433
13:27:37	143	1763	434
13:27:37	139	1762	437
13:27:37	137	1764	433
13:27:37	139	1763	434
13:27:37	139	1763	438
13:27:38	140	1762	448
13:27:38	139	1762	445
13:27:38	139	1762	450
13:27:38	143	1762	449
13:27:38	138	1764	451
13:27:38	138	1767	447
13:27:38	136	1761	448
13:27:38	145	1762	454
13:27:38	138	1762	454
13:27:38	139	1766	454
13:27:38	138	1764	455
13:27:38	139	1763	454
13:27:38	142	1765	462
13:27:38	133	1762	454
13:27:38	135	1761	458
13:27:38	143	1760	462
13:27:38	138	1763	464
13:27:38	137	1763	464
13:27:38	140	1769	462
13:27:38	138	1762	466
13:27:38	142	1762	461
13:27:38	134	1760	463
13:27:38	135	1759	464
13:27:38	133	1765	469
13:27:38	135	1761	467
13:27:38	137	1763	464
13:27:38	137	1761	467
13:27:38	138	1764	467
13:27:38	139	1761	464
13:27:38	131	1762	467
13:27:38	134	1761	480
13:27:38	135	1761	470
13:27:38	135	1763	474
13:27:38	140	1762	471
13:27:38	135	1762	470
13:27:38	135	1761	473
13:27:38	134	1762	467
13:27:38	133	1760	466
13:27:38	131	1760	470
13:27:38	133	1761	489
13:27:38	134	1764	471
13:27:38	133	1761	474
13:27:38	135	1761	479
13:27:38	134	1762	475
13:27:38	133	1761	470
13:27:38	130	1761	474
13:27:38	131	1761	470
13:27:38	137	1761	479
13:27:38	133	1763	475
13:27:38	134	1760	479
13:27:38	134	1766	479
13:27:38	137	1763	481
13:27:38	133	1759	475
13:27:38	133	1762	469
13:27:38	130	1761	486
13:27:38	135	1761	482
13:27:38	133	1761	481
13:27:38	134	1761	485
13:27:38	134	1760	481
13:27:38	133	1761	485
13:27:38	133	1764	478
13:27:38	132	1761	479
13:27:38	135	1762	479
13:27:38	130	1760	478
13:27:38	131	1760	485
13:27:38	129	1763	486
13:27:38	135	1761	482
13:27:38	135	1762	485
13:27:38	132	1761	482
13:27:38	130	1760	479
13:27:38	125	1761	485
13:27:38	133	1761	484
13:27:38	133	1761	483
13:27:38	135	1763	488
13:27:38	133	1762	485
13:27:38	138	1762	490
13:27:38	132	1765	479
13:27:38	131	1763	480
13:27:38	130	1762	479
13:27:38	133	1759	486
13:27:38	132	1762	485
13:27:38	134	1761	485
13:27:38	138	1760	484
13:27:38	136	1761	485
13:27:38	133	1761	485
13:27:38	137	1765	484
13:27:38	133	1761	487
13:27:38	132	1762	486
13:27:38	134	1763	486
13:27:38	133	1762	486
13:27:38	135	1763	489
13:27:38	135	1762	483
13:27:38	131	1760	483
13:27:38	132	1761	482
13:27:38	132	1763	490
13:27:38	131	1761	491
13:27:38	129	1763	482
13:27:38	133	1761	489
13:27:38	130	1763	490
13:27:38	130	1763	482
13:27:38	128	1761	487
13:27:38	129	1763	483
13:27:38	132	1761	491
13:27:38	131	1762	486
13:27:38	132	1761	479
13:27:38	132	1761	489
13:27:38	130	1760	486
13:27:38	131	1761	483
13:27:38	130	1761	486
13:27:38	134	1763	491
13:27:38	130	1760	490
13:27:38	131	1760	490
13:27:38	130	1763	489
13:27:38	132	1761	491
13:27:38	131	1749	495
13:27:38	128	1762	488
13:27:38	129	1759	486
13:27:38	128	1760	487
13:27:38	133	1759	492
13:27:38	132	1760	490
13:27:38	132	1761	493
13:27:38	131	1762	490
13:27:38	130	1761	495
13:27:38	128	1760	486
13:27:38	128	1759	489
13:27:38	128	1762	485
13:27:38	130	1759	491
13:27:38	129	1760	494
13:27:38	133	1762	496
13:27:38	119	1761	494
13:27:38	134	1762	495
13:27:38	130	1761	487
13:27:38	128	1760	486
13:27:38	129	1760	493
13:27:38	131	1759	494
13:27:38	130	1760	493
13:27:38	134	1763	490
13:27:38	132	1762	494
13:27:38	134	1762	486
13:27:38	130	1761	489
13:27:38	130	1759	487
13:27:38	129	1759	494
13:27:38	132	1760	496
13:27:38	131	1762	496
13:27:38	133	1762	497
13:27:38	123	1758	496
13:27:38	131	1763	499
13:27:38	129	1761	493
13:27:38	130	1760	496
13:27:38	133	1759	497
13:27:38	133	1760	497
13:27:38	130	1759	496
13:27:38	132	1762	499
13:27:38	131	1760	498
13:27:38	132	1763	502
13:27:38	131	1760	496
13:27:38	305	1767	48
13:27:38	286	1769	90
13:27:38	268	1767	128
13:27:38	254	1770	157
13:27:38	241	1767	183
13:27:38	233	1759	208
13:27:38	221	1766	229
13:27:38	218	1767	247
13:27:38	208	1769	258
13:27:38	201	1765	272
13:27:38	194	1766	283
13:27:38	193	1766	300
13:27:38	190	1764	314
13:27:38	191	1766	325
13:27:38	183	1766	333
13:27:38	181	1770	336
13:27:38	176	1762	342
13:27:38	176	1765	352
13:27:38	174	1761	357
13:27:38	170	1766	365
13:27:38	170	1765	374
13:27:38	172	1765	380
13:27:38	167	1763	387
13:27:38	169	1763	382
13:27:38	163	1764	389
13:27:38	162	1765	393
13:27:38	159	1762	398
13:27:38	160	1761	400
13:27:38	160	1763	403
13:27:38	160	1761	406
13:27:38	157	1762	414
13:27:38	155	1762	411
13:27:38	154	1762	416
13:27:38	155	1763	418
13:27:38	155	1763	423
13:27:38	155	1763	427
13:27:38	158	1762	429
13:27:38	154	1763	431
13:27:38	154	1761	432
13:27:38	150	1763	432
13:27:38	151	1763	435
13:27:38	147	1764	435
13:27:38	153	1763	441
13:27:38	147	1762	440
13:27:38	154	1763	443
13:27:38	149	1766	443
13:27:38	149	1763	449
13:27:38	146	1762	447
13:27:38	150	1759	446
13:27:38	147	1762	446
13:27:38	149	1763	452
13:27:38	147	1763	451
13:27:38	147	1762	460
13:27:38	146	1761	453
13:27:38	148	1764	459
13:27:38	147	1763	452
13:27:38	149	1764	450
13:27:38	144	1760	453
13:27:38	146	1762	460
13:27:38	146	1760	449
13:27:38	145	1760	463
13:27:38	144	1762	461
13:27:38	147	1762	464
13:27:38	144	1763	458
13:27:38	144	1761	458
13:27:38	144	1761	464
13:27:38	144	1761	464
13:27:38	144	1761	461
13:27:38	145	1762	466
13:27:38	146	1763	464
13:27:38	145	1761	458
13:27:38	143	1766	463
13:27:38	144	1761	462
13:27:38	143	1759	466
13:27:38	141	1762	464
13:27:38	144	1762	465
13:27:38	146	1762	466
13:27:38	145	1762	469
13:27:38	145	1759	464
13:27:38	144	1761	465
13:27:38	143	1762	465
13:27:38	153	1761	471
13:27:38	144	1760	470
13:27:38	144	1762	468
13:27:38	144	1761	470
13:27:38	144	1761	467
13:27:38	143	1761	465
13:27:38	142	1762	466
13:27:38	142	1761	467
13:27:38	144	1761	475
13:27:38	144	1761	476
13:27:38	144	1761	473
13:27:38	141	1762	470
13:27:38	144	1760	474
13:27:38	142	1761	473
13:27:38	143	1760	474
13:27:38	142	1761	470
13:27:38	143	1761	481
13:27:38	145	1760	475
13:27:38	143	1760	477
13:27:38	142	1761	476
13:27:38	144	1761	477
13:27:38	143	1761	477
13:27:38	143	1761	474
13:27:38	141	1761	478
13:27:38	142	1760	475
13:27:38	141	1759	478
13:27:38	144	1761	479
13:27:38	142	1761	479
13:27:38	146	1761	483
13:27:38	142	1761	477
13:27:38	143	1760	478
13:27:38	141	1761	478
13:27:38	143	1760	481
13:27:38	142	1761	481
13:27:38	144	1761	481
13:27:38	142	1761	483
13:27:38	142	1760	485
13:27:38	141	1763	477
13:27:38	141	1761	478
13:27:38	138	1760	480
13:27:38	144	1760	482
13:27:38	142	1760	481
13:27:38	135	1762	486
13:27:38	143	1759	483
13:27:38	142	1762	486
13:27:38	141	1759	484
13:27:38	141	1760	481
13:27:38	139	1761	481
13:27:38	142	1761	483
13:27:38	141	1760	485
13:27:38	142	1763	487
13:27:38	144	1760	485
13:27:38	144	1763	485
13:27:38	139	1760	478
13:27:38	141	1761	480
13:27:39	142	1761	485
13:27:39	142	1764	487
13:27:39	141	1770	485
13:27:39	142	1762	483
13:27:39	141	1758	483
13:27:39	144	1762	477
13:27:39	139	1760	483
13:27:39	142	1759	484
13:27:39	137	1762	483
13:27:39	133	1760	489
13:27:39	142	1759	486
13:27:39	141	1760	484
13:27:39	140	1761	492
13:27:39	142	1761	480
13:27:39	138	1760	483
13:27:39	138	1761	481
13:27:39	140	1761	488
13:27:39	139	1760	488
13:27:39	140	1751	487
13:27:39	141	1760	484
13:27:39	138	1763	490
13:27:39	137	1761	481
13:27:39	133	1762	481
13:27:39	135	1761	482
13:27:39	137	1763	489
13:27:39	140	1759	487
13:27:39	139	1763	487
13:27:39	139	1761	487
13:27:39	139	1757	489
13:27:39	135	1761	484
13:27:39	137	1751	485
13:27:39	138	1759	483
13:27:39	139	1761	491
13:27:39	142	1760	490
13:27:39	141	1760	489
13:27:39	139	1762	488
13:27:39	142	1761	491
13:27:39	139	1761	488
13:27:39	139	1761	491
13:27:39	141	1762	491
13:27:39	139	1762	491
13:27:39	141	1763	489
13:27:39	141	1759	492
13:27:39	141	1761	490
13:27:39	139	1760	495
13:27:39	135	1761	489
13:27:39	137	1762	487
13:27:39	140	1763	494
13:27:39	139	1760	493
13:27:39	141	1761	491
13:27:39	142	1761	495
13:27:39	138	1761	491
13:27:39	141	1763	496
13:27:39	144	1763	486
13:27:39	137	1758	486
13:27:39	135	1761	486
13:27:39	137	1759	485
13:27:39	139	1763	492
13:27:39	139	1759	496
13:27:39	139	1761	494
13:27:39	140	1763	495
13:27:39	137	1760	486
13:27:39	134	1759	489
13:27:39	138	1759	485
13:27:39	139	1763	495
13:27:39	135	1759	494
13:27:39	139	1761	495
13:27:39	137	1757	493
13:27:39	140	1760	496
13:27:39	136	1758	487
13:27:39	135	1760	489
13:27:39	134	1758	501
13:27:39	139	1759	494
13:27:39	135	1760	493
13:27:39	138	1760	492
13:27:39	135	1759	484
13:27:39	139	1760	486
13:27:39	133	1759	486
13:27:39	133	1760	485
13:27:39	131	1758	495
13:27:39	136	1759	495
13:27:39	137	1759	494
13:27:39	139	1761	495
13:27:39	135	1760	495
13:27:39	138	1761	486
13:27:39	134	1761	485
13:27:39	131	1759	489
13:27:39	133	1758	498
13:27:39	139	1758	495
13:27:39	137	1759	494
13:27:39	135	1760	494
13:27:39	135	1758	496
13:27:39	134	1761	490
13:27:39	133	1758	493
13:27:39	133	1759	496
13:27:39	135	1761	496
13:27:39	141	1758	495
13:27:39	137	1762	495
13:27:39	139	1763	496
13:27:39	137	1762	496
13:27:39	133	1761	491
13:27:39	135	1760	494
13:27:39	133	1759	486
13:27:39	139	1759	496
13:27:39	132	1759	496
13:27:39	142	1761	494
13:27:39	137	1764	496
13:27:39	138	1763	496
13:27:39	135	1760	492
13:27:39	135	1759	492
13:27:39	134	1759	497
13:27:39	137	1759	496
13:27:39	138	1750	496
13:27:39	138	1760	496
13:27:39	137	1762	495
13:27:39	139	1760	499
13:27:39	131	1760	491
13:27:39	137	1759	490
13:27:39	133	1767	496
13:27:39	135	1755	496
13:27:39	138	1758	496
13:27:39	138	1759	503
13:27:39	137	1760	495
13:27:39	138	1762	497
13:27:39	137	1760	493
13:27:39	135	1761	493
13:27:39	137	1760	495
13:27:39	137	1761	497
13:27:39	134	1759	496
13:27:39	142	1760	499
13:27:39	141	1761	496
13:27:39	139	1762	499
13:27:39	135	1760	496
13:27:39	140	1760	502
13:27:39	138	1760	496
13:27:39	138	1761	499
13:27:39	138	1761	496
13:27:39	137	1761	497
13:27:39	138	1760	496
13:27:39	137	1761	500
13:27:39	140	1762	499
13:27:39	138	1761	498
13:27:39	371	1769	56
13:27:39	349	1769	96
13:27:39	330	1769	127
13:27:39	315	1769	154
13:27:39	304	1767	178
13:27:39	337	1770	71
13:27:39	317	1769	112
13:27:39	304	1767	138
13:27:39	288	1769	163
13:27:39	277	1767	194
13:27:39	269	1766	208
13:27:39	257	1767	225
13:27:39	251	1766	241
13:27:39	242	1765	257
13:27:39	240	1770	272
13:27:39	234	1767	284
13:27:39	231	1769	299
13:27:39	223	1767	303
13:27:39	222	1765	305
13:27:39	214	1765	324
13:27:39	208	1766	327
13:27:39	209	1765	337
13:27:39	208	1766	345
13:27:39	208	1765	352
13:27:39	206	1766	353
13:27:39	199	1763	363
13:27:39	195	1764	367
13:27:39	200	1764	371
13:27:39	193	1761	375
13:27:39	192	1763	383
13:27:39	192	1761	386
13:27:39	193	1763	391
13:27:39	185	1762	389
13:27:39	187	1763	396
13:27:39	183	1762	398
13:27:39	177	1763	400
13:27:39	182	1766	403
13:27:39	181	1762	407
13:27:39	182	1765	414
13:27:39	181	1763	419
13:27:39	178	1763	414
13:27:39	179	1763	419
13:27:39	178	1751	431
13:27:39	178	1763	428
13:27:39	179	1763	427
13:27:39	179	1762	428
13:27:39	178	1762	432
13:27:39	177	1763	434
13:27:39	175	1763	433
13:27:39	174	1762	432
13:27:39	176	1761	448
13:27:39	176	1761	439
13:27:39	176	1762	439
13:27:39	175	1761	441
13:27:39	175	1761	443
13:27:39	175	1763	448
13:27:39	176	1762	443
13:27:39	171	1762	446
13:27:39	174	1761	448
13:27:39	175	1762	451
13:27:39	173	1762	449
13:27:39	175	1771	457
13:27:39	173	1761	454
13:27:39	172	1763	458
13:27:39	170	1762	453
13:27:39	175	1761	453
13:27:39	172	1762	453
13:27:39	173	1766	455
13:27:39	173	1762	458
13:27:39	171	1761	464
13:27:39	172	1761	461
13:27:39	174	1762	464
13:27:39	170	1762	461
13:27:39	171	1761	459
13:27:39	167	1760	470
13:27:39	171	1761	464
13:27:39	170	1761	464
13:27:39	172	1755	466
13:27:39	167	1762	465
13:27:39	169	1763	467
13:27:39	169	1760	464
13:27:39	166	1761	464
13:27:39	167	1761	465
13:27:39	167	1760	466
13:27:39	166	1762	465
13:27:39	168	1762	464
13:27:39	165	1762	466
13:27:39	169	1764	463
13:27:39	166	1756	464
13:27:39	163	1761	464
13:27:39	165	1761	469
13:27:39	165	1761	465
13:27:39	166	1761	469
13:27:39	165	1760	467
13:27:39	167	1762	469
13:27:39	161	1762	467
13:27:39	162	1762	467
13:27:39	162	1763	464
13:27:39	164	1760	470
13:27:39	163	1761	474
13:27:39	160	1761	471
13:27:39	162	1762	470
13:27:39	165	1762	475
13:27:39	160	1759	469
13:27:39	161	1761	470
13:27:39	159	1760	469
13:27:39	160	1761	470
13:27:39	164	1761	465
13:27:39	162	1760	468
13:27:39	160	1761	477
13:27:39	161	1761	475
13:27:39	160	1759	471
13:27:39	157	1760	475
13:27:39	158	1748	472
13:27:39	161	1758	478
13:27:39	162	1759	476
13:27:39	157	1759	478
13:27:39	161	1761	475
13:27:39	161	1759	481
13:27:39	162	1763	470
13:27:39	160	1760	474
13:27:39	158	1759	473
13:27:39	160	1759	479
13:27:39	158	1760	479
13:27:39	159	1762	483
13:27:39	160	1760	477
13:27:39	160	1762	483
13:27:39	159	1760	476
13:27:39	158	1764	475
13:27:39	158	1761	483
13:27:39	160	1760	480
13:27:39	160	1762	481
13:27:39	160	1762	477
13:27:39	160	1759	480
13:27:39	161	1762	482
13:27:39	158	1761	482
13:27:39	155	1760	477
13:27:39	156	1754	495
13:27:39	160	1759	481
13:27:39	163	1760	482
13:27:39	160	1763	486
13:27:39	158	1759	482
13:27:39	161	1763	483
13:27:39	155	1760	478
13:27:39	156	1758	479
13:27:39	155	1763	480
13:27:39	156	1759	497
13:27:39	158	1760	483
13:27:39	159	1759	483
13:27:39	157	1760	482
13:27:39	159	1757	478
13:27:39	160	1759	479
13:27:39	158	1759	481
13:27:39	156	1759	485
13:27:39	158	1760	487
13:27:39	154	1758	485
13:27:39	157	1759	483
13:27:39	156	1760	485
13:27:39	153	1761	482
13:27:39	154	1761	480
13:27:39	152	1759	478
13:27:39	154	1760	485
13:27:39	156	1761	485
13:27:39	157	1758	485
13:27:39	157	1759	487
13:27:39	157	1759	485
13:27:39	155	1760	480
13:27:39	151	1758	480
13:27:39	155	1759	480
13:27:39	156	1757	487
13:27:39	156	1759	488
13:27:39	154	1758	487
13:27:40	157	1759	487
13:27:40	158	1762	486
13:27:40	157	1759	487
13:27:40	155	1763	494
13:27:40	157	1761	482
13:27:40	155	1760	485
13:27:40	157	1759	486
13:27:40	156	1761	491
13:27:40	157	1760	486
13:27:40	157	1763	490
13:27:40	159	1761	487
13:27:40	158	1764	495
13:27:40	158	1763	489
13:27:40	157	1760	487
13:27:40	155	1761	487
13:27:40	158	1762	494
13:27:40	158	1763	492
13:27:40	157	1763	491
13:27:40	155	1761	493
13:27:40	159	1763	496
13:27:40	151	1764	491
13:27:40	158	1761	493
13:27:40	158	1761	491
13:27:40	158	1763	490
13:27:40	157	1764	491
13:27:40	155	1762	492
13:27:40	156	1762	490
13:27:40	159	1763	492
13:27:40	157	1762	492
13:27:40	155	1763	493
13:27:40	157	1761	493
13:27:40	158	1761	493
13:27:40	155	1766	495
13:27:40	157	1763	493
13:27:40	158	1764	493
13:27:40	155	1762	491
13:27:40	155	1762	493
13:27:40	156	1765	495
13:27:40	157	1765	494
13:27:40	156	1761	496
13:27:40	155	1763	493
13:27:40	155	1762	492
13:27:40	151	1764	495
13:27:40	157	1760	493
13:27:40	159	1765	493
13:27:40	164	1765	495
13:27:40	155	1763	493
13:27:40	155	1763	496
13:27:40	157	1764	494
13:27:40	157	1763	493
13:27:40	155	1758	498
13:27:40	158	1763	495
13:27:40	157	1763	495
13:27:40	157	1761	496
13:27:40	156	1767	497
13:27:40	155	1764	496
13:27:40	155	1763	496
13:27:40	156	1764	499
13:27:40	157	1766	498
13:27:40	159	1765	498
13:27:40	156	1763	498
13:27:40	157	1764	499
13:27:40	157	1764	498
13:27:40	155	1763	499
13:27:40	156	1764	499
13:27:40	155	1765	501
13:27:40	157	1765	502
13:27:40	157	1764	503
13:27:40	157	1767	503
13:27:40	158	1764	497
13:27:40	154	1763	499
13:27:40	171	1763	368
13:27:40	171	1765	378
13:27:40	163	1765	392
13:27:40	159	1763	400
13:27:40	160	1763	401
13:27:40	158	1766	412
13:27:40	144	1766	417
13:27:40	149	1765	425
13:27:40	157	1762	433
13:27:40	149	1763	436
13:27:40	150	1765	444
13:27:40	150	1763	447
13:27:40	151	1765	446
13:27:40	147	1763	455
13:27:40	146	1763	457
13:27:40	146	1763	464
13:27:40	147	1763	464
13:27:40	147	1762	464
13:27:40	150	1765	465
13:27:40	149	1765	469
13:27:40	149	1765	464
13:27:40	147	1765	470
13:27:40	147	1761	469
13:27:40	147	1763	479
13:27:40	147	1763	480
13:27:40	148	1763	477
13:27:40	152	1764	484
13:27:40	214	1765	96
13:27:40	205	1766	134
13:27:40	192	1765	162
13:27:40	185	1766	186
13:27:40	177	1766	208
13:27:40	174	1765	228
13:27:40	169	1763	247
13:27:40	165	1766	257
13:27:40	161	1765	273
13:27:40	158	1765	291
13:27:40	157	1763	304
13:27:40	151	1764	316
13:27:40	147	1764	323
13:27:40	145	1767	334
13:27:40	145	1769	342
13:27:40	144	1766	348
13:27:40	145	1765	359
13:27:40	144	1762	366
13:27:40	144	1763	370
13:27:40	141	1761	375
13:27:40	142	1763	382
13:27:40	144	1767	392
13:27:40	142	1763	393
13:27:40	140	1762	400
13:27:40	142	1770	412
13:27:40	141	1765	411
13:27:40	143	1763	413
13:27:40	139	1763	415
13:27:40	141	1765	415
13:27:40	142	1765	426
13:27:40	140	1766	430
13:27:40	142	1763	431
13:27:40	140	1762	433
13:27:40	140	1763	435
13:27:40	142	1764	437
13:27:40	138	1763	437
13:27:40	140	1761	443
13:27:40	141	1764	443
13:27:40	140	1763	447
13:27:40	227	1765	71
13:27:40	208	1765	109
13:27:40	201	1764	143
13:27:40	191	1763	164
13:27:40	186	1766	181
13:27:40	176	1766	207
13:27:40	171	1767	226
13:27:40	165	1763	240
13:27:40	171	1765	260
13:27:40	160	1763	272
13:27:40	158	1766	285
13:27:40	151	1766	295
13:27:40	154	1764	304
13:27:40	150	1763	313
13:27:40	147	1765	321
13:27:40	149	1765	331
13:27:40	144	1761	336
13:27:40	145	1762	345
13:27:40	144	1763	353
13:27:40	143	1764	359
13:27:40	141	1762	363
13:27:40	141	1762	368
13:27:40	139	1760	370
13:27:40	139	1761	377
13:27:40	135	1762	383
13:27:40	139	1760	393
13:27:40	139	1761	394
13:27:40	138	1761	401
13:27:40	135	1762	400
13:27:40	136	1761	401
13:27:40	134	1761	403
13:27:40	135	1761	413
13:27:40	139	1759	415
13:27:40	137	1763	417
13:27:40	135	1762	418
13:27:40	138	1762	425
13:27:40	137	1761	428
13:27:40	138	1761	432
13:27:40	138	1761	433
13:27:40	137	1763	434
13:27:40	139	1761	439
13:27:40	139	1762	441
13:27:40	141	1762	443
13:27:40	139	1762	447
13:27:40	139	1761	448
13:27:40	139	1763	448
13:27:40	144	1763	454
13:27:40	143	1761	453
13:27:40	227	1766	71
13:27:40	213	1769	106
13:27:40	202	1766	140
13:27:40	193	1769	166
13:27:40	186	1771	192
13:27:40	176	1767	208
13:27:40	176	1767	229
13:27:40	175	1767	245
13:27:40	166	1765	256
13:27:40	162	1763	272
13:27:40	160	1763	282
13:27:40	156	1767	302
13:27:40	153	1770	308
13:27:40	152	1767	319
13:27:40	154	1766	327
13:27:40	148	1764	336
13:27:40	144	1765	338
13:27:40	143	1763	351
13:27:40	144	1765	352
13:27:40	142	1754	361
13:27:40	140	1761	368
13:27:40	141	1761	373
13:27:40	140	1763	383
13:27:40	139	1763	384
13:27:40	139	1763	385
13:27:40	140	1763	387
13:27:40	137	1761	391
13:27:40	134	1761	396
13:27:40	134	1760	399
13:27:40	135	1749	405
13:27:40	139	1763	410
13:27:40	135	1763	416
13:27:40	135	1762	409
13:27:40	132	1761	414
13:27:40	133	1773	424
13:27:40	137	1760	426
13:27:40	135	1763	428
13:27:40	138	1762	431
13:27:40	137	1761	432
13:27:40	138	1761	436
13:27:41	137	1762	433
13:27:41	135	1762	435
13:27:41	135	1761	440
13:27:41	138	1762	443
13:27:41	138	1762	441
13:27:41	135	1760	448
13:27:41	136	1760	447
13:27:41	137	1762	448
13:27:41	133	1762	446
13:27:41	133	1760	447
13:27:41	145	1762	375
13:27:41	144	1763	391
13:27:41	141	1761	393
13:27:41	140	1759	399
13:27:41	128	1762	406
13:27:41	138	1760	414
13:27:41	137	1759	419
13:27:41	139	1762	428
13:27:41	138	1760	426
13:27:41	138	1761	432
13:27:41	131	1759	430
13:27:41	133	1763	431
13:27:41	129	1759	432
13:27:41	131	1758	435
13:27:41	133	1759	452
13:27:41	135	1761	448
13:27:41	135	1760	448
13:27:41	135	1762	451
13:27:41	131	1760	448
13:27:41	133	1760	453
13:27:41	133	1760	453
13:27:41	136	1760	458
13:27:41	136	1761	459
13:27:41	134	1760	464
13:27:41	135	1761	463
13:27:41	137	1762	465
13:27:41	134	1759	464
13:27:41	137	1761	464
13:27:41	138	1762	465
13:27:41	154	1762	304
13:27:41	146	1762	324
13:27:41	145	1763	336
13:27:41	144	1763	352
13:27:41	138	1762	359
13:27:41	135	1763	368
13:27:41	137	1762	374
13:27:41	135	1762	394
13:27:41	134	1762	400
13:27:41	135	1764	403
13:27:41	133	1761	409
13:27:41	136	1761	419
13:27:41	135	1761	418
13:27:41	132	1763	426
13:27:41	134	1762	430
13:27:41	130	1762	434
13:27:41	132	1761	434
13:27:41	131	1762	443
13:27:41	138	1763	448
13:27:41	133	1762	449
13:27:41	135	1765	451
13:27:41	134	1762	450
13:27:41	145	1763	343
13:27:41	144	1764	362
13:27:41	142	1763	374
13:27:41	136	1763	384
13:27:41	135	1765	393
13:27:41	132	1762	400
13:27:41	133	1764	405
13:27:41	133	1763	415
13:27:41	132	1764	423
13:27:41	136	1765	425
13:27:41	131	1762	431
13:27:41	133	1764	435
13:27:41	153	1764	261
13:27:41	146	1767	284
13:27:41	143	1764	304
13:27:41	139	1763	320
13:27:41	138	1764	329
13:27:41	134	1763	342
13:27:41	129	1763	355
13:27:41	128	1763	365
13:27:41	128	1762	370
13:27:41	128	1762	385
13:27:41	128	1765	389
13:27:41	151	1764	223
13:27:41	144	1766	249
13:27:41	141	1767	272
13:27:41	141	1766	290
13:27:41	137	1765	301
13:27:41	130	1767	315
13:27:41	129	1762	334
13:27:41	128	1764	343
13:27:41	128	1764	350
13:27:41	125	1765	368
13:27:41	128	1765	370
13:27:41	150	1765	210
13:27:41	144	1765	240
13:27:41	138	1765	260
13:27:41	135	1766	281
13:27:41	128	1765	295
13:27:41	128	1766	308
13:27:41	127	1766	326
13:27:41	127	1765	336
13:27:41	123	1763	344
13:27:41	123	1766	358
13:27:41	125	1765	365
13:27:41	124	1765	377
13:27:41	144	1764	209
13:27:41	139	1766	240
13:27:41	134	1763	266
13:27:41	132	1764	279
13:27:41	128	1762	297
13:27:41	131	1767	311
13:27:41	123	1763	326
13:27:41	125	1766	336
13:27:41	116	1766	341
13:27:41	122	1763	351
13:27:41	122	1763	367
13:27:41	119	1762	370
13:27:41	119	1762	378
13:27:41	122	1763	387
13:27:41	117	1763	393
13:27:41	122	1764	400
13:27:41	122	1763	403
13:27:41	122	1763	410
13:27:41	123	1766	415
13:27:41	122	1765	422
13:27:41	123	1762	425
13:27:41	123	1763	430
13:27:41	125	1763	431
13:27:41	187	1765	97
13:27:41	176	1765	128
13:27:41	162	1765	159
13:27:41	155	1765	189
13:27:41	148	1765	209
13:27:41	144	1765	226
13:27:41	142	1766	249
13:27:41	140	1765	266
13:27:41	135	1770	275
13:27:41	134	1763	293
13:27:41	133	1763	295
13:27:41	139	1766	266
13:27:41	138	1764	282
13:27:41	131	1763	299
13:27:41	129	1766	306
13:27:41	128	1761	320
13:27:41	128	1763	331
13:27:41	125	1765	339
13:27:41	125	1763	351
13:27:41	124	1766	361
13:27:41	122	1764	359
13:27:41	126	1763	374
13:27:41	358	1767	49
13:27:41	337	1766	87
13:27:41	318	1767	122
13:27:41	304	1767	151
13:27:41	294	1767	174
13:27:41	283	1767	192
13:27:41	272	1767	210
13:27:41	265	1767	228
13:27:41	257	1765	244
13:27:41	251	1767	261
13:27:41	241	1767	273
13:27:41	240	1767	286
13:27:41	234	1767	299
13:27:41	229	1766	307
13:27:41	225	1765	319
13:27:41	225	1771	323
13:27:41	220	1765	336
13:27:41	218	1770	335
13:27:41	211	1767	346
13:27:41	208	1767	350
13:27:41	208	1765	359
13:27:41	207	1766	368
13:27:41	206	1767	369
13:27:41	221	1764	263
13:27:41	217	1761	291
13:27:41	208	1763	304
13:27:41	205	1765	318
13:27:41	198	1762	320
13:27:41	198	1763	330
13:27:41	193	1760	337
13:27:41	189	1761	343
13:27:41	186	1765	363
13:27:41	193	1764	369
13:27:41	186	1763	373
13:27:41	187	1761	350
13:27:41	182	1762	362
13:27:41	176	1762	366
13:27:41	177	1759	372
13:27:41	176	1759	384
13:27:41	167	1759	385
13:27:41	176	1759	389
13:27:41	176	1759	395
13:27:41	176	1759	395
13:27:41	176	1759	400
13:27:41	175	1757	403
13:27:41	175	1761	409
13:27:41	174	1749	410
13:27:41	175	1759	414
13:27:41	176	1760	417
13:27:41	175	1762	414
13:27:41	164	1760	415
13:27:41	169	1760	418
13:27:41	163	1759	418
13:27:41	167	1758	421
13:27:41	167	1757	432
13:27:41	166	1758	432
13:27:41	167	1759	432
13:27:41	167	1758	432
13:27:41	166	1758	434
13:27:41	163	1760	435
13:27:41	166	1760	437
13:27:41	167	1760	439
13:27:41	166	1759	440
13:27:41	165	1759	441
13:27:41	163	1759	436
13:27:41	166	1762	447
13:27:41	166	1762	447
13:27:41	166	1758	441
13:27:41	167	1761	450
13:27:41	166	1760	450
13:27:41	163	1760	451
13:27:41	163	1761	451
13:27:41	166	1761	452
13:27:41	165	1760	455
13:27:41	159	1760	451
13:27:41	162	1762	454
13:27:41	161	1760	454
13:27:41	164	1761	454
13:27:41	161	1762	455
13:27:41	163	1760	458
13:27:41	163	1761	459
13:27:41	161	1760	459
13:27:41	161	1763	457
13:27:41	161	1761	461
13:27:41	164	1759	462
13:27:41	163	1762	462
13:27:41	162	1763	463
13:27:41	162	1760	463
13:27:41	163	1760	462
13:27:41	163	1761	464
13:27:41	165	1761	462
13:27:41	161	1762	464
13:27:41	162	1761	464
13:27:42	161	1759	464
13:27:42	160	1762	464
13:27:42	162	1761	464
13:27:42	160	1761	464
13:27:42	160	1762	464
13:27:42	161	1761	464
13:27:42	160	1759	468
13:27:42	161	1761	466
13:27:42	160	1762	465
13:27:42	161	1761	466
13:27:42	159	1762	467
13:27:42	157	1760	466
13:27:42	163	1758	465
13:27:42	159	1763	473
13:27:42	157	1765	468
13:27:42	161	1761	467
13:27:42	159	1769	470
13:27:42	158	1762	471
13:27:42	158	1761	470
13:27:42	164	1762	471
13:27:42	157	1761	475
13:27:42	158	1762	469
13:27:42	159	1763	471
13:27:42	159	1761	471
13:27:42	158	1763	471
13:27:42	160	1763	475
13:27:42	159	1762	478
13:27:42	158	1762	479
13:27:42	158	1763	481
13:27:42	159	1762	481
13:27:42	159	1763	482
13:27:42	162	1763	484
13:27:42	160	1763	484
13:27:42	161	1765	483
13:27:42	160	1765	487
13:27:42	159	1763	489
13:27:42	161	1763	488
13:27:42	160	1762	486
13:27:42	160	1762	490
13:27:42	162	1764	488
13:27:42	159	1763	491
13:27:42	378	1769	57
13:27:42	358	1766	93
13:27:42	338	1770	124
13:27:42	323	1767	146
13:27:42	311	1767	176
13:27:42	303	1767	195
13:27:42	292	1769	211
13:27:42	286	1767	230
13:27:42	274	1767	245
13:27:42	411	1769	60
13:27:42	385	1767	91
13:27:42	368	1767	122
13:27:42	352	1766	146
13:27:42	340	1765	178
13:27:42	333	1767	195
13:27:42	320	1767	208
13:27:42	312	1767	214
13:27:42	302	1766	237
13:27:42	294	1766	247
13:27:42	289	1766	260
13:27:42	280	1763	272
13:27:42	274	1764	286
13:27:42	272	1765	295
13:27:42	270	1763	295
13:27:42	265	1763	306
13:27:42	257	1763	315
13:27:42	253	1762	321
13:27:42	249	1763	329
13:27:42	247	1765	335
13:27:42	249	1763	345
13:27:42	242	1763	349
13:27:42	240	1765	354
13:27:42	240	1764	355
13:27:42	237	1762	365
13:27:42	234	1762	368
13:27:42	233	1763	371
13:27:42	227	1761	368
13:27:42	226	1762	379
13:27:42	224	1763	383
13:27:42	224	1761	385
13:27:42	220	1763	386
13:27:42	222	1761	393
13:27:42	217	1761	400
13:27:42	217	1763	400
13:27:42	213	1760	400
13:27:42	210	1761	401
13:27:42	210	1763	400
13:27:42	208	1761	403
13:27:42	210	1759	410
13:27:42	209	1762	406
13:27:42	208	1763	415
13:27:42	208	1762	420
13:27:42	205	1763	416
13:27:42	206	1767	418
13:27:42	208	1762	421
13:27:42	204	1764	424
13:27:42	205	1762	427
13:27:42	201	1761	431
13:27:42	203	1763	430
13:27:42	202	1757	432
13:27:42	202	1763	429
13:27:42	197	1761	429
13:27:42	198	1761	437
13:27:42	196	1761	435
13:27:42	196	1757	435
13:27:42	198	1764	442
13:27:42	198	1761	439
13:27:42	195	1762	444
13:27:42	198	1761	438
13:27:42	192	1767	439
13:27:42	194	1762	441
13:27:42	193	1761	447
13:27:42	192	1761	445
13:27:42	193	1761	451
13:27:42	192	1761	448
13:27:42	193	1763	448
13:27:42	192	1761	442
13:27:42	189	1761	447
13:27:42	192	1763	449
13:27:42	189	1763	450
13:27:42	189	1759	451
13:27:42	193	1762	450
13:27:42	190	1761	453
13:27:42	191	1763	448
13:27:42	188	1763	450
13:27:42	186	1761	451
13:27:42	188	1761	450
13:27:42	183	1759	460
13:27:42	190	1761	458
13:27:42	188	1761	457
13:27:42	188	1763	460
13:27:42	188	1760	454
13:27:42	184	1761	453
13:27:42	182	1759	455
13:27:42	190	1759	461
13:27:42	183	1761	462
13:27:42	185	1759	461
13:27:42	187	1759	461
13:27:42	185	1761	463
13:27:42	186	1761	458
13:27:42	185	1762	459
13:27:42	180	1760	461
13:27:42	186	1759	464
13:27:42	184	1761	464
13:27:42	182	1761	463
13:27:42	182	1760	464
13:27:42	183	1760	465
13:27:42	181	1760	463
13:27:42	181	1760	464
13:27:42	178	1761	464
13:27:42	182	1761	467
13:27:42	182	1761	465
13:27:42	181	1761	465
13:27:42	180	1760	467
13:27:42	181	1757	468
13:27:42	179	1760	464
13:27:42	178	1758	464
13:27:42	177	1760	464
13:27:42	183	1755	463
13:27:42	180	1760	467
13:27:42	178	1759	469
13:27:42	179	1754	469
13:27:42	177	1759	476
13:27:42	176	1760	465
13:27:42	178	1759	464
13:27:42	176	1761	465
13:27:42	178	1759	471
13:27:42	177	1759	474
13:27:42	178	1767	476
13:27:42	177	1759	471
13:27:42	177	1761	475
13:27:42	176	1760	469
13:27:42	177	1758	467
13:27:42	173	1759	474
13:27:42	177	1759	479
13:27:42	178	1758	473
13:27:42	176	1760	475
13:27:42	178	1760	471
13:27:42	177	1760	478
13:27:42	176	1760	467
13:27:42	176	1762	471
13:27:42	176	1759	467
13:27:42	176	1761	475
13:27:42	176	1759	477
13:27:42	176	1760	478
13:27:42	177	1759	471
13:27:42	177	1751	480
13:27:42	174	1760	469
13:27:42	175	1759	467
13:27:42	176	1759	481
13:27:42	176	1759	477
13:27:42	176	1757	478
13:27:42	176	1760	480
13:27:42	176	1761	475
13:27:42	178	1761	471
13:27:42	176	1759	473
13:27:42	175	1761	475
13:27:42	176	1758	470
13:27:42	176	1759	482
13:27:42	175	1760	480
13:27:42	176	1761	477
13:27:42	169	1760	479
13:27:42	176	1759	480
13:27:42	176	1761	480
13:27:42	176	1759	479
13:27:42	176	1759	480
13:27:42	176	1761	479
13:27:42	176	1760	479
13:27:42	176	1759	481
13:27:42	176	1761	479
13:27:42	176	1760	479
13:27:42	176	1763	481
13:27:42	176	1761	477
13:27:42	176	1761	481
13:27:42	175	1763	481
13:27:42	176	1762	480
13:27:42	176	1757	481
13:27:42	176	1761	481
13:27:42	176	1756	482
13:27:42	176	1762	482
13:27:42	176	1762	483
13:27:42	176	1761	481
13:27:42	176	1762	483
13:27:42	176	1761	483
13:27:42	176	1763	486
13:27:42	176	1761	483
13:27:42	176	1763	485
13:27:42	179	1762	490
13:27:42	176	1760	485
13:27:43	176	1763	485
13:27:43	176	1761	486
13:27:43	176	1763	491
13:27:43	176	1762	487
13:27:43	176	1763	486
13:27:43	173	1761	487
13:27:43	176	1763	493
13:27:43	176	1763	487
13:27:43	176	1764	486
13:27:43	176	1763	487
13:27:43	176	1759	495
13:27:43	177	1765	490
13:27:43	176	1763	489
13:27:43	176	1763	490
13:27:43	177	1764	496
13:27:43	176	1763	491
13:27:43	176	1763	490
13:27:43	176	1761	491
13:27:43	177	1764	489
13:27:43	176	1766	490
13:27:43	176	1763	491
13:27:43	176	1763	490
13:27:43	176	1766	491
13:27:43	176	1763	493
13:27:43	176	1765	491
13:27:43	175	1762	490
13:27:43	176	1766	493
13:27:43	176	1751	492
13:27:43	176	1762	490
13:27:43	176	1763	493
13:27:43	176	1766	496
13:27:43	176	1762	491
13:27:43	176	1765	493
13:27:43	176	1762	494
13:27:43	174	1762	491
13:27:43	176	1762	493
13:27:43	174	1763	487
13:27:43	174	1763	489
13:27:43	174	1761	487
13:27:43	176	1761	494
13:27:43	176	1762	486
13:27:43	173	1761	495
13:27:43	174	1767	493
13:27:43	176	1761	496
13:27:43	175	1761	495
13:27:43	173	1762	490
13:27:43	172	1761	487
13:27:43	175	1763	496
13:27:43	175	1761	495
13:27:43	174	1762	495
13:27:43	176	1762	493
13:27:43	175	1762	496
13:27:43	173	1762	495
13:27:43	171	1762	490
13:27:43	173	1761	494
13:27:43	175	1761	497
13:27:43	172	1763	496
13:27:43	173	1762	496
13:27:43	172	1761	496
13:27:43	171	1763	503
13:27:43	170	1763	491
13:27:43	171	1762	493
13:27:43	170	1761	493
13:27:43	178	1761	433
13:27:43	176	1760	435
13:27:43	173	1762	442
13:27:43	171	1761	446
13:27:43	172	1759	449
13:27:43	169	1759	459
13:27:43	170	1760	462
13:27:43	170	1763	464
13:27:43	176	1760	465
13:27:43	168	1762	462
13:27:43	166	1759	463
13:27:43	166	1758	464
13:27:43	169	1757	471
13:27:43	169	1760	473
13:27:43	168	1760	480
13:27:43	167	1760	477
13:27:43	170	1762	479
13:27:43	165	1761	475
13:27:43	162	1762	479
13:27:43	166	1761	483
13:27:43	165	1760	481
13:27:43	166	1759	481
13:27:43	165	1759	486
13:27:43	169	1762	482
13:27:43	169	1762	489
13:27:43	165	1761	480
13:27:43	165	1762	482
13:27:43	163	1759	484
13:27:43	166	1760	490
13:27:43	166	1761	486
13:27:43	166	1760	492
13:27:43	170	1763	489
13:27:43	168	1751	491
13:27:43	165	1759	483
13:27:43	163	1759	481
13:27:43	174	1760	489
13:27:43	169	1761	490
13:27:43	167	1761	490
13:27:43	166	1762	494
13:27:43	167	1761	490
13:27:43	169	1765	495
13:27:43	166	1760	488
13:27:43	170	1762	494
13:27:43	166	1761	493
13:27:43	162	1761	495
13:27:43	165	1760	490
13:27:43	163	1763	495
13:27:43	163	1760	491
13:27:43	166	1759	492
13:27:43	166	1760	496
13:27:43	169	1761	496
13:27:43	166	1762	495
13:27:43	165	1760	495
13:27:43	167	1761	496
13:27:43	168	1762	496
13:27:43	167	1761	496
13:27:43	169	1762	496
13:27:43	169	1761	496
13:27:43	167	1762	501
13:27:43	169	1762	498
13:27:43	168	1763	502
13:27:43	165	1761	496
13:27:43	166	1762	499
13:27:43	170	1761	499
13:27:43	169	1762	503
13:27:43	261	1765	94
13:27:43	250	1764	128
13:27:43	237	1762	149
13:27:43	227	1765	176
13:27:43	221	1762	194
13:27:43	215	1765	215
13:27:43	210	1765	234
13:27:43	206	1763	253
13:27:43	202	1765	262
13:27:43	185	1754	278
13:27:43	191	1764	282
13:27:43	189	1760	293
13:27:43	189	1763	306
13:27:43	185	1763	317
13:27:43	181	1763	325
13:27:43	181	1763	336
13:27:43	179	1763	347
13:27:43	178	1765	348
13:27:43	176	1763	348
13:27:43	173	1763	353
13:27:43	174	1762	359
13:27:43	174	1760	364
13:27:43	169	1762	368
13:27:43	173	1762	382
13:27:43	176	1762	384
13:27:43	171	1763	389
13:27:43	165	1763	386
13:27:43	166	1760	391
13:27:43	162	1759	391
13:27:43	163	1760	397
13:27:43	161	1761	411
13:27:43	167	1761	405
13:27:43	163	1757	409
13:27:43	163	1763	402
13:27:43	161	1759	407
13:27:43	159	1761	408
13:27:43	161	1758	413
13:27:43	162	1759	421
13:27:43	162	1761	425
13:27:43	161	1760	428
13:27:43	171	1751	429
13:27:43	163	1760	427
13:27:43	147	1760	427
13:27:43	160	1759	430
13:27:43	164	1760	436
13:27:43	162	1761	438
13:27:43	161	1760	438
13:27:43	162	1759	439
13:27:43	160	1761	444
13:27:43	162	1762	443
13:27:43	157	1760	446
13:27:43	159	1761	449
13:27:43	162	1760	448
13:27:43	159	1760	448
13:27:43	158	1760	454
13:27:43	161	1761	451
13:27:43	159	1762	454
13:27:43	162	1760	457
13:27:43	159	1760	458
13:27:43	159	1761	453
13:27:43	256	1767	96
13:27:43	240	1767	128
13:27:43	231	1761	160
13:27:43	224	1772	181
13:27:43	215	1765	204
13:27:43	204	1767	218
13:27:43	203	1767	235
13:27:43	195	1766	253
13:27:43	192	1765	263
13:27:43	192	1767	274
13:27:43	189	1766	288
13:27:43	185	1765	299
13:27:43	184	1766	305
13:27:43	181	1765	319
13:27:43	180	1766	323
13:27:43	176	1766	332
13:27:43	176	1765	338
13:27:43	175	1766	343
13:27:43	174	1766	351
13:27:43	173	1766	358
13:27:43	170	1765	362
13:27:43	170	1767	358
13:27:43	169	1765	374
13:27:43	167	1765	381
13:27:43	167	1764	389
13:27:43	166	1760	387
13:27:43	166	1765	394
13:27:43	165	1764	400
13:27:43	162	1765	399
13:27:43	162	1765	401
13:27:43	160	1763	407
13:27:43	161	1761	409
13:27:43	162	1766	416
13:27:43	161	1763	418
13:27:43	161	1766	419
13:27:43	161	1765	426
13:27:43	162	1765	418
13:27:43	160	1762	429
13:27:43	160	1764	429
13:27:43	158	1766	433
13:27:43	198	1765	210
13:27:43	189	1763	240
13:27:43	181	1765	256
13:27:43	176	1767	272
13:27:43	176	1766	283
13:27:43	170	1763	299
13:27:43	168	1769	309
13:27:43	159	1761	325
13:27:43	165	1765	336
13:27:43	161	1765	343
13:27:43	160	1762	349
13:27:43	158	1765	362
13:27:43	159	1764	361
13:27:43	149	1764	368
13:27:43	155	1761	381
13:27:43	153	1762	382
13:27:43	155	1763	388
13:27:43	152	1763	398
13:27:43	153	1764	395
13:27:43	151	1763	402
13:27:43	146	1764	402
13:27:44	149	1763	406
13:27:44	149	1763	411
13:27:44	149	1762	416
13:27:44	146	1762	421
13:27:44	149	1763	427
13:27:44	151	1763	427
13:27:44	150	1764	432
13:27:44	149	1766	431
13:27:44	147	1763	433
13:27:44	148	1763	432
13:27:44	147	1761	437
13:27:44	146	1763	437
13:27:44	154	1763	446
13:27:44	151	1763	449
13:27:44	179	1762	255
13:27:44	176	1765	277
13:27:44	172	1764	299
13:27:44	166	1765	308
13:27:44	160	1764	323
13:27:44	154	1765	336
13:27:44	158	1765	349
13:27:44	159	1763	355
13:27:44	154	1764	366
13:27:44	155	1766	370
13:27:44	153	1766	383
13:27:44	176	1766	258
13:27:44	170	1766	279
13:27:44	165	1765	301
13:27:44	162	1763	313
13:27:44	154	1765	323
13:27:44	153	1765	336
13:27:44	151	1765	346
13:27:44	151	1765	356
13:27:44	149	1764	367
13:27:44	147	1765	377
13:27:44	151	1766	381
13:27:44	177	1767	231
13:27:44	176	1767	256
13:27:44	167	1765	272
13:27:44	163	1765	293
13:27:44	155	1765	303
13:27:44	156	1766	318
13:27:44	154	1765	329
13:27:44	151	1766	337
13:27:44	149	1766	349
13:27:44	147	1765	361
13:27:44	150	1767	367
13:27:44	147	1766	375
13:27:44	176	1767	230
13:27:44	173	1765	256
13:27:44	162	1767	273
13:27:44	161	1767	292
13:27:44	153	1767	304
13:27:44	151	1765	317
13:27:44	149	1766	329
13:27:44	150	1765	338
13:27:44	146	1767	350
13:27:44	144	1763	362
13:27:44	146	1767	368
13:27:44	176	1765	221
13:27:44	171	1767	246
13:27:44	162	1766	269
13:27:44	160	1768	285
13:27:44	154	1767	296
13:27:44	150	1767	309
13:27:44	146	1767	334
13:27:44	143	1765	342
13:27:44	145	1765	354
13:27:44	145	1763	366
13:27:44	173	1765	214
13:27:44	167	1767	242
13:27:44	161	1767	263
13:27:44	157	1766	279
13:27:44	149	1765	292
13:27:44	149	1763	306
13:27:44	147	1764	320
13:27:44	145	1764	331
13:27:44	144	1766	340
13:27:44	144	1764	353
13:27:44	144	1767	358
13:27:44	144	1765	368
13:27:44	429	1768	67
13:27:44	435	1767	64
13:27:44	417	1765	96
13:27:44	399	1767	123
13:27:44	384	1765	147
13:27:44	373	1766	175
13:27:44	355	1763	192
13:27:44	349	1765	208
13:27:44	337	1764	219
13:27:44	330	1766	235
13:27:44	321	1762	245
13:27:44	315	1765	258
13:27:44	307	1761	272
13:27:44	306	1765	279
13:27:44	301	1765	288
13:27:44	295	1763	303
13:27:44	287	1766	304
13:27:44	285	1761	308
13:27:44	277	1762	317
13:27:44	272	1761	321
13:27:44	272	1761	328
13:27:44	272	1761	341
13:27:44	267	1761	339
13:27:44	263	1762	350
13:27:44	260	1757	362
13:27:44	257	1762	362
13:27:44	254	1765	362
13:27:44	256	1763	368
13:27:44	247	1762	368
13:27:44	246	1759	370
13:27:44	244	1760	371
13:27:44	241	1761	379
13:27:44	240	1759	394
13:27:44	240	1763	389
13:27:44	240	1763	388
13:27:44	240	1762	395
13:27:44	234	1764	392
13:27:44	228	1760	394
13:27:44	231	1759	394
13:27:44	231	1760	398
13:27:44	230	1760	401
13:27:44	232	1760	403
13:27:44	222	1760	407
13:27:44	232	1761	400
13:27:44	224	1759	403
13:27:44	223	1759	406
13:27:44	224	1759	418
13:27:44	221	1760	415
13:27:44	219	1761	417
13:27:44	222	1761	418
13:27:44	209	1759	424
13:27:44	217	1761	424
13:27:44	214	1761	421
13:27:44	217	1761	423
13:27:44	218	1762	429
13:27:44	214	1761	429
13:27:44	213	1762	431
13:27:44	214	1759	429
13:27:44	211	1762	432
13:27:44	208	1761	432
13:27:44	209	1761	432
13:27:44	208	1762	432
13:27:44	208	1760	435
13:27:44	208	1763	438
13:27:44	208	1762	439
13:27:44	208	1761	439
13:27:44	208	1761	443
13:27:44	206	1762	440
13:27:44	206	1761	437
13:27:44	205	1761	438
13:27:44	206	1759	447
13:27:44	206	1759	447
13:27:44	205	1761	448
13:27:44	205	1761	448
13:27:44	205	1763	448
13:27:44	202	1760	445
13:27:44	191	1761	448
13:27:44	199	1759	443
13:27:44	203	1760	451
13:27:44	199	1759	449
13:27:44	195	1762	455
13:27:44	200	1761	451
13:27:44	199	1762	454
13:27:44	198	1761	448
13:27:44	197	1759	448
13:27:44	196	1759	455
13:27:44	197	1763	455
13:27:44	195	1762	454
13:27:44	200	1759	462
13:27:44	196	1761	454
13:27:44	197	1760	457
13:27:44	195	1759	451
13:27:44	193	1759	453
13:27:44	203	1763	459
13:27:44	193	1760	459
13:27:44	193	1759	460
13:27:44	193	1761	463
13:27:44	194	1760	458
13:27:44	193	1761	464
13:27:44	192	1761	448
13:27:44	191	1761	460
13:27:44	190	1760	467
13:27:44	192	1761	463
13:27:44	192	1760	463
13:27:44	192	1761	463
13:27:44	191	1762	463
13:27:44	192	1760	455
13:27:44	189	1760	457
13:27:44	189	1761	458
13:27:44	193	1759	464
13:27:44	190	1763	464
13:27:44	189	1760	464
13:27:44	192	1761	464
13:27:44	190	1762	464
13:27:44	192	1761	462
13:27:44	186	1760	463
13:27:44	187	1760	464
13:27:44	193	1759	465
13:27:44	191	1759	467
13:27:44	189	1761	464
13:27:44	188	1760	464
13:27:44	188	1762	465
13:27:44	185	1760	464
13:27:44	187	1759	464
13:27:44	185	1761	464
13:27:44	189	1759	469
13:27:44	187	1765	466
13:27:44	188	1759	468
13:27:44	187	1759	467
13:27:44	185	1760	469
13:27:44	183	1760	467
13:27:44	186	1759	465
13:27:44	182	1760	464
13:27:44	187	1760	471
13:27:44	191	1758	469
13:27:44	185	1760	469
13:27:44	183	1759	472
13:27:44	187	1759	470
13:27:44	185	1752	474
13:27:44	185	1760	474
13:27:44	187	1761	476
13:27:44	185	1760	479
13:27:44	186	1760	471
13:27:44	186	1760	478
13:27:44	187	1761	475
13:27:44	183	1757	471
13:27:44	184	1759	473
13:27:44	185	1760	480
13:27:44	183	1761	473
13:27:44	183	1761	476
13:27:44	182	1760	474
13:27:44	182	1762	482
13:27:44	182	1760	475
13:27:44	181	1763	476
13:27:44	184	1761	477
13:27:44	183	1763	481
13:27:44	183	1760	478
13:27:44	186	1761	475
13:27:44	183	1774	479
13:27:44	186	1763	480
13:27:44	185	1762	478
13:27:44	186	1765	481
13:27:44	183	1762	481
13:27:44	187	1762	482
13:27:44	183	1762	481
13:27:44	185	1763	483
13:27:44	185	1763	485
13:27:44	183	1763	489
13:27:44	183	1764	487
13:27:44	182	1762	487
13:27:44	183	1764	487
13:27:44	183	1762	487
13:27:44	186	1763	487
13:27:44	183	1763	491
13:27:44	182	1762	490
13:27:44	182	1763	491
13:27:44	182	1763	487
13:27:44	186	1763	492
13:27:44	183	1763	491
13:27:44	464	1766	74
13:27:44	439	1776	110
13:27:44	421	1766	140
13:27:44	402	1771	167
13:27:44	393	1767	185
13:27:44	381	1766	207
13:27:44	369	1767	223
13:27:44	366	1769	240
13:27:44	353	1765	255
13:27:44	346	1765	267
13:27:44	335	1765	277
13:27:44	335	1770	294
13:27:44	325	1765	301
13:27:44	320	1763	307
13:27:44	313	1766	317
13:27:44	310	1767	324
13:27:44	304	1766	334
13:27:44	304	1767	337
13:27:44	298	1765	346
13:27:44	298	1766	352
13:27:44	292	1765	362
13:27:44	286	1767	364
13:27:44	285	1767	368
13:27:44	279	1764	373
13:27:44	278	1765	382
13:27:44	274	1765	385
13:27:44	273	1765	387
13:27:44	271	1765	393
13:27:44	272	1765	398
13:27:44	270	1760	401
13:27:44	267	1766	402
13:27:44	262	1765	406
13:27:44	261	1765	410
13:27:44	259	1764	413
13:27:44	257	1761	418
13:27:44	256	1765	419
13:27:44	256	1766	423
13:27:44	254	1766	427
13:27:44	252	1765	432
13:27:44	247	1767	433
13:27:44	250	1765	434
13:27:44	247	1765	437
13:27:44	245	1767	443
13:27:44	247	1766	445
13:27:44	244	1764	447
13:27:44	241	1767	449
13:27:44	242	1765	453
13:27:44	240	1767	451
13:27:44	240	1766	455
13:27:44	240	1765	457
13:27:44	240	1765	461
13:27:44	241	1767	463
13:27:44	272	1762	291
13:27:44	263	1762	309
13:27:44	259	1764	330
13:27:44	253	1763	341
13:27:44	247	1762	356
13:27:44	240	1766	359
13:27:44	240	1773	371
13:27:44	238	1764	377
13:27:44	234	1761	384
13:27:44	228	1761	387
13:27:44	231	1763	406
13:27:44	227	1763	407
13:27:44	226	1761	415
13:27:44	223	1760	410
13:27:44	220	1759	414
13:27:44	222	1761	426
13:27:44	221	1761	433
13:27:44	218	1761	434
13:27:44	222	1761	439
13:27:44	219	1761	438
13:27:44	215	1762	446
13:27:44	210	1761	435
13:27:44	208	1759	439
13:27:44	209	1759	455
13:27:44	211	1759	450
13:27:44	211	1760	451
13:27:44	213	1760	458
13:27:44	214	1762	456
13:27:45	209	1762	459
13:27:45	207	1764	451
13:27:45	206	1760	454
13:27:45	208	1759	462
13:27:45	208	1759	464
13:27:45	207	1766	464
13:27:45	208	1760	464
13:27:45	207	1762	464
13:27:45	208	1761	464
13:27:45	205	1762	466
13:27:45	203	1759	463
13:27:45	207	1760	470
13:27:45	205	1759	473
13:27:45	204	1760	471
13:27:45	204	1761	471
13:27:45	203	1759	476
13:27:45	205	1760	467
13:27:45	200	1761	468
13:27:45	197	1759	469
13:27:45	203	1761	476
13:27:45	202	1759	470
13:27:45	201	1760	481
13:27:45	201	1759	480
13:27:45	199	1759	480
13:27:45	207	1760	478
13:27:45	199	1758	477
13:27:45	196	1755	475
13:27:45	202	1759	475
13:27:45	208	1758	484
13:27:45	200	1757	483
13:27:45	203	1762	486
13:27:45	199	1760	487
13:27:45	198	1756	479
13:27:45	196	1758	480
13:27:45	193	1757	481
13:27:45	193	1755	480
13:27:45	192	1763	480
13:27:45	199	1757	491
13:27:45	195	1757	494
13:27:45	196	1756	494
13:27:45	192	1757	484
13:27:45	193	1756	482
13:27:45	193	1755	485
13:27:45	192	1755	482
13:27:45	192	1757	482
13:27:45	194	1755	497
13:27:45	194	1754	496
13:27:45	192	1757	496
13:27:45	192	1754	484
13:27:45	192	1751	483
13:27:45	192	1751	486
13:27:45	189	1751	485
13:27:45	191	1753	496
13:27:45	192	1755	497
13:27:45	194	1755	496
13:27:45	192	1755	498
13:27:45	187	1754	486
13:27:45	191	1750	487
13:27:45	185	1750	484
13:27:45	192	1750	496
13:27:45	179	1755	496
13:27:45	192	1755	498
13:27:45	191	1755	496
13:27:45	192	1758	488
13:27:45	185	1754	489
13:27:45	192	1754	496
13:27:45	191	1756	496
13:27:45	191	1755	496
13:27:45	192	1754	497
13:27:45	191	1758	498
13:27:45	192	1755	498
13:27:45	190	1757	493
13:27:45	188	1757	496
13:27:45	185	1755	491
13:27:45	183	1753	500
13:27:45	192	1756	501
13:27:45	187	1758	499
13:27:45	192	1757	497
13:27:45	189	1756	500
13:27:45	188	1755	496
13:27:45	186	1757	496
13:27:45	183	1756	496
13:27:45	187	1755	501
13:27:45	189	1755	499
13:27:45	185	1757	501
13:27:45	186	1758	500
13:27:45	189	1756	502
13:27:45	182	1755	494
13:27:45	182	1755	496
13:27:45	182	1755	493
13:27:45	178	1752	496
13:27:45	188	1754	503
13:27:45	183	1754	502
13:27:45	189	1754	506
13:27:45	183	1757	507
13:27:45	181	1758	499
13:27:45	176	1753	499
13:27:45	179	1753	497
13:27:45	190	1753	507
13:27:45	183	1755	507
13:27:45	181	1757	509
13:27:45	187	1754	507
13:27:45	183	1757	511
13:27:45	178	1754	496
13:27:45	175	1755	511
13:27:45	182	1757	507
13:27:45	183	1757	511
13:27:45	180	1757	497
13:27:45	180	1753	498
13:27:45	187	1755	496
13:27:45	182	1755	511
13:27:45	185	1756	511
13:27:45	184	1759	511
13:27:45	184	1757	511
13:27:45	181	1758	511
13:27:45	176	1756	497
13:27:45	176	1753	501
13:27:45	186	1754	511
13:27:45	182	1753	511
13:27:45	178	1753	511
13:27:45	179	1757	522
13:27:45	182	1755	511
13:27:45	179	1758	510
13:27:45	179	1756	511
13:27:45	186	1758	511
13:27:45	180	1757	511
13:27:45	179	1758	511
13:27:45	181	1758	511
13:27:45	180	1760	511
13:27:45	181	1759	511
13:27:45	180	1759	505
13:27:45	176	1757	502
13:27:45	185	1758	511
13:27:45	177	1757	511
13:27:45	177	1759	511
13:27:45	176	1758	511
13:27:45	179	1757	511
13:27:45	178	1760	511
13:27:45	178	1757	506
13:27:45	175	1757	500
13:27:45	176	1758	511
13:27:45	176	1760	511
13:27:45	176	1757	511
13:27:45	173	1757	511
13:27:45	177	1760	511
13:27:45	176	1759	511
13:27:45	174	1757	503
13:27:45	170	1758	499
13:27:45	176	1754	499
13:27:45	167	1755	498
13:27:45	166	1755	496
13:27:45	171	1755	511
13:27:45	171	1755	511
13:27:45	169	1755	511
13:27:45	162	1757	504
13:27:45	160	1755	499
13:27:45	163	1754	511
13:27:45	162	1757	511
13:27:45	161	1755	511
13:27:45	161	1755	511
13:27:45	162	1757	510
13:27:45	161	1765	511
13:27:45	158	1757	502
13:27:45	157	1757	500
13:27:45	154	1754	496
13:27:45	155	1755	511
13:27:45	157	1755	510
13:27:45	159	1761	509
13:27:45	154	1757	509
13:27:45	154	1757	509
13:27:45	146	1756	499
13:27:45	140	1757	498
13:27:45	144	1753	496
13:27:45	147	1753	511
13:27:45	150	1755	509
13:27:45	147	1757	511
13:27:45	150	1755	511
13:27:45	147	1757	511
13:27:45	144	1757	496
13:27:45	143	1755	496
13:27:45	146	1757	509
13:27:45	145	1757	509
13:27:45	145	1755	507
13:27:45	145	1756	511
13:27:45	144	1760	507
13:27:45	145	1759	511
13:27:45	143	1757	495
13:27:45	139	1755	494
13:27:45	138	1755	494
13:27:45	133	1753	506
13:27:45	139	1755	510
13:27:45	145	1753	511
13:27:45	139	1758	507
13:27:45	141	1762	511
13:27:45	132	1755	496
13:27:45	129	1753	494
13:27:45	129	1751	490
13:27:45	135	1753	507
13:27:45	135	1755	507
13:27:45	139	1757	511
13:27:45	138	1756	509
13:27:45	144	1755	511
13:27:45	131	1753	495
13:27:45	125	1755	503
13:27:45	140	1755	505
13:27:45	142	1756	504
13:27:45	139	1755	505
13:27:45	142	1757	504
13:27:45	140	1757	503
13:27:45	140	1759	497
13:27:45	130	1757	490
13:27:45	135	1759	496
13:27:45	134	1757	507
13:27:45	128	1756	509
13:27:45	135	1755	506
13:27:45	137	1755	502
13:27:45	131	1762	506
13:27:45	128	1758	503
13:27:45	128	1757	510
13:27:45	132	1758	511
13:27:45	128	1759	510
13:27:45	124	1755	499
13:27:45	127	1758	508
13:27:45	121	1757	506
13:27:45	131	1757	511
13:27:45	128	1759	511
13:27:45	128	1758	511
13:27:45	128	1759	511
13:27:45	128	1759	511
13:27:45	0	1765	41
13:27:45	0	1761	106
13:27:45	0	1768	158
13:27:45	0	1767	204
13:27:45	0	1770	234
13:27:45	0	1764	267
13:27:45	0	1765	304
13:27:45	0	1763	327
13:27:45	0	1763	349
13:27:45	0	1762	368
13:27:45	0	1765	380
13:27:45	0	1764	397
13:27:45	5	1763	400
13:27:45	5	1762	400
13:27:45	3	1762	415
13:27:45	19	1763	434
13:27:45	26	1763	444
13:27:45	16	1761	448
13:27:45	34	1763	453
13:27:45	41	1762	459
13:27:45	40	1763	452
13:27:45	38	1763	455
13:27:45	48	1760	467
13:27:46	50	1762	474
13:27:46	54	1761	474
13:27:46	58	1763	477
13:27:46	61	1763	483
13:27:46	61	1762	481
13:27:46	59	1763	469
13:27:46	57	1761	469
13:27:46	58	1762	465
13:27:46	58	1760	469
13:27:46	59	1757	469
13:27:46	65	1759	486
13:27:46	69	1760	491
13:27:46	65	1760	496
13:27:46	65	1759	481
13:27:46	64	1759	480
13:27:46	65	1759	493
13:27:46	70	1758	495
13:27:46	67	1758	496
13:27:46	71	1758	498
13:27:46	69	1761	502
13:27:46	76	1759	496
13:27:46	70	1759	496
13:27:46	73	1760	491
13:27:46	74	1758	498
13:27:46	72	1760	507
13:27:46	78	1759	503
13:27:46	77	1759	505
13:27:46	77	1760	504
13:27:46	79	1759	505
13:27:46	80	1759	499
13:27:46	74	1760	503
13:27:46	0	1767	53
13:27:46	0	1767	114
13:27:46	0	1767	173
13:27:46	0	1767	217
13:27:46	0	1767	258
13:27:46	0	1767	39
13:27:46	0	1769	106
13:27:46	0	1766	160
13:27:46	0	1762	202
13:27:46	0	1765	256
13:27:46	0	1762	287
13:27:46	0	1762	315
13:27:46	0	1764	334
13:27:46	0	1761	350
13:27:46	0	1760	368
13:27:46	0	1761	381
13:27:46	0	1761	398
13:27:46	0	1762	420
13:27:46	16	1762	431
13:27:46	17	1762	437
13:27:46	29	1762	437
13:27:46	15	1761	441
13:27:46	29	1761	446
13:27:46	33	1759	452
13:27:46	32	1759	454
13:27:46	44	1759	469
13:27:46	48	1758	473
13:27:46	48	1760	477
13:27:46	49	1757	470
13:27:46	58	1759	486
13:27:46	60	1760	485
13:27:46	64	1759	487
13:27:46	54	1762	475
13:27:46	54	1758	479
13:27:46	58	1757	477
13:27:46	60	1758	479
13:27:46	66	1759	495
13:27:46	64	1760	496
13:27:46	65	1759	496
13:27:46	71	1763	498
13:27:46	64	1760	495
13:27:46	64	1759	490
13:27:46	64	1758	490
13:27:46	65	1757	489
13:27:46	75	1757	498
13:27:46	69	1755	494
13:27:46	69	1759	497
13:27:46	71	1759	505
13:27:46	66	1759	492
13:27:46	66	1757	488
13:27:46	64	1765	503
13:27:46	71	1759	500
13:27:46	78	1757	499
13:27:46	76	1758	507
13:27:46	80	1758	506
13:27:46	76	1757	506
13:27:46	71	1760	489
13:27:46	70	1758	491
13:27:46	66	1758	503
13:27:46	77	1759	505
13:27:46	75	1758	501
13:27:46	78	1760	508
13:27:46	77	1758	498
13:27:46	75	1763	499
13:27:46	77	1760	498
13:27:46	75	1760	504
13:27:46	78	1759	495
13:27:46	74	1758	496
13:27:46	74	1761	496
13:27:46	78	1762	496
13:27:46	80	1760	497
13:27:46	78	1761	493
13:27:46	66	1760	484
13:27:46	66	1759	489
13:27:46	64	1759	496
13:27:46	74	1758	500
13:27:46	74	1759	498
13:27:46	74	1760	498
13:27:46	75	1759	499
13:27:46	77	1757	491
13:27:46	67	1756	487
13:27:46	64	1758	487
13:27:46	76	1755	505
13:27:46	74	1759	499
13:27:46	70	1759	498
13:27:46	75	1758	502
13:27:46	74	1760	501
13:27:46	69	1757	491
13:27:46	68	1757	487
13:27:46	64	1757	489
13:27:46	64	1753	485
13:27:46	73	1756	497
13:27:46	74	1755	501
13:27:46	73	1758	497
13:27:46	74	1756	501
13:27:46	65	1757	491
13:27:46	64	1754	491
13:27:46	63	1755	485
13:27:46	72	1754	503
13:27:46	77	1757	501
13:27:46	76	1757	499
13:27:46	75	1757	508
13:27:46	75	1753	503
13:27:46	69	1757	494
13:27:46	65	1754	489
13:27:46	64	1751	511
13:27:46	71	1758	501
13:27:46	77	1754	501
13:27:46	75	1753	501
13:27:46	74	1757	502
13:27:46	77	1759	507
13:27:46	69	1758	489
13:27:46	67	1755	490
13:27:46	65	1754	490
13:27:46	72	1755	502
13:27:46	74	1759	499
13:27:46	73	1757	510
13:27:46	73	1758	502
13:27:46	78	1757	507
13:27:46	64	1758	492
13:27:46	64	1757	482
13:27:46	69	1755	499
13:27:46	71	1758	499
13:27:46	71	1754	496
13:27:46	71	1759	502
13:27:46	72	1757	499
13:27:46	77	1758	502
13:27:46	64	1760	488
13:27:46	64	1754	486
13:27:46	64	1751	482
13:27:46	71	1753	501
13:27:46	75	1755	498
13:27:46	78	1757	503
13:27:46	77	1756	502
13:27:46	77	1759	496
13:27:46	67	1755	486
13:27:46	67	1755	485
13:27:46	62	1751	485
13:27:46	70	1754	499
13:27:46	71	1754	502
13:27:46	79	1751	501
13:27:46	75	1755	502
13:27:46	77	1755	487
13:27:46	65	1757	481
13:27:46	64	1751	486
13:27:46	69	1749	499
13:27:46	74	1755	501
13:27:46	65	1752	501
13:27:46	71	1755	499
13:27:46	76	1755	501
13:27:46	71	1755	490
13:27:46	65	1755	487
13:27:46	65	1754	486
13:27:46	71	1754	503
13:27:46	74	1759	500
13:27:46	74	1750	506
13:27:46	75	1755	501
13:27:46	77	1759	502
13:27:46	73	1758	495
13:27:46	67	1755	494
13:27:46	65	1755	493
13:27:46	76	1751	506
13:27:46	80	1744	502
13:27:46	75	1754	502
13:27:46	75	1756	503
13:27:46	80	1754	501
13:27:46	69	1754	482
13:27:46	66	1750	486
13:27:46	64	1755	485
13:27:46	74	1750	506
13:27:46	71	1755	503
13:27:46	77	1755	502
13:27:46	77	1747	505
13:27:46	78	1757	509
13:27:46	71	1757	490
13:27:46	64	1754	489
13:27:46	63	1749	487
13:27:46	57	1751	493
13:27:46	75	1755	505
13:27:46	79	1751	509
13:27:46	77	1755	503
13:27:46	77	1753	510
13:27:46	69	1754	493
13:27:46	66	1749	489
13:27:46	64	1751	485
13:27:46	74	1753	508
13:27:46	81	1753	505
13:27:46	75	1751	511
13:27:46	79	1754	502
13:27:46	77	1755	508
13:27:46	66	1754	480
13:27:46	64	1751	486
13:27:46	63	1751	492
13:27:46	75	1753	501
13:27:46	75	1753	501
13:27:46	75	1755	503
13:27:46	75	1754	499
13:27:46	80	1755	503
13:27:46	65	1755	486
13:27:46	64	1753	482
13:27:46	69	1753	499
13:27:46	69	1754	499
13:27:46	73	1755	499
13:27:46	77	1756	503
13:27:46	76	1755	494
13:27:46	78	1757	490
13:27:46	65	1753	485
13:27:46	62	1755	489
13:27:46	64	1751	480
13:27:46	71	1755	498
13:27:46	73	1754	503
13:27:46	77	1755	496
13:27:46	76	1755	507
13:27:46	76	1755	491
13:27:46	64	1751	482
13:27:46	63	1754	481
13:27:46	65	1750	481
13:27:46	71	1754	498
13:27:46	69	1755	499
13:27:46	72	1754	496
13:27:46	73	1751	497
13:27:46	67	1754	486
13:27:46	64	1753	485
13:27:46	62	1751	484
13:27:46	69	1754	500
13:27:46	71	1755	499
13:27:46	73	1758	500
13:27:46	73	1754	498
13:27:46	75	1754	501
13:27:46	69	1754	493
13:27:46	59	1753	485
13:27:46	64	1751	484
13:27:47	71	1752	499
13:27:47	77	1753	498
13:27:47	74	1755	498
13:27:47	71	1753	508
13:27:47	75	1755	498
13:27:47	66	1753	482
13:27:47	64	1750	481
13:27:47	62	1751	484
13:27:47	72	1751	499
13:27:47	72	1744	499
13:27:47	74	1754	503
13:27:47	74	1753	502
13:27:47	75	1756	507
13:27:47	68	1754	493
13:27:47	64	1754	482
13:27:47	64	1750	498
13:27:47	73	1753	501
13:27:47	74	1751	502
13:27:47	75	1754	505
13:27:47	71	1754	503
13:27:47	73	1755	505
13:27:47	67	1754	491
13:27:47	64	1750	481
13:27:47	61	1751	482
13:27:47	69	1753	501
13:27:47	73	1754	501
13:27:47	75	1754	510
13:27:47	72	1757	501
13:27:47	75	1759	501
13:27:47	76	1755	499
13:27:47	74	1759	506
13:27:47	75	1755	498
13:27:47	75	1757	500
13:27:47	75	1759	498
13:27:47	75	1759	505
13:27:47	78	1757	498
13:27:47	74	1759	502
13:27:47	76	1758	497
13:27:47	77	1760	506
13:27:47	77	1758	501
13:27:47	79	1759	500
13:27:47	77	1759	506
13:27:47	79	1759	511
13:27:47	76	1759	507
13:27:47	79	1760	510
13:27:47	80	1761	510
13:27:47	80	1759	509
13:27:47	80	1759	507
13:27:47	80	1759	510
13:27:47	80	1760	510
13:27:47	80	1761	511
13:27:47	80	1761	510
13:27:47	80	1761	511
13:27:47	80	1762	511
13:27:47	0	1765	37
13:27:47	0	1765	102
13:27:47	0	1763	160
13:27:47	0	1764	210
13:27:47	0	1765	239
13:27:47	0	1766	282
13:27:47	0	1764	308
13:27:47	0	1765	335
13:27:47	0	1765	346
13:27:47	0	1765	363
13:27:47	0	1761	390
13:27:47	0	1765	400
13:27:47	2	1766	418
13:27:47	10	1766	428
13:27:47	16	1765	432
13:27:47	19	1763	443
13:27:47	19	1762	442
13:27:47	21	1765	446
13:27:47	31	1762	448
13:27:47	32	1760	453
13:27:47	32	1760	462
13:27:47	42	1761	469
13:27:47	48	1761	480
13:27:47	50	1761	478
13:27:47	48	1760	470
13:27:47	48	1759	466
13:27:47	48	1758	465
13:27:47	49	1758	466
13:27:47	49	1756	468
13:27:47	61	1759	487
13:27:47	64	1758	490
13:27:47	65	1757	491
13:27:47	57	1757	477
13:27:47	62	1757	483
13:27:47	63	1757	487
13:27:47	64	1757	491
13:27:47	69	1756	496
13:27:47	67	1758	496
13:27:47	70	1758	497
13:27:47	74	1758	499
13:27:47	66	1758	495
13:27:47	67	1757	494
13:27:47	66	1759	495
13:27:47	77	1759	505
13:27:47	75	1759	502
13:27:47	75	1759	503
13:27:47	79	1758	504
13:27:47	77	1761	505
13:27:47	79	1759	498
13:27:47	0	1767	48
13:27:47	0	1767	100
13:27:47	0	1766	145
13:27:47	0	1767	188
13:27:47	0	1765	215
13:27:47	0	1765	244
13:27:47	0	1766	272
13:27:47	0	1768	300
13:27:47	0	1765	315
13:27:47	0	1767	336
13:27:47	0	1766	347
13:27:47	0	1770	366
13:27:47	0	1766	374
13:27:47	7	1766	384
13:27:47	11	1765	399
13:27:47	16	1766	402
13:27:47	19	1763	413
13:27:47	26	1765	425
13:27:47	32	1767	432
13:27:47	39	1767	441
13:27:47	42	1765	443
13:27:47	47	1764	448
13:27:47	49	1766	455
13:27:47	53	1767	464
13:27:47	54	1765	464
13:27:47	58	1764	467
13:27:47	63	1766	470
13:27:47	64	1765	478
13:27:47	65	1765	474
13:27:47	65	1765	481
13:27:47	67	1767	481
13:27:47	71	1763	483
13:27:47	74	1767	487
13:27:47	2	1763	105
13:27:47	0	1763	147
13:27:47	0	1766	198
13:27:47	0	1763	227
13:27:47	0	1764	261
13:27:47	0	1765	275
13:27:47	0	1763	301
13:27:47	0	1762	319
13:27:47	1	1761	333
13:27:47	0	1762	358
13:27:47	9	1759	373
13:27:47	16	1766	380
13:27:47	18	1761	397
13:27:47	17	1760	396
13:27:47	22	1759	400
13:27:47	31	1761	418
13:27:47	35	1759	428
13:27:47	35	1761	432
13:27:47	43	1762	444
13:27:47	46	1760	441
13:27:47	49	1761	447
13:27:47	50	1762	449
13:27:47	53	1763	463
13:27:47	59	1762	461
13:27:47	60	1760	463
13:27:47	64	1762	458
13:27:47	67	1763	470
13:27:47	65	1761	469
13:27:47	65	1762	472
13:27:47	65	1763	474
13:27:47	70	1762	480
13:27:47	69	1763	478
13:27:47	70	1762	480
13:27:47	71	1762	483
13:27:47	79	1765	483
13:27:47	76	1761	485
13:27:47	75	1762	489
13:27:47	75	1762	487
13:27:47	77	1761	489
13:27:47	75	1765	489
13:27:47	77	1761	491
13:27:47	80	1762	491
13:27:47	79	1759	490
13:27:47	78	1762	491
13:27:47	80	1761	494
13:27:47	79	1763	496
13:27:47	79	1761	494
13:27:47	80	1764	497
13:27:47	80	1763	496
13:27:47	80	1761	496
13:27:47	80	1762	496
13:27:47	80	1761	496
13:27:47	80	1762	498
13:27:47	81	1763	499
13:27:47	82	1762	498
13:27:47	86	1762	498
13:27:47	82	1762	499
13:27:47	82	1759	497
13:27:47	81	1764	499
13:27:47	83	1764	499
13:27:47	83	1762	502
13:27:47	93	1761	499
13:27:47	85	1763	501
13:27:47	85	1763	503
13:27:47	87	1761	501
13:27:47	91	1763	508
13:27:47	93	1763	501
13:27:47	94	1763	501
13:27:47	95	1765	502
13:27:47	97	1763	507
13:27:47	95	1763	506
13:27:47	95	1762	506
13:27:47	94	1763	508
13:27:47	95	1767	511
13:27:47	95	1763	505
13:27:47	96	1763	509
13:27:47	95	1761	506
13:27:47	98	1765	511
13:27:47	94	1764	506
13:27:47	85	1762	506
13:27:47	93	1763	508
13:27:47	97	1763	507
13:27:47	94	1763	507
13:27:47	94	1763	506
13:27:47	93	1763	507
13:27:47	96	1763	503
13:27:47	95	1763	507
13:27:47	93	1765	508
13:27:47	93	1763	509
13:27:47	94	1759	505
13:27:47	94	1761	506
13:27:47	91	1763	507
13:27:47	94	1765	506
13:27:47	93	1765	508
13:27:47	95	1763	506
13:27:47	93	1765	507
13:27:47	94	1765	511
13:27:47	91	1763	511
13:27:47	94	1764	511
13:27:47	96	1763	508
13:27:47	93	1761	509
13:27:47	88	1763	510
13:27:47	95	1763	511
13:27:47	94	1763	511
13:27:47	93	1763	511
13:27:47	96	1764	511
13:27:47	95	1763	511
13:27:47	93	1761	511
13:27:47	94	1762	511
13:27:47	95	1765	511
13:27:47	95	1763	510
13:27:47	93	1763	509
13:27:47	94	1766	505
13:27:47	93	1761	503
13:27:47	91	1762	510
13:27:47	92	1762	504
13:27:47	93	1763	509
13:27:47	93	1762	510
13:27:47	93	1765	510
13:27:47	93	1764	511
13:27:47	93	1762	511
13:27:47	97	1761	511
13:27:47	95	1763	511
13:27:47	93	1763	511
13:27:47	95	1763	511
13:27:47	95	1765	511
13:27:47	95	1763	511
13:27:47	95	1762	524
13:27:47	94	1764	511
13:27:48	98	1765	525
13:27:48	97	1763	525
13:27:48	97	1764	511
13:27:48	0	1764	41
13:27:48	0	1765	102
13:27:48	0	1763	145
13:27:48	0	1763	186
13:27:48	0	1766	219
13:27:48	0	1766	254
13:27:48	0	1763	273
13:27:48	0	1763	288
13:27:48	0	1762	304
13:27:48	0	1763	336
13:27:48	0	1762	348
13:27:48	0	1763	363
13:27:48	0	1763	373
13:27:48	7	1763	386
13:27:48	9	1763	397
13:27:48	16	1762	399
13:27:48	16	1761	416
13:27:48	22	1763	418
13:27:48	26	1761	427
13:27:48	33	1761	425
13:27:48	28	1759	425
13:27:48	38	1762	442
13:27:48	42	1761	446
13:27:48	45	1761	450
13:27:48	48	1760	452
13:27:48	54	1762	458
13:27:48	51	1762	459
13:27:48	53	1761	463
13:27:48	54	1761	464
13:27:48	58	1762	466
13:27:48	61	1762	467
13:27:48	57	1763	464
13:27:48	57	1761	461
13:27:48	64	1759	475
13:27:48	64	1761	476
13:27:48	64	1766	476
13:27:48	64	1762	479
13:27:48	65	1763	480
13:27:48	65	1753	479
13:27:48	62	1761	474
13:27:48	68	1761	480
13:27:48	67	1761	482
13:27:48	66	1761	487
13:27:48	59	1760	476
13:27:48	62	1759	469
13:27:48	65	1759	486
13:27:48	65	1761	485
13:27:48	65	1759	485
13:27:48	59	1759	485
13:27:48	66	1759	489
13:27:48	64	1763	491
13:27:48	67	1758	487
13:27:48	66	1761	486
13:27:48	64	1759	495
13:27:48	65	1761	487
13:27:48	64	1761	487
13:27:48	64	1760	487
13:27:48	65	1760	490
13:27:48	64	1761	489
13:27:48	64	1760	481
13:27:48	65	1760	490
13:27:48	65	1760	489
13:27:48	64	1762	485
13:27:48	64	1762	490
13:27:48	64	1762	487
13:27:48	64	1761	487
13:27:48	63	1763	487
13:27:48	63	1762	494
13:27:48	64	1761	496
13:27:48	64	1761	496
13:27:48	64	1762	497
13:27:48	64	1761	501
13:27:48	64	1762	502
13:27:48	66	1760	503
13:27:48	65	1764	507
13:27:48	67	1763	506
13:27:48	67	1761	509
13:27:48	68	1762	510
13:27:48	70	1762	510
13:27:48	72	1761	511
13:27:48	71	1762	511
13:27:48	71	1762	511
13:27:48	71	1762	511
13:27:48	0	1765	22
13:27:48	0	1764	103
13:27:48	0	1765	161
13:27:48	0	1765	207
13:27:48	0	1771	245
13:27:48	0	1766	271
13:27:48	0	1764	298
13:27:48	0	1761	318
13:27:48	0	1760	337
13:27:48	0	1759	358
13:27:48	0	1747	385
13:27:48	0	1763	401
13:27:48	1	1759	422
13:27:48	4	1761	411
13:27:48	6	1759	419
13:27:48	14	1757	426
13:27:48	16	1759	446
13:27:48	32	1759	455
13:27:48	33	1760	459
13:27:48	42	1759	465
13:27:48	48	1767	465
13:27:48	42	1763	461
13:27:48	42	1758	462
13:27:48	43	1758	458
13:27:48	46	1755	460
13:27:48	48	1756	464
13:27:48	58	1757	483
13:27:48	61	1757	485
13:27:48	64	1761	489
13:27:48	57	1754	476
13:27:48	55	1754	473
13:27:48	55	1743	474
13:27:48	64	1755	496
13:27:48	57	1755	491
13:27:48	64	1755	496
13:27:48	67	1757	494
13:27:48	69	1755	496
13:27:48	67	1755	489
13:27:48	65	1754	493
13:27:48	67	1755	499
13:27:48	73	1755	497
13:27:48	70	1755	496
13:27:48	69	1757	496
13:27:48	71	1758	496
13:27:48	75	1759	498
13:27:48	69	1758	495
13:27:48	71	1758	490
13:27:48	75	1759	502
13:27:48	75	1760	503
13:27:48	75	1758	501
13:27:48	75	1758	502
13:27:48	77	1759	499
13:27:48	77	1762	499
13:27:48	40	1769	58
13:27:48	28	1769	110
13:27:48	23	1770	150
13:27:48	16	1767	185
13:27:48	16	1767	210
13:27:48	102	1769	48
13:27:48	85	1771	90
13:27:48	74	1770	132
13:27:48	66	1763	162
13:27:48	54	1765	196
13:27:48	57	1765	219
13:27:48	51	1767	241
13:27:48	50	1766	257
13:27:48	48	1765	277
13:27:48	46	1764	293
13:27:48	48	1762	304
13:27:48	47	1764	320
13:27:48	53	1765	336
13:27:48	48	1766	343
13:27:48	52	1763	357
13:27:48	57	1763	363
13:27:48	52	1763	371
13:27:48	53	1764	382
13:27:48	55	1763	386
13:27:48	59	1761	390
13:27:48	63	1766	400
13:27:48	64	1761	408
13:27:48	64	1761	413
13:27:48	64	1762	413
13:27:48	64	1763	419
13:27:48	67	1760	423
13:27:48	64	1761	427
13:27:48	73	1762	432
13:27:48	73	1761	435
13:27:48	75	1762	439
13:27:48	77	1762	439
13:27:48	65	1763	445
13:27:48	78	1759	448
13:27:48	80	1762	448
13:27:48	80	1751	450
13:27:48	82	1764	453
13:27:48	81	1762	459
13:27:48	83	1765	458
13:27:48	83	1762	454
13:27:48	81	1763	454
13:27:48	82	1762	458
13:27:48	82	1761	467
13:27:48	85	1762	464
13:27:48	91	1761	464
13:27:48	89	1761	465
13:27:48	91	1763	467
13:27:48	83	1761	471
13:27:48	87	1763	466
13:27:48	89	1762	465
13:27:48	89	1763	467
13:27:48	95	1762	474
13:27:48	96	1760	475
13:27:48	98	1762	480
13:27:48	98	1765	475
13:27:48	97	1763	479
13:27:48	94	1760	475
13:27:48	93	1762	471
13:27:48	92	1759	469
13:27:48	97	1757	481
13:27:48	98	1760	479
13:27:48	98	1761	484
13:27:48	101	1761	482
13:27:48	102	1763	483
13:27:48	97	1759	475
13:27:48	96	1762	477
13:27:48	96	1761	486
13:27:48	101	1759	485
13:27:48	99	1759	480
13:27:48	103	1761	489
13:27:48	102	1760	486
13:27:48	103	1761	481
13:27:48	99	1761	481
13:27:48	100	1760	481
13:27:48	103	1761	487
13:27:48	102	1764	489
13:27:48	93	1760	490
13:27:48	103	1760	485
13:27:48	106	1762	490
13:27:48	107	1761	484
13:27:48	102	1761	483
13:27:48	99	1762	481
13:27:48	105	1761	491
13:27:48	106	1761	494
13:27:48	105	1760	490
13:27:48	104	1758	491
13:27:48	101	1763	495
13:27:48	100	1760	485
13:27:48	106	1760	486
13:27:48	101	1761	486
13:27:48	101	1759	487
13:27:48	108	1762	494
13:27:48	109	1762	496
13:27:48	107	1762	496
13:27:48	108	1757	496
13:27:48	103	1761	493
13:27:48	103	1759	487
13:27:48	105	1760	487
13:27:48	112	1759	496
13:27:48	112	1759	496
13:27:48	105	1759	496
13:27:48	112	1760	496
13:27:48	110	1760	496
13:27:48	107	1760	491
13:27:48	107	1762	487
13:27:48	111	1759	496
13:27:48	108	1759	496
13:27:48	110	1760	496
13:27:48	110	1759	496
13:27:48	109	1760	498
13:27:48	111	1762	498
13:27:48	105	1760	493
13:27:48	106	1758	490
13:27:48	102	1759	489
13:27:48	109	1759	498
13:27:48	110	1762	496
13:27:48	109	1759	498
13:27:48	110	1760	495
13:27:48	109	1761	501
13:27:48	107	1760	491
13:27:48	107	1758	492
13:27:48	103	1758	484
13:27:48	111	1759	496
13:27:48	112	1759	496
13:27:48	111	1757	501
13:27:48	111	1761	498
13:27:48	111	1761	501
13:27:48	107	1760	493
13:27:48	109	1759	494
13:27:48	107	1759	491
13:27:48	111	1758	498
13:27:48	110	1757	496
13:27:48	112	1762	499
13:27:48	112	1759	502
13:27:48	112	1761	499
13:27:48	107	1761	494
13:27:48	103	1759	496
13:27:48	107	1758	503
13:27:48	112	1758	497
13:27:48	110	1758	498
13:27:48	112	1760	499
13:27:48	99	1759	501
13:27:48	112	1760	496
13:27:48	108	1760	494
13:27:48	107	1757	494
13:27:48	106	1758	494
13:27:48	105	1758	511
13:27:48	109	1760	498
13:27:48	111	1758	497
13:27:48	110	1761	500
13:27:48	112	1759	499
13:27:48	112	1758	498
13:27:48	112	1759	498
13:27:48	112	1760	497
13:27:48	112	1762	491
13:27:48	109	1756	493
13:27:48	107	1757	489
13:27:48	106	1759	491
13:27:48	112	1760	497
13:27:48	109	1757	500
13:27:48	110	1758	498
13:27:48	110	1759	498
13:27:48	108	1758	494
13:27:48	108	1759	493
13:27:48	105	1758	490
13:27:48	110	1760	498
13:27:48	110	1760	497
13:27:48	112	1760	501
13:27:48	110	1757	497
13:27:48	110	1762	496
13:27:48	109	1759	499
13:27:48	112	1761	499
13:27:48	112	1758	499
13:27:48	111	1760	498
13:27:48	111	1763	501
13:27:48	111	1761	499
13:27:48	112	1762	501
13:27:48	112	1758	498
13:27:48	112	1759	500
13:27:48	111	1759	499
13:27:48	110	1764	502
13:27:48	112	1759	498
13:27:48	111	1762	499
13:27:48	112	1760	499
13:27:48	112	1762	498
13:27:48	111	1761	499
13:27:48	112	1762	501
13:27:48	112	1763	498
13:27:48	111	1760	498
13:27:48	112	1760	499
13:27:48	111	1762	501
13:27:48	112	1762	499
13:27:48	110	1759	502
13:27:48	111	1762	498
13:27:48	111	1762	502
13:27:48	112	1761	502
13:27:48	112	1765	502
13:27:48	112	1762	502
13:27:48	112	1771	503
13:27:48	112	1762	501
13:27:48	112	1756	502
13:27:48	109	1762	501
13:27:48	112	1763	502
13:27:48	112	1761	501
13:27:48	112	1761	496
13:27:48	112	1762	501
13:27:48	114	1762	507
13:27:48	114	1762	506
13:27:48	112	1764	509
13:27:48	112	1763	509
13:27:48	113	1764	510
13:27:48	112	1762	507
13:27:48	113	1763	511
13:27:48	113	1762	511
13:27:48	114	1764	511
13:27:48	112	1762	511
13:27:48	113	1763	511
13:27:48	114	1763	511
13:27:48	113	1761	511
13:27:48	117	1763	511
13:27:48	114	1763	511
13:27:48	89	1766	59
13:27:48	80	1765	106
13:27:48	66	1767	142
13:27:48	63	1764	176
13:27:48	59	1767	198
13:27:48	51	1773	224
13:27:48	48	1772	252
13:27:48	48	1767	265
13:27:48	49	1765	282
13:27:48	48	1768	298
13:27:48	48	1766	312
13:27:48	48	1766	325
13:27:48	48	1769	336
13:27:48	49	1768	348
13:27:48	48	1765	352
13:27:48	48	1765	362
13:27:48	53	1765	375
13:27:48	55	1765	381
13:27:48	58	1765	389
13:27:48	60	1763	398
13:27:48	59	1763	401
13:27:48	64	1765	407
13:27:48	64	1763	406
13:27:48	64	1763	410
13:27:48	64	1763	416
13:27:48	66	1765	428
13:27:48	69	1764	430
13:27:48	70	1762	432
13:27:48	70	1761	435
13:27:48	74	1763	439
13:27:48	72	1765	434
13:27:48	76	1763	447
13:27:48	79	1763	448
13:27:48	79	1769	450
13:27:48	78	1763	449
13:27:48	80	1766	456
13:27:48	80	1763	459
13:27:48	80	1763	463
13:27:48	80	1764	454
13:27:48	82	1763	464
13:27:48	84	1765	464
13:27:48	86	1763	468
13:27:48	85	1765	464
13:27:48	86	1761	468
13:27:48	90	1764	465
13:27:48	87	1763	469
13:27:48	87	1749	464
13:27:48	90	1763	474
13:27:48	90	1763	470
13:27:48	93	1765	477
13:27:48	91	1762	465
13:27:48	94	1764	475
13:27:48	93	1761	478
13:27:48	99	1776	481
13:27:48	93	1763	475
13:27:48	95	1762	482
13:27:49	98	1762	478
13:27:49	90	1761	380
13:27:49	89	1761	391
13:27:49	86	1763	401
13:27:49	81	1761	401
13:27:49	83	1764	418
13:27:49	83	1762	427
13:27:49	85	1763	431
13:27:49	80	1762	432
13:27:49	83	1761	439
13:27:49	84	1761	445
13:27:49	89	1765	448
13:27:49	81	1766	449
13:27:49	82	1762	389
13:27:49	80	1761	410
13:27:49	80	1763	413
13:27:49	82	1757	428
13:27:49	80	1763	420
13:27:49	80	1763	433
13:27:49	83	1763	439
13:27:49	82	1764	447
13:27:49	81	1761	443
13:27:49	82	1762	454
13:27:49	84	1763	455
13:27:49	83	1765	464
13:27:49	80	1762	451
13:27:49	80	1764	462
13:27:49	77	1762	464
13:27:49	86	1763	465
13:27:49	97	1759	465
13:27:49	91	1764	471
13:27:49	90	1764	471
13:27:49	92	1763	464
13:27:49	86	1761	467
13:27:49	86	1763	466
13:27:49	85	1761	466
13:27:49	90	1759	467
13:27:49	85	1761	479
13:27:49	94	1761	481
13:27:49	95	1762	482
13:27:49	96	1760	475
13:27:49	89	1760	473
13:27:49	92	1760	471
13:27:49	91	1759	475
13:27:49	89	1760	471
13:27:49	97	1759	493
13:27:49	97	1759	484
13:27:49	96	1758	485
13:27:49	97	1760	482
13:27:49	94	1758	478
13:27:49	95	1758	478
13:27:49	87	1758	488
13:27:49	98	1758	487
13:27:49	98	1759	494
13:27:49	98	1757	491
13:27:49	100	1759	491
13:27:49	97	1759	481
13:27:49	96	1755	483
13:27:49	102	1759	494
13:27:49	102	1757	493
13:27:49	101	1757	490
13:27:49	103	1759	491
13:27:49	99	1759	493
13:27:49	102	1759	496
13:27:49	98	1759	490
13:27:49	103	1759	496
13:27:49	102	1761	497
13:27:49	105	1760	496
13:27:49	102	1759	489
13:27:49	99	1759	490
13:27:49	97	1757	489
13:27:49	102	1759	496
13:27:49	103	1759	496
13:27:49	107	1760	495
13:27:49	106	1757	496
13:27:49	107	1760	496
13:27:49	101	1760	490
13:27:49	107	1758	496
13:27:49	103	1760	496
13:27:49	107	1761	499
13:27:49	109	1760	497
13:27:49	110	1764	498
13:27:49	106	1757	501
13:27:49	109	1762	500
13:27:49	106	1760	496
13:27:49	107	1759	496
13:27:49	106	1760	498
13:27:49	109	1760	498
13:27:49	106	1761	499
13:27:49	109	1747	502
13:27:49	107	1760	501
13:27:49	110	1761	502
13:27:49	103	1760	498
13:27:49	91	1765	170
13:27:49	80	1761	193
13:27:49	72	1763	222
13:27:49	63	1762	242
13:27:49	64	1759	272
13:27:49	62	1770	293
13:27:49	59	1762	315
13:27:49	61	1762	325
13:27:49	63	1761	339
13:27:49	55	1761	341
13:27:49	57	1760	352
13:27:49	58	1759	371
13:27:49	62	1755	383
13:27:49	64	1760	389
13:27:49	65	1761	400
13:27:49	65	1760	403
13:27:49	65	1762	410
13:27:49	72	1760	413
13:27:49	70	1765	419
13:27:49	68	1749	426
13:27:49	70	1758	431
13:27:49	72	1760	434
13:27:49	77	1763	439
13:27:49	76	1761	444
13:27:49	77	1764	447
13:27:49	80	1761	448
13:27:49	80	1762	450
13:27:49	80	1760	457
13:27:49	80	1765	456
13:27:49	90	1762	462
13:27:49	80	1762	461
13:27:49	83	1764	463
13:27:49	83	1763	464
13:27:49	85	1761	466
13:27:49	83	1763	466
13:27:49	87	1761	471
13:27:49	89	1763	473
13:27:49	91	1762	476
13:27:49	90	1763	478
13:27:49	93	1763	480
13:27:49	95	1763	485
13:27:49	96	1763	483
13:27:49	99	1765	486
13:27:49	97	1765	489
13:27:49	97	1765	491
13:27:49	97	1766	491
13:27:49	100	1767	490
13:27:49	101	1763	496
13:27:49	102	1763	496
13:27:49	102	1765	496
13:27:49	106	1765	498
13:27:49	102	1764	497
13:27:49	93	1764	61
13:27:49	80	1767	105
13:27:49	67	1765	131
13:27:49	59	1771	169
13:27:49	51	1765	192
13:27:49	51	1767	214
13:27:49	51	1765	240
13:27:49	48	1765	258
13:27:49	48	1765	272
13:27:49	49	1770	285
13:27:49	48	1766	297
13:27:49	46	1765	307
13:27:49	46	1762	318
13:27:49	46	1764	336
13:27:49	45	1762	349
13:27:49	51	1762	354
13:27:49	50	1759	368
13:27:49	55	1766	368
13:27:49	48	1761	371
13:27:49	51	1761	378
13:27:49	52	1761	383
13:27:49	54	1760	391
13:27:49	62	1760	400
13:27:49	64	1761	404
13:27:49	64	1761	410
13:27:49	65	1762	406
13:27:49	61	1760	414
13:27:49	64	1759	411
13:27:49	64	1760	428
13:27:49	67	1759	427
13:27:49	70	1759	432
13:27:49	73	1761	432
13:27:49	73	1761	435
13:27:49	68	1763	432
13:27:49	68	1762	435
13:27:49	70	1759	434
13:27:49	75	1760	449
13:27:49	77	1759	448
13:27:49	79	1764	450
13:27:49	80	1760	454
13:27:49	80	1760	458
13:27:49	80	1761	454
13:27:49	80	1760	459
13:27:49	82	1759	461
13:27:49	83	1761	464
13:27:49	83	1760	464
13:27:49	86	1761	464
13:27:49	89	1762	467
13:27:49	89	1762	470
13:27:49	87	1762	464
13:27:49	86	1761	469
13:27:49	84	1761	472
13:27:49	91	1762	478
13:27:49	94	1767	49
13:27:49	80	1769	90
13:27:49	70	1763	124
13:27:49	64	1767	151
13:27:49	60	1766	179
13:27:49	63	1766	196
13:27:49	53	1766	215
13:27:49	51	1768	230
13:27:49	48	1766	245
