"sep=	"
Shimmer_Timestamp	Shimmer_EMG_ENV	Shimmer_EMG_RAW	Shimmer_EMG_REF
hh:mm:ss	unit	unit	unit
14:56:05	298.0000	418.0000	0
14:56:05	298.0000	390.0000	0
14:56:05	289.0000	368.0000	0
14:56:05	289.0000	362.0000	0
14:56:05	285.0000	338.0000	0
14:56:05	295.0000	330.0000	0
14:56:05	304.0000	314.0000	0
14:56:05	301.0000	413.0000	0
14:56:05	294.0000	389.0000	0
14:56:05	288.0000	368.0000	0
14:56:05	299.0000	358.0000	0
14:56:05	291.0000	338.0000	0
14:56:05	306.0000	323.0000	0
14:56:05	297.0000	417.0000	0
14:56:05	295.0000	390.0000	0
14:56:05	287.0000	378.0000	0
14:56:05	283.0000	342.0000	0
14:56:05	294.0000	347.0000	0
14:56:05	302.0000	335.0000	0
14:56:05	301.0000	419.0000	0
14:56:05	293.0000	391.0000	0
14:56:05	291.0000	369.0000	0
14:56:05	290.0000	362.0000	0
14:56:05	296.0000	339.0000	0
14:56:05	309.0000	336.0000	0
14:56:05	299.0000	417.0000	0
14:56:05	292.0000	389.0000	0
14:56:05	289.0000	368.0000	0
14:56:05	299.0000	350.0000	0
14:56:05	285.0000	337.0000	0
14:56:06	300.0000	330.0000	0
14:56:06	296.0000	417.0000	0
14:56:06	294.0000	387.0000	0
14:56:06	288.0000	371.0000	0
14:56:06	286.0000	351.0000	0
14:56:06	284.0000	337.0000	0
14:56:06	297.0000	326.0000	0
14:56:06	299.0000	418.0000	0
14:56:06	298.0000	387.0000	0
14:56:06	291.0000	368.0000	0
14:56:06	289.0000	351.0000	0
14:56:06	286.0000	338.0000	0
14:56:06	291.0000	326.0000	0
14:56:06	297.0000	423.0000	0
14:56:06	290.0000	384.0000	0
14:56:06	294.0000	377.0000	0
14:56:06	283.0000	351.0000	0
14:56:06	283.0000	334.0000	0
14:56:06	283.0000	335.0000	0
14:56:06	297.0000	321.0000	0
14:56:06	294.0000	420.0000	0
14:56:06	285.0000	379.0000	0
14:56:06	286.0000	368.0000	0
14:56:06	280.0000	350.0000	0
14:56:06	273.0000	330.0000	0
14:56:06	292.0000	320.0000	0
14:56:06	293.0000	414.0000	0
14:56:06	291.0000	390.0000	0
14:56:06	286.0000	362.0000	0
14:56:06	286.0000	352.0000	0
14:56:06	285.0000	337.0000	0
14:56:06	299.0000	329.0000	0
14:56:06	304.0000	427.0000	0
14:56:06	303.0000	397.0000	0
14:56:06	298.0000	368.0000	0
14:56:06	295.0000	352.0000	0
14:56:06	294.0000	337.0000	0
14:56:06	303.0000	331.0000	0
14:56:06	314.0000	326.0000	0
14:56:06	304.0000	418.0000	0
14:56:06	294.0000	390.0000	0
14:56:06	295.0000	359.0000	0
14:56:06	288.0000	362.0000	0
14:56:06	289.0000	338.0000	0
14:56:06	304.0000	330.0000	0
14:56:06	297.0000	419.0000	0
14:56:06	303.0000	400.0000	0
14:56:06	290.0000	370.0000	0
14:56:06	289.0000	346.0000	0
14:56:06	289.0000	349.0000	0
14:56:06	301.0000	330.0000	0
14:56:06	298.0000	419.0000	0
14:56:06	291.0000	391.0000	0
14:56:06	290.0000	375.0000	0
14:56:06	288.0000	355.0000	0
14:56:06	278.0000	334.0000	0
14:56:06	309.0000	334.0000	0
14:56:06	307.0000	321.0000	0
14:56:06	299.0000	415.0000	0
14:56:06	298.0000	384.0000	0
14:56:06	293.0000	368.0000	0
14:56:06	290.0000	352.0000	0
14:56:06	293.0000	334.0000	0
14:56:06	311.0000	335.0000	0
14:56:06	296.0000	417.0000	0
14:56:06	295.0000	394.0000	0
14:56:06	290.0000	365.0000	0
14:56:06	295.0000	352.0000	0
14:56:06	304.0000	341.0000	0
14:56:06	311.0000	326.0000	0
14:56:06	306.0000	427.0000	0
14:56:06	301.0000	391.0000	0
14:56:06	297.0000	370.0000	0
14:56:06	293.0000	353.0000	0
14:56:06	294.0000	341.0000	0
14:56:06	314.0000	335.0000	0
14:56:06	319.0000	324.0000	0
14:56:06	302.0000	415.0000	0
14:56:06	300.0000	384.0000	0
14:56:06	285.0000	362.0000	0
14:56:06	299.0000	355.0000	0
14:56:06	307.0000	338.0000	0
14:56:06	315.0000	335.0000	0
14:56:06	297.0000	415.0000	0
14:56:06	298.0000	399.0000	0
14:56:06	293.0000	369.0000	0
14:56:06	282.0000	347.0000	0
14:56:06	316.0000	342.0000	0
14:56:06	316.0000	334.0000	0
14:56:06	303.0000	419.0000	0
14:56:06	298.0000	391.0000	0
14:56:06	298.0000	378.0000	0
14:56:06	288.0000	355.0000	0
14:56:06	290.0000	336.0000	0
14:56:06	317.0000	336.0000	0
14:56:06	297.0000	418.0000	0
14:56:06	291.0000	387.0000	0
14:56:06	292.0000	369.0000	0
14:56:06	293.0000	361.0000	0
14:56:06	299.0000	341.0000	0
14:56:06	299.0000	323.0000	0
14:56:06	314.0000	326.0000	0
14:56:06	298.0000	416.0000	0
14:56:06	294.0000	392.0000	0
14:56:06	289.0000	368.0000	0
14:56:06	298.0000	354.0000	0
14:56:06	307.0000	340.0000	0
14:56:06	307.0000	324.0000	0
14:56:06	307.0000	429.0000	0
14:56:06	300.0000	393.0000	0
14:56:06	299.0000	370.0000	0
14:56:06	304.0000	355.0000	0
14:56:06	307.0000	342.0000	0
14:56:06	320.0000	336.0000	0
14:56:06	304.0000	413.0000	0
14:56:06	304.0000	400.0000	0
14:56:06	303.0000	371.0000	0
14:56:06	306.0000	358.0000	0
14:56:06	311.0000	343.0000	0
14:56:06	319.0000	335.0000	0
14:56:06	315.0000	329.0000	0
14:56:06	304.0000	419.0000	0
14:56:06	305.0000	400.0000	0
14:56:06	303.0000	370.0000	0
14:56:06	304.0000	346.0000	0
14:56:06	321.0000	346.0000	0
14:56:06	322.0000	335.0000	0
14:56:06	310.0000	423.0000	0
14:56:06	307.0000	400.0000	0
14:56:06	307.0000	381.0000	0
14:56:06	314.0000	357.0000	0
14:56:06	322.0000	349.0000	0
14:56:06	324.0000	335.0000	0
14:56:06	303.0000	423.0000	0
14:56:06	301.0000	395.0000	0
14:56:06	298.0000	373.0000	0
14:56:06	305.0000	368.0000	0
14:56:06	319.0000	345.0000	0
14:56:06	321.0000	336.0000	0
14:56:06	299.0000	418.0000	0
14:56:06	298.0000	394.0000	0
14:56:06	298.0000	379.0000	0
14:56:06	293.0000	350.0000	0
14:56:06	308.0000	342.0000	0
14:56:06	314.0000	334.0000	0
14:56:06	304.0000	317.0000	0
14:56:06	304.0000	427.0000	0
14:56:06	292.0000	391.0000	0
14:56:06	294.0000	369.0000	0
14:56:06	308.0000	360.0000	0
14:56:06	314.0000	343.0000	0
14:56:06	319.0000	336.0000	0
14:56:06	304.0000	420.0000	0
14:56:06	302.0000	401.0000	0
14:56:06	299.0000	370.0000	0
14:56:06	311.0000	367.0000	0
14:56:06	320.0000	336.0000	0
14:56:06	325.0000	341.0000	0
14:56:06	311.0000	426.0000	0
14:56:06	299.0000	385.0000	0
14:56:06	306.0000	380.0000	0
14:56:06	305.0000	358.0000	0
14:56:06	318.0000	344.0000	0
14:56:06	320.0000	334.0000	0
14:56:06	304.0000	419.0000	0
14:56:06	302.0000	390.0000	0
14:56:06	299.0000	370.0000	0
14:56:06	309.0000	365.0000	0
14:56:06	320.0000	346.0000	0
14:56:06	320.0000	326.0000	0
14:56:06	304.0000	421.0000	0
14:56:06	303.0000	395.0000	0
14:56:06	299.0000	373.0000	0
14:56:06	302.0000	361.0000	0
14:56:06	327.0000	352.0000	0
14:56:06	325.0000	337.0000	0
14:56:06	299.0000	410.0000	0
14:56:06	301.0000	395.0000	0
14:56:06	297.0000	371.0000	0
14:56:06	294.0000	356.0000	0
14:56:06	304.0000	336.0000	0
14:56:06	317.0000	338.0000	0
14:56:06	299.0000	421.0000	0
14:56:06	298.0000	395.0000	0
14:56:06	294.0000	370.0000	0
14:56:06	290.0000	365.0000	0
14:56:06	302.0000	341.0000	0
14:56:06	313.0000	334.0000	0
14:56:06	303.0000	429.0000	0
14:56:06	298.0000	394.0000	0
14:56:06	297.0000	370.0000	0
14:56:06	293.0000	362.0000	0
14:56:06	293.0000	341.0000	0
14:56:06	310.0000	334.0000	0
14:56:06	302.0000	413.0000	0
14:56:06	302.0000	400.0000	0
14:56:06	298.0000	371.0000	0
14:56:06	299.0000	346.0000	0
14:56:06	302.0000	350.0000	0
14:56:06	306.0000	334.0000	0
14:56:06	302.0000	427.0000	0
14:56:06	298.0000	389.0000	0
14:56:06	293.0000	366.0000	0
14:56:06	290.0000	357.0000	0
14:56:06	293.0000	336.0000	0
14:56:06	304.0000	335.0000	0
14:56:06	314.0000	325.0000	0
14:56:06	302.0000	418.0000	0
14:56:06	297.0000	389.0000	0
14:56:06	289.0000	375.0000	0
14:56:06	295.0000	352.0000	0
14:56:06	294.0000	335.0000	0
14:56:06	315.0000	335.0000	0
14:56:06	296.0000	420.0000	0
14:56:06	294.0000	391.0000	0
14:56:06	291.0000	370.0000	0
14:56:06	291.0000	362.0000	0
14:56:06	297.0000	342.0000	0
14:56:06	311.0000	333.0000	0
14:56:06	294.0000	427.0000	0
14:56:06	289.0000	394.0000	0
14:56:06	286.0000	369.0000	0
14:56:06	284.0000	353.0000	0
14:56:06	294.0000	338.0000	0
14:56:06	302.0000	330.0000	0
14:56:06	299.0000	418.0000	0
14:56:06	297.0000	391.0000	0
14:56:06	297.0000	369.0000	0
14:56:06	298.0000	359.0000	0
14:56:06	293.0000	336.0000	0
14:56:06	309.0000	336.0000	0
14:56:06	294.0000	418.0000	0
14:56:06	292.0000	390.0000	0
14:56:06	290.0000	369.0000	0
14:56:06	287.0000	354.0000	0
14:56:06	287.0000	348.0000	0
14:56:06	301.0000	333.0000	0
14:56:06	288.0000	416.0000	0
14:56:06	287.0000	393.0000	0
14:56:06	286.0000	370.0000	0
14:56:06	284.0000	357.0000	0
14:56:06	290.0000	340.0000	0
14:56:06	300.0000	336.0000	0
14:56:06	305.0000	316.0000	0
14:56:06	293.0000	416.0000	0
14:56:06	295.0000	390.0000	0
14:56:06	291.0000	368.0000	0
14:56:06	289.0000	356.0000	0
14:56:06	310.0000	343.0000	0
14:56:06	311.0000	337.0000	0
14:56:06	297.0000	421.0000	0
14:56:06	294.0000	393.0000	0
14:56:06	290.0000	375.0000	0
14:56:06	287.0000	357.0000	0
14:56:06	293.0000	345.0000	0
14:56:06	309.0000	334.0000	0
14:56:06	302.0000	422.0000	0
14:56:06	298.0000	397.0000	0
14:56:06	295.0000	375.0000	0
14:56:06	288.0000	354.0000	0
14:56:06	291.0000	346.0000	0
14:56:06	307.0000	335.0000	0
14:56:06	306.0000	430.0000	0
14:56:06	294.0000	397.0000	0
14:56:06	942.0000	639.0000	0
14:56:06	974.0000	609.0000	0
14:56:06	991.0000	592.0000	0
14:56:06	976.0000	563.0000	0
14:56:06	955.0000	541.0000	0
14:56:06	1439.0000	586.0000	0
14:56:06	1535.0000	592.0000	0
14:56:06	1582.0000	592.0000	0
14:56:06	1535.0000	596.0000	0
14:56:06	1606.0000	610.0000	0
14:56:06	1714.0000	611.0000	0
14:56:06	1578.0000	630.0000	0
14:56:06	1533.0000	625.0000	0
14:56:06	1497.0000	625.0000	0
14:56:06	1478.0000	626.0000	0
14:56:06	1438.0000	606.0000	0
14:56:06	1421.0000	608.0000	0
14:56:06	1303.0000	622.0000	0
14:56:06	1266.0000	596.0000	0
14:56:06	1252.0000	593.0000	0
14:56:06	1245.0000	579.0000	0
14:56:06	1264.0000	571.0000	0
14:56:06	1282.0000	557.0000	0
14:56:06	1248.0000	582.0000	0
14:56:06	1264.0000	569.0000	0
14:56:06	1333.0000	572.0000	0
14:56:06	1383.0000	576.0000	0
14:56:06	1383.0000	567.0000	0
14:56:06	1365.0000	560.0000	0
14:56:06	1633.0000	613.0000	0
14:56:06	1607.0000	607.0000	0
14:56:06	1600.0000	610.0000	0
14:56:06	1615.0000	617.0000	0
14:56:06	1632.0000	619.0000	0
14:56:06	1648.0000	624.0000	0
14:56:06	1489.0000	633.0000	0
14:56:06	1463.0000	633.0000	0
14:56:06	1434.0000	622.0000	0
14:56:06	1412.0000	617.0000	0
14:56:06	1396.0000	607.0000	0
14:56:06	1381.0000	599.0000	0
14:56:06	1370.0000	613.0000	0
14:56:06	1447.0000	606.0000	0
14:56:06	1499.0000	609.0000	0
14:56:06	1600.0000	611.0000	0
14:56:06	1616.0000	615.0000	0
14:56:06	1682.0000	621.0000	0
14:56:06	2087.0000	661.0000	0
14:56:06	2034.0000	681.0000	0
14:56:06	1984.0000	694.0000	0
14:56:06	1930.0000	700.0000	0
14:56:06	1885.0000	705.0000	0
14:56:06	1829.0000	704.0000	0
14:56:06	1488.0000	686.0000	0
14:56:06	1515.0000	675.0000	0
14:56:06	1495.0000	661.0000	0
14:56:06	1584.0000	656.0000	0
14:56:06	1723.0000	659.0000	0
14:56:06	1859.0000	670.0000	0
14:56:06	2064.0000	691.0000	0
14:56:06	2057.0000	707.0000	0
14:56:06	2015.0000	716.0000	0
14:56:06	1955.0000	720.0000	0
14:56:06	1910.0000	727.0000	0
14:56:06	1874.0000	728.0000	1
14:56:06	2078.0000	729.0000	0
14:56:06	2150.0000	746.0000	0
14:56:06	2227.0000	765.0000	1
14:56:06	2341.0000	779.0000	2
14:56:06	2358.0000	788.0000	4
14:56:06	2303.0000	803.0000	0
14:56:06	2080.0000	786.0000	0
14:56:06	2078.0000	793.0000	0
14:56:06	2017.0000	796.0000	6
14:56:06	2000.0000	784.0000	7
14:56:06	2007.0000	789.0000	2
14:56:06	1969.0000	789.0000	3
14:56:06	2559.0000	802.0000	0
14:56:06	2699.0000	835.0000	5
14:56:06	2898.0000	873.0000	6
14:56:06	2958.0000	907.0000	14
14:56:06	2875.0000	938.0000	16
14:56:06	2853.0000	966.0000	16
14:56:06	2905.0000	972.0000	0
14:56:06	2959.0000	993.0000	4
14:56:06	3126.0000	1026.0000	27
14:56:06	3462.0000	1067.0000	31
14:56:06	3706.0000	1109.0000	44
14:56:06	3685.0000	1150.0000	27
14:56:06	3696.0000	1166.0000	0
14:56:06	3698.0000	1191.0000	22
14:56:06	3683.0000	1221.0000	28
14:56:06	3699.0000	1241.0000	49
14:56:06	3698.0000	1276.0000	48
14:56:06	3715.0000	1299.0000	41
14:56:06	3471.0000	1289.0000	16
14:56:06	3300.0000	1282.0000	30
14:56:06	3147.0000	1279.0000	45
14:56:06	3008.0000	1282.0000	43
14:56:06	2999.0000	1273.0000	45
14:56:06	3580.0000	1275.0000	5
14:56:06	3501.0000	1266.0000	34
14:56:06	3339.0000	1268.0000	50
14:56:06	3350.0000	1283.0000	51
14:56:06	3583.0000	1301.0000	47
14:56:06	3654.0000	1317.0000	53
14:56:06	3703.0000	1320.0000	7
14:56:06	3696.0000	1326.0000	30
14:56:06	3696.0000	1334.0000	43
14:56:06	3702.0000	1353.0000	48
14:56:06	3693.0000	1365.0000	53
14:56:06	3702.0000	1371.0000	54
14:56:06	3703.0000	1370.0000	16
14:56:06	3712.0000	1369.0000	31
14:56:06	3695.0000	1376.0000	47
14:56:06	3683.0000	1379.0000	54
14:56:06	3712.0000	1394.0000	64
14:56:06	3707.0000	1388.0000	13
14:56:06	3707.0000	1380.0000	41
14:56:06	3707.0000	1371.0000	61
14:56:06	3699.0000	1387.0000	64
14:56:06	3718.0000	1399.0000	58
14:56:06	3696.0000	1411.0000	69
14:56:06	3709.0000	1406.0000	11
14:56:06	3745.0000	1396.0000	34
14:56:06	3710.0000	1407.0000	47
14:56:06	3709.0000	1409.0000	51
14:56:06	3713.0000	1420.0000	57
14:56:06	3725.0000	1426.0000	50
14:56:06	3710.0000	1410.0000	15
14:56:06	3716.0000	1414.0000	35
14:56:06	3719.0000	1413.0000	40
14:56:06	3699.0000	1415.0000	46
14:56:06	3723.0000	1431.0000	50
14:56:06	3715.0000	1415.0000	11
14:56:06	3715.0000	1405.0000	35
14:56:06	3711.0000	1399.0000	55
14:56:06	3717.0000	1408.0000	63
14:56:06	3722.0000	1416.0000	61
14:56:06	3696.0000	1415.0000	64
14:56:06	3725.0000	1413.0000	17
14:56:06	3699.0000	1403.0000	43
14:56:06	3703.0000	1408.0000	48
14:56:06	3726.0000	1424.0000	56
14:56:06	3722.0000	1424.0000	58
14:56:06	3701.0000	1437.0000	65
14:56:06	3733.0000	1428.0000	7
14:56:06	3713.0000	1414.0000	35
14:56:06	3712.0000	1418.0000	48
14:56:06	3709.0000	1424.0000	55
14:56:06	3712.0000	1424.0000	58
14:56:06	3723.0000	1423.0000	11
14:56:06	3701.0000	1415.0000	34
14:56:06	3725.0000	1424.0000	48
14:56:06	3716.0000	1423.0000	56
14:56:06	3711.0000	1427.0000	58
14:56:06	3696.0000	1432.0000	64
14:56:06	3715.0000	1431.0000	12
14:56:06	3730.0000	1419.0000	21
14:56:06	3777.0000	1421.0000	46
14:56:06	3712.0000	1421.0000	48
14:56:06	3718.0000	1434.0000	58
14:56:06	3696.0000	1439.0000	51
14:56:06	3717.0000	1437.0000	4
14:56:06	3718.0000	1424.0000	32
14:56:06	3716.0000	1423.0000	45
14:56:06	3707.0000	1421.0000	59
14:56:06	3715.0000	1432.0000	55
14:56:06	3715.0000	1423.0000	12
14:56:06	3712.0000	1418.0000	33
14:56:06	3723.0000	1417.0000	47
14:56:06	3711.0000	1424.0000	53
14:56:06	3712.0000	1433.0000	53
14:56:06	3714.0000	1438.0000	63
14:56:06	3726.0000	1430.0000	12
14:56:06	3699.0000	1424.0000	27
14:56:06	3723.0000	1420.0000	51
14:56:06	3712.0000	1422.0000	49
14:56:06	3716.0000	1430.0000	60
14:56:06	3696.0000	1436.0000	64
14:56:06	3713.0000	1428.0000	9
14:56:06	3717.0000	1419.0000	35
14:56:06	3698.0000	1417.0000	42
14:56:07	3707.0000	1415.0000	66
14:56:07	3707.0000	1420.0000	66
14:56:07	3711.0000	1422.0000	16
14:56:07	3715.0000	1404.0000	48
14:56:07	3722.0000	1409.0000	55
14:56:07	3714.0000	1413.0000	61
14:56:07	3710.0000	1426.0000	63
14:56:07	3724.0000	1432.0000	62
14:56:07	3719.0000	1421.0000	14
14:56:07	3702.0000	1424.0000	23
14:56:07	3712.0000	1425.0000	48
14:56:07	3712.0000	1422.0000	49
14:56:07	3726.0000	1444.0000	48
14:56:07	3699.0000	1432.0000	64
14:56:07	3712.0000	1429.0000	12
14:56:07	3719.0000	1413.0000	46
14:56:07	3712.0000	1412.0000	53
14:56:07	3723.0000	1420.0000	57
14:56:07	3714.0000	1419.0000	64
14:56:07	3722.0000	1420.0000	13
14:56:07	3711.0000	1408.0000	46
14:56:07	3718.0000	1405.0000	54
14:56:07	3713.0000	1411.0000	63
14:56:07	3709.0000	1421.0000	62
14:56:07	3717.0000	1421.0000	64
14:56:07	3729.0000	1425.0000	0
14:56:07	3706.0000	1414.0000	26
14:56:07	3725.0000	1423.0000	45
14:56:07	3714.0000	1429.0000	57
14:56:07	3701.0000	1428.0000	47
14:56:07	3719.0000	1441.0000	54
14:56:07	3743.0000	1422.0000	13
14:56:07	3707.0000	1421.0000	27
14:56:07	3702.0000	1421.0000	48
14:56:07	3713.0000	1420.0000	57
14:56:07	3714.0000	1421.0000	64
14:56:07	3719.0000	1413.0000	14
14:56:07	3726.0000	1405.0000	36
14:56:07	3715.0000	1407.0000	48
14:56:07	3715.0000	1417.0000	50
14:56:07	3715.0000	1419.0000	61
14:56:07	3717.0000	1431.0000	55
14:56:07	3711.0000	1418.0000	3
14:56:07	3718.0000	1416.0000	41
14:56:07	3711.0000	1420.0000	46
14:56:07	3716.0000	1412.0000	56
14:56:07	3701.0000	1425.0000	47
14:56:07	3715.0000	1436.0000	58
14:56:07	3718.0000	1422.0000	11
14:56:07	3716.0000	1419.0000	31
14:56:07	3714.0000	1416.0000	52
14:56:07	3712.0000	1423.0000	49
14:56:07	3719.0000	1430.0000	60
14:56:07	3718.0000	1418.0000	13
14:56:07	3715.0000	1408.0000	34
14:56:07	3727.0000	1404.0000	63
14:56:07	3697.0000	1412.0000	54
14:56:07	3713.0000	1415.0000	65
14:56:07	3749.0000	1426.0000	64
14:56:07	3717.0000	1413.0000	17
14:56:07	3712.0000	1406.0000	52
14:56:07	3729.0000	1405.0000	58
14:56:07	3697.0000	1417.0000	63
14:56:07	3718.0000	1426.0000	59
14:56:07	3734.0000	1440.0000	60
14:56:07	3717.0000	1424.0000	11
14:56:07	3715.0000	1413.0000	37
14:56:07	3721.0000	1416.0000	51
14:56:07	3713.0000	1429.0000	50
14:56:07	3729.0000	1444.0000	48
14:56:07	3718.0000	1415.0000	16
14:56:07	3745.0000	1409.0000	34
14:56:07	3713.0000	1411.0000	48
14:56:07	3712.0000	1414.0000	54
14:56:07	3740.0000	1429.0000	54
14:56:07	3727.0000	1425.0000	57
14:56:07	3707.0000	1423.0000	3
14:56:07	3710.0000	1413.0000	43
14:56:07	3721.0000	1413.0000	48
14:56:07	3734.0000	1439.0000	42
14:56:07	3700.0000	1416.0000	52
14:56:07	3711.0000	1439.0000	52
14:56:07	3721.0000	1425.0000	7
14:56:07	3706.0000	1420.0000	34
14:56:07	3726.0000	1423.0000	46
14:56:07	3718.0000	1431.0000	54
14:56:07	3700.0000	1434.0000	48
14:56:07	3717.0000	1424.0000	5
14:56:07	3712.0000	1410.0000	40
14:56:07	3728.0000	1422.0000	49
14:56:07	3703.0000	1417.0000	61
14:56:07	3716.0000	1427.0000	64
14:56:07	3712.0000	1439.0000	67
14:56:07	3723.0000	1431.0000	11
14:56:07	3730.0000	1413.0000	42
14:56:07	3692.0000	1412.0000	55
14:56:07	3699.0000	1415.0000	66
14:56:07	3717.0000	1421.0000	73
14:56:07	3713.0000	1428.0000	68
14:56:07	3722.0000	1435.0000	10
14:56:07	3719.0000	1417.0000	34
14:56:07	3715.0000	1426.0000	49
14:56:07	3715.0000	1428.0000	62
14:56:07	3709.0000	1427.0000	57
14:56:07	3729.0000	1424.0000	11
14:56:07	3727.0000	1413.0000	34
14:56:07	3715.0000	1419.0000	49
14:56:07	3711.0000	1420.0000	62
14:56:07	3711.0000	1428.0000	57
14:56:07	3718.0000	1430.0000	51
14:56:07	3717.0000	1433.0000	9
14:56:07	3715.0000	1418.0000	33
14:56:07	3715.0000	1416.0000	51
14:56:07	3703.0000	1425.0000	45
14:56:07	3712.0000	1431.0000	64
14:56:07	3720.0000	1433.0000	59
14:56:07	3723.0000	1429.0000	13
14:56:07	3714.0000	1407.0000	50
14:56:07	3725.0000	1413.0000	58
14:56:07	3694.0000	1418.0000	53
14:56:07	3728.0000	1425.0000	62
14:56:07	3710.0000	1425.0000	10
14:56:07	3715.0000	1414.0000	34
14:56:07	3714.0000	1419.0000	47
14:56:07	3711.0000	1425.0000	61
14:56:07	3712.0000	1428.0000	58
14:56:07	3719.0000	1445.0000	51
14:56:07	3715.0000	1423.0000	19
14:56:07	3738.0000	1411.0000	46
14:56:07	3728.0000	1412.0000	48
14:56:07	3722.0000	1417.0000	62
14:56:07	3728.0000	1428.0000	64
14:56:07	3719.0000	1434.0000	69
14:56:07	3719.0000	1429.0000	15
14:56:07	3690.0000	1413.0000	43
14:56:07	3718.0000	1406.0000	59
14:56:07	3730.0000	1429.0000	55
14:56:07	3702.0000	1410.0000	67
14:56:07	3713.0000	1421.0000	13
14:56:07	3722.0000	1412.0000	37
14:56:07	3713.0000	1414.0000	48
14:56:07	3729.0000	1431.0000	51
14:56:07	3717.0000	1430.0000	53
14:56:07	3714.0000	1430.0000	55
14:56:07	3729.0000	1430.0000	8
14:56:07	3715.0000	1418.0000	37
14:56:07	3721.0000	1429.0000	43
14:56:07	3699.0000	1417.0000	52
14:56:07	3715.0000	1435.0000	54
14:56:07	3718.0000	1443.0000	55
14:56:07	3717.0000	1439.0000	1
14:56:07	3728.0000	1423.0000	35
14:56:07	3698.0000	1423.0000	48
14:56:07	3741.0000	1420.0000	48
14:56:07	3713.0000	1425.0000	63
14:56:07	3722.0000	1424.0000	14
14:56:07	3714.0000	1417.0000	39
14:56:07	3717.0000	1419.0000	48
14:56:07	3714.0000	1426.0000	57
14:56:07	3717.0000	1427.0000	62
14:56:07	3719.0000	1437.0000	48
14:56:07	3728.0000	1426.0000	12
14:56:07	3716.0000	1429.0000	35
14:56:07	3700.0000	1420.0000	38
14:56:07	3701.0000	1430.0000	57
14:56:07	3723.0000	1443.0000	55
14:56:07	3717.0000	1441.0000	59
14:56:07	3718.0000	1430.0000	11
14:56:07	3706.0000	1422.0000	36
14:56:07	3715.0000	1419.0000	52
14:56:07	3723.0000	1430.0000	52
14:56:07	3716.0000	1436.0000	52
14:56:07	3715.0000	1425.0000	13
14:56:07	3717.0000	1419.0000	33
14:56:07	3714.0000	1416.0000	51
14:56:07	3718.0000	1424.0000	51
14:56:07	3711.0000	1430.0000	56
14:56:07	3721.0000	1437.0000	59
14:56:07	3709.0000	1426.0000	14
14:56:07	3715.0000	1417.0000	37
14:56:07	3712.0000	1420.0000	48
14:56:07	3728.0000	1431.0000	53
14:56:07	3712.0000	1428.0000	57
14:56:07	3710.0000	1435.0000	64
14:56:07	3730.0000	1435.0000	10
14:56:07	3722.0000	1411.0000	43
14:56:07	3712.0000	1415.0000	55
14:56:07	3714.0000	1419.0000	62
14:56:07	3719.0000	1427.0000	67
14:56:07	3723.0000	1426.0000	3
14:56:07	3698.0000	1410.0000	45
14:56:07	3728.0000	1414.0000	54
14:56:07	3714.0000	1414.0000	59
14:56:07	3714.0000	1424.0000	61
14:56:07	3714.0000	1436.0000	60
14:56:07	3724.0000	1427.0000	5
14:56:07	3726.0000	1419.0000	26
14:56:07	3725.0000	1423.0000	44
14:56:07	3717.0000	1428.0000	48
14:56:07	3717.0000	1434.0000	58
14:56:07	3703.0000	1440.0000	48
14:56:07	3728.0000	1434.0000	5
14:56:07	3713.0000	1418.0000	35
14:56:07	3702.0000	1410.0000	44
14:56:07	3744.0000	1418.0000	64
14:56:07	3696.0000	1427.0000	64
14:56:07	3721.0000	1419.0000	15
14:56:07	3712.0000	1414.0000	38
14:56:07	3714.0000	1412.0000	58
14:56:07	3717.0000	1423.0000	59
14:56:07	3714.0000	1431.0000	55
14:56:07	3712.0000	1435.0000	63
14:56:07	3719.0000	1429.0000	14
14:56:07	3717.0000	1417.0000	37
14:56:07	3723.0000	1417.0000	48
14:56:07	3718.0000	1421.0000	51
14:56:07	3715.0000	1431.0000	55
14:56:07	3698.0000	1434.0000	51
14:56:07	3711.0000	1425.0000	14
14:56:07	3717.0000	1421.0000	41
14:56:07	3696.0000	1418.0000	41
14:56:07	3724.0000	1421.0000	59
14:56:07	3712.0000	1431.0000	56
14:56:07	3722.0000	1417.0000	12
14:56:07	3719.0000	1416.0000	34
14:56:07	3715.0000	1413.0000	47
14:56:07	3713.0000	1415.0000	55
14:56:07	3714.0000	1434.0000	53
14:56:07	3730.0000	1441.0000	58
14:56:07	3723.0000	1430.0000	5
14:56:07	3728.0000	1425.0000	31
14:56:07	3716.0000	1419.0000	48
14:56:07	3723.0000	1430.0000	49
14:56:07	3726.0000	1430.0000	46
14:56:07	3699.0000	1429.0000	57
14:56:07	3712.0000	1426.0000	9
14:56:07	3712.0000	1418.0000	32
14:56:07	3715.0000	1420.0000	47
14:56:07	3710.0000	1424.0000	61
14:56:07	3718.0000	1428.0000	57
14:56:07	3714.0000	1424.0000	10
14:56:07	3715.0000	1411.0000	33
14:56:07	3715.0000	1416.0000	45
14:56:07	3715.0000	1427.0000	48
14:56:07	3713.0000	1436.0000	49
14:56:07	3712.0000	1437.0000	54
14:56:07	3722.0000	1431.0000	11
14:56:07	3713.0000	1422.0000	32
14:56:07	3718.0000	1421.0000	48
14:56:07	3711.0000	1430.0000	57
14:56:07	3722.0000	1431.0000	60
14:56:07	3717.0000	1436.0000	64
14:56:07	3719.0000	1432.0000	7
14:56:07	3714.0000	1429.0000	35
14:56:07	3702.0000	1418.0000	38
14:56:07	3722.0000	1427.0000	51
14:56:07	3713.0000	1434.0000	49
14:56:07	3731.0000	1426.0000	3
14:56:07	3693.0000	1403.0000	42
14:56:07	3712.0000	1409.0000	61
14:56:07	3721.0000	1414.0000	59
14:56:07	3718.0000	1422.0000	66
14:56:07	3713.0000	1433.0000	66
14:56:07	3728.0000	1432.0000	5
14:56:07	3735.0000	1423.0000	25
14:56:07	3723.0000	1423.0000	46
14:56:07	3718.0000	1430.0000	50
14:56:07	3715.0000	1433.0000	62
14:56:07	3715.0000	1440.0000	49
14:56:07	3730.0000	1447.0000	4
14:56:07	3716.0000	1421.0000	32
14:56:07	3721.0000	1434.0000	43
14:56:07	3699.0000	1435.0000	48
14:56:07	3714.0000	1428.0000	52
14:56:07	3730.0000	1446.0000	0
14:56:07	3703.0000	1417.0000	42
14:56:07	3731.0000	1419.0000	43
14:56:07	3717.0000	1426.0000	49
14:56:07	3706.0000	1438.0000	48
14:56:07	3715.0000	1436.0000	63
14:56:07	3718.0000	1432.0000	9
14:56:08	3723.0000	1420.0000	33
14:56:08	3713.0000	1422.0000	46
14:56:08	3715.0000	1437.0000	50
14:56:08	3717.0000	1435.0000	53
14:56:08	3716.0000	1440.0000	57
14:56:08	3715.0000	1430.0000	5
14:56:08	3720.0000	1421.0000	43
14:56:08	3702.0000	1424.0000	39
14:56:08	3722.0000	1428.0000	53
14:56:08	3728.0000	1434.0000	55
14:56:08	3724.0000	1426.0000	12
14:56:08	3719.0000	1410.0000	46
14:56:08	3714.0000	1411.0000	55
14:56:08	3719.0000	1419.0000	60
14:56:08	3698.0000	1427.0000	54
14:56:08	3725.0000	1441.0000	63
14:56:08	3719.0000	1432.0000	15
14:56:08	3716.0000	1419.0000	35
14:56:08	3713.0000	1423.0000	51
14:56:08	3717.0000	1434.0000	48
14:56:08	3722.0000	1436.0000	49
14:56:08	3701.0000	1424.0000	53
14:56:08	3725.0000	1435.0000	11
14:56:08	3740.0000	1420.0000	34
14:56:08	3719.0000	1424.0000	46
14:56:08	3735.0000	1427.0000	53
14:56:08	3715.0000	1437.0000	57
14:56:08	3725.0000	1429.0000	10
14:56:08	3718.0000	1420.0000	41
14:56:08	3714.0000	1421.0000	47
14:56:08	3714.0000	1427.0000	59
14:56:08	3722.0000	1431.0000	52
14:56:08	3715.0000	1440.0000	54
14:56:08	3725.0000	1429.0000	11
14:56:08	3744.0000	1420.0000	35
14:56:08	3715.0000	1427.0000	47
14:56:08	3715.0000	1428.0000	48
14:56:08	3711.0000	1435.0000	50
14:56:08	3711.0000	1440.0000	54
14:56:08	3719.0000	1433.0000	11
14:56:08	3726.0000	1420.0000	27
14:56:08	3719.0000	1423.0000	48
14:56:08	3731.0000	1438.0000	50
14:56:08	3715.0000	1436.0000	57
14:56:08	3710.0000	1425.0000	1
14:56:08	3713.0000	1423.0000	35
14:56:08	3719.0000	1419.0000	46
14:56:08	3728.0000	1438.0000	43
14:56:08	3707.0000	1418.0000	53
14:56:08	3712.0000	1435.0000	54
14:56:08	3715.0000	1424.0000	9
14:56:08	3722.0000	1418.0000	33
14:56:08	3730.0000	1424.0000	45
14:56:08	3712.0000	1429.0000	49
14:56:08	3738.0000	1430.0000	44
14:56:08	3702.0000	1443.0000	54
14:56:08	3723.0000	1428.0000	14
14:56:08	3717.0000	1421.0000	33
14:56:08	3725.0000	1422.0000	47
14:56:08	3727.0000	1428.0000	49
14:56:08	3712.0000	1431.0000	55
14:56:08	3717.0000	1422.0000	13
14:56:08	3717.0000	1411.0000	35
14:56:08	3725.0000	1417.0000	48
14:56:08	3723.0000	1424.0000	47
14:56:08	3720.0000	1429.0000	52
14:56:08	3718.0000	1436.0000	57
14:56:08	3715.0000	1425.0000	9
14:56:08	3711.0000	1419.0000	33
14:56:08	3717.0000	1420.0000	48
14:56:08	3712.0000	1426.0000	54
14:56:08	3707.0000	1423.0000	58
14:56:08	3713.0000	1435.0000	58
14:56:08	3712.0000	1425.0000	12
14:56:08	3719.0000	1417.0000	27
14:56:08	3696.0000	1411.0000	45
14:56:08	3724.0000	1428.0000	49
14:56:08	3713.0000	1428.0000	54
14:56:08	3712.0000	1421.0000	9
14:56:08	3725.0000	1423.0000	32
14:56:08	3706.0000	1413.0000	48
14:56:08	3708.0000	1420.0000	54
14:56:08	3706.0000	1427.0000	54
14:56:08	3715.0000	1431.0000	59
14:56:08	3707.0000	1421.0000	12
14:56:08	3692.0000	1412.0000	37
14:56:08	3716.0000	1415.0000	47
14:56:08	3707.0000	1421.0000	51
14:56:08	3687.0000	1429.0000	48
14:56:08	3699.0000	1437.0000	64
14:56:08	3393.0000	1418.0000	5
14:56:08	3248.0000	1399.0000	19
14:56:08	3111.0000	1370.0000	44
14:56:08	2965.0000	1360.0000	49
14:56:08	2866.0000	1344.0000	49
14:56:08	2671.0000	1304.0000	0
14:56:08	2611.0000	1277.0000	18
14:56:08	2547.0000	1249.0000	27
14:56:08	2626.0000	1229.0000	24
14:56:08	2595.0000	1217.0000	32
14:56:08	2546.0000	1198.0000	32
14:56:08	2559.0000	1168.0000	0
14:56:08	2592.0000	1153.0000	14
14:56:08	2591.0000	1141.0000	25
14:56:08	2768.0000	1144.0000	23
14:56:08	2981.0000	1158.0000	27
14:56:08	3087.0000	1166.0000	37
14:56:08	2622.0000	1148.0000	0
14:56:08	2537.0000	1132.0000	12
14:56:08	2465.0000	1118.0000	23
14:56:08	2391.0000	1109.0000	21
14:56:08	2309.0000	1090.0000	30
14:56:08	2000.0000	1046.0000	0
14:56:08	1977.0000	1008.0000	2
14:56:08	1927.0000	986.0000	16
14:56:08	1872.0000	957.0000	6
14:56:08	1834.0000	934.0000	16
14:56:08	1781.0000	911.0000	7
14:56:08	1487.0000	851.0000	0
14:56:08	1454.0000	820.0000	0
14:56:08	1408.0000	789.0000	0
14:56:08	1375.0000	767.0000	0
14:56:08	1339.0000	734.0000	0
14:56:08	1309.0000	710.0000	2
14:56:08	1110.0000	676.0000	0
14:56:08	1084.0000	650.0000	0
14:56:08	1051.0000	624.0000	0
14:56:08	1040.0000	595.0000	0
14:56:08	1037.0000	578.0000	0
14:56:08	1012.0000	556.0000	0
14:56:08	1055.0000	578.0000	0
14:56:08	1033.0000	560.0000	0
14:56:08	999.0000	539.0000	0
14:56:08	1023.0000	533.0000	0
14:56:08	1090.0000	528.0000	0
14:56:08	1134.0000	511.0000	0
14:56:08	1126.0000	560.0000	0
14:56:08	1146.0000	552.0000	0
14:56:08	1130.0000	538.0000	0
14:56:08	1108.0000	523.0000	0
14:56:08	1075.0000	523.0000	0
14:56:08	1045.0000	509.0000	0
14:56:08	891.0000	542.0000	0
14:56:08	880.0000	527.0000	0
14:56:08	864.0000	497.0000	0
14:56:08	851.0000	487.0000	0
14:56:08	848.0000	478.0000	0
14:56:08	834.0000	466.0000	0
14:56:08	767.0000	510.0000	0
14:56:08	752.0000	483.0000	0
14:56:08	743.0000	475.0000	0
14:56:08	736.0000	458.0000	0
14:56:08	720.0000	449.0000	0
14:56:08	703.0000	433.0000	0
14:56:08	668.0000	496.0000	0
14:56:08	656.0000	468.0000	0
14:56:08	647.0000	448.0000	0
14:56:08	628.0000	434.0000	0
14:56:08	617.0000	424.0000	0
14:56:08	605.0000	413.0000	0
14:56:08	586.0000	471.0000	0
14:56:08	589.0000	463.0000	0
14:56:08	576.0000	434.0000	0
14:56:08	563.0000	410.0000	0
14:56:08	549.0000	405.0000	0
14:56:08	531.0000	396.0000	0
14:56:08	511.0000	385.0000	0
14:56:08	465.0000	461.0000	0
14:56:08	464.0000	434.0000	0
14:56:08	452.0000	413.0000	0
14:56:08	433.0000	395.0000	0
14:56:08	454.0000	384.0000	0
14:56:08	433.0000	373.0000	0
14:56:08	421.0000	451.0000	0
14:56:08	415.0000	428.0000	0
14:56:08	406.0000	409.0000	0
14:56:08	401.0000	386.0000	0
14:56:08	400.0000	374.0000	0
14:56:08	400.0000	365.0000	0
14:56:08	415.0000	449.0000	0
14:56:08	429.0000	421.0000	0
14:56:08	431.0000	397.0000	0
14:56:08	448.0000	387.0000	0
14:56:08	471.0000	380.0000	0
14:56:08	464.0000	366.0000	0
14:56:08	586.0000	463.0000	0
14:56:08	616.0000	436.0000	0
14:56:08	631.0000	436.0000	0
14:56:08	627.0000	409.0000	0
14:56:08	621.0000	404.0000	0
14:56:08	607.0000	398.0000	0
14:56:08	523.0000	464.0000	0
14:56:08	508.0000	439.0000	0
14:56:08	496.0000	422.0000	0
14:56:08	496.0000	411.0000	0
14:56:08	478.0000	391.0000	0
14:56:08	480.0000	385.0000	0
14:56:08	423.0000	455.0000	0
14:56:08	414.0000	430.0000	0
14:56:08	403.0000	404.0000	0
14:56:08	400.0000	391.0000	0
14:56:08	394.0000	382.0000	0
14:56:08	385.0000	356.0000	0
14:56:08	371.0000	442.0000	0
14:56:08	371.0000	418.0000	0
14:56:08	364.0000	386.0000	0
14:56:08	356.0000	378.0000	0
14:56:08	347.0000	366.0000	0
14:56:08	347.0000	362.0000	0
14:56:08	349.0000	441.0000	0
14:56:08	349.0000	411.0000	0
14:56:08	341.0000	388.0000	0
14:56:08	336.0000	370.0000	0
14:56:08	324.0000	357.0000	0
14:56:09	327.0000	351.0000	0
14:56:09	318.0000	336.0000	0
14:56:09	288.0000	432.0000	0
14:56:09	272.0000	400.0000	0
14:56:09	279.0000	376.0000	0
14:56:09	272.0000	353.0000	0
14:56:09	282.0000	346.0000	0
14:56:09	272.0000	335.0000	0
14:56:09	284.0000	416.0000	0
14:56:09	309.0000	400.0000	0
14:56:09	320.0000	380.0000	0
14:56:09	338.0000	365.0000	0
14:56:09	362.0000	349.0000	0
14:56:09	402.0000	348.0000	0
14:56:09	507.0000	445.0000	0
14:56:09	530.0000	424.0000	0
14:56:09	551.0000	417.0000	0
14:56:09	560.0000	400.0000	0
14:56:09	556.0000	394.0000	0
14:56:09	568.0000	374.0000	0
14:56:09	724.0000	474.0000	0
14:56:09	748.0000	452.0000	0
14:56:09	783.0000	441.0000	0
14:56:09	817.0000	434.0000	0
14:56:09	821.0000	432.0000	0
14:56:09	815.0000	429.0000	0
14:56:09	771.0000	491.0000	0
14:56:09	783.0000	480.0000	0
14:56:09	784.0000	461.0000	0
14:56:09	782.0000	455.0000	0
14:56:09	760.0000	441.0000	0
14:56:09	743.0000	429.0000	0
14:56:09	727.0000	423.0000	0
14:56:09	666.0000	482.0000	0
14:56:09	669.0000	466.0000	0
14:56:09	642.0000	444.0000	0
14:56:09	637.0000	430.0000	0
14:56:09	631.0000	419.0000	0
14:56:09	630.0000	405.0000	0
14:56:09	622.0000	471.0000	0
14:56:09	623.0000	451.0000	0
14:56:09	624.0000	443.0000	0
14:56:09	603.0000	422.0000	0
14:56:09	592.0000	400.0000	0
14:56:09	576.0000	390.0000	0
14:56:09	603.0000	466.0000	0
14:56:09	645.0000	453.0000	0
14:56:09	675.0000	427.0000	0
14:56:09	681.0000	431.0000	0
14:56:09	671.0000	415.0000	0
14:56:09	691.0000	399.0000	0
14:56:09	641.0000	474.0000	0
14:56:09	638.0000	454.0000	0
14:56:09	640.0000	446.0000	0
14:56:09	644.0000	419.0000	0
14:56:09	651.0000	419.0000	0
14:56:09	637.0000	406.0000	0
14:56:09	564.0000	468.0000	0
14:56:09	551.0000	439.0000	0
14:56:09	535.0000	432.0000	0
14:56:09	526.0000	410.0000	0
14:56:09	505.0000	397.0000	0
14:56:09	510.0000	398.0000	0
14:56:09	496.0000	378.0000	0
14:56:09	447.0000	453.0000	0
14:56:09	432.0000	425.0000	0
14:56:09	425.0000	404.0000	0
14:56:09	419.0000	390.0000	0
14:56:09	409.0000	372.0000	0
14:56:09	407.0000	373.0000	0
14:56:09	367.0000	441.0000	0
14:56:09	358.0000	413.0000	0
14:56:09	351.0000	389.0000	0
14:56:09	345.0000	382.0000	0
14:56:09	338.0000	358.0000	0
14:56:09	336.0000	347.0000	0
14:56:09	323.0000	431.0000	0
14:56:09	318.0000	406.0000	0
14:56:09	304.0000	374.0000	0
14:56:09	308.0000	368.0000	0
14:56:09	301.0000	350.0000	0
14:56:09	295.0000	341.0000	0
14:56:09	272.0000	416.0000	0
14:56:09	272.0000	395.0000	0
14:56:09	270.0000	373.0000	0
14:56:09	258.0000	347.0000	0
14:56:09	268.0000	345.0000	0
14:56:09	258.0000	328.0000	0
14:56:09	256.0000	321.0000	0
14:56:09	240.0000	415.0000	0
14:56:09	234.0000	388.0000	0
14:56:09	240.0000	368.0000	0
14:56:09	236.0000	339.0000	0
14:56:09	237.0000	334.0000	0
14:56:09	234.0000	323.0000	0
14:56:09	213.0000	418.0000	0
14:56:09	213.0000	390.0000	0
14:56:09	205.0000	361.0000	0
14:56:09	207.0000	345.0000	0
14:56:09	206.0000	322.0000	0
14:56:09	208.0000	319.0000	0
14:56:09	195.0000	415.0000	0
14:56:09	198.0000	385.0000	0
14:56:09	195.0000	359.0000	0
14:56:09	190.0000	345.0000	0
14:56:09	193.0000	328.0000	0
14:56:09	192.0000	313.0000	0
14:56:09	193.0000	418.0000	0
14:56:09	189.0000	381.0000	0
14:56:09	187.0000	355.0000	0
14:56:09	182.0000	336.0000	0
14:56:09	177.0000	322.0000	0
14:56:09	183.0000	314.0000	0
14:56:09	176.0000	402.0000	0
14:56:09	175.0000	385.0000	0
14:56:09	176.0000	354.0000	0
14:56:09	176.0000	338.0000	0
14:56:09	176.0000	314.0000	0
14:56:09	178.0000	309.0000	0
14:56:09	186.0000	409.0000	0
14:56:09	192.0000	384.0000	0
14:56:09	187.0000	363.0000	0
14:56:09	193.0000	336.0000	0
14:56:09	197.0000	329.0000	0
14:56:09	191.0000	304.0000	0
14:56:09	193.0000	304.0000	0
14:56:09	193.0000	407.0000	0
14:56:09	189.0000	378.0000	0
14:56:09	195.0000	361.0000	0
14:56:09	188.0000	336.0000	0
14:56:09	190.0000	326.0000	0
14:56:09	185.0000	304.0000	0
14:56:09	187.0000	406.0000	0
14:56:09	176.0000	371.0000	0
14:56:09	186.0000	350.0000	0
14:56:09	193.0000	343.0000	0
14:56:09	188.0000	329.0000	0
14:56:09	189.0000	304.0000	0
14:56:09	187.0000	410.0000	0
14:56:09	185.0000	383.0000	0
14:56:09	183.0000	364.0000	0
14:56:09	186.0000	336.0000	0
14:56:09	183.0000	322.0000	0
14:56:09	181.0000	311.0000	0
14:56:09	175.0000	410.0000	0
14:56:09	174.0000	379.0000	0
14:56:09	174.0000	355.0000	0
14:56:09	176.0000	336.0000	0
14:56:09	176.0000	320.0000	0
14:56:09	176.0000	308.0000	0
14:56:09	170.0000	406.0000	0
14:56:09	167.0000	369.0000	0
14:56:09	170.0000	353.0000	0
14:56:09	174.0000	341.0000	0
14:56:09	176.0000	322.0000	0
14:56:09	174.0000	306.0000	0
14:56:09	176.0000	407.0000	0
14:56:09	175.0000	378.0000	0
14:56:09	161.0000	346.0000	0
14:56:09	176.0000	337.0000	0
14:56:09	176.0000	320.0000	0
14:56:09	176.0000	316.0000	0
14:56:09	172.0000	403.0000	0
14:56:09	175.0000	386.0000	0
14:56:09	172.0000	354.0000	0
14:56:09	169.0000	335.0000	0
14:56:09	176.0000	323.0000	0
14:56:09	176.0000	307.0000	0
14:56:09	177.0000	302.0000	0
14:56:09	177.0000	400.0000	0
14:56:09	177.0000	375.0000	0
14:56:09	179.0000	354.0000	0
14:56:09	176.0000	335.0000	0
14:56:09	179.0000	320.0000	0
14:56:09	176.0000	307.0000	0
14:56:09	174.0000	407.0000	0
14:56:09	173.0000	381.0000	0
14:56:09	176.0000	353.0000	0
14:56:09	171.0000	336.0000	0
14:56:09	170.0000	314.0000	0
14:56:09	176.0000	310.0000	0
14:56:09	176.0000	411.0000	0
14:56:09	181.0000	383.0000	0
14:56:09	183.0000	357.0000	0
14:56:09	175.0000	338.0000	0
14:56:09	176.0000	321.0000	0
14:56:09	175.0000	309.0000	0
14:56:09	173.0000	303.0000	0
14:56:09	173.0000	406.0000	0
14:56:09	158.0000	368.0000	0
14:56:09	174.0000	352.0000	0
14:56:09	171.0000	332.0000	0
14:56:09	171.0000	320.0000	0
14:56:09	171.0000	304.0000	0
14:56:09	170.0000	401.0000	0
14:56:09	168.0000	373.0000	0
14:56:09	156.0000	337.0000	0
14:56:09	171.0000	332.0000	0
14:56:09	166.0000	319.0000	0
14:56:09	164.0000	307.0000	0
14:56:09	162.0000	410.0000	0
14:56:09	165.0000	380.0000	0
14:56:09	160.0000	353.0000	0
14:56:09	157.0000	326.0000	0
14:56:09	181.0000	322.0000	0
14:56:09	168.0000	306.0000	0
14:56:09	165.0000	409.0000	0
14:56:09	151.0000	378.0000	0
14:56:09	167.0000	361.0000	0
14:56:09	165.0000	336.0000	0
14:56:09	150.0000	310.0000	0
14:56:09	166.0000	309.0000	0
14:56:09	162.0000	300.0000	0
14:56:09	160.0000	405.0000	0
14:56:09	165.0000	376.0000	0
14:56:09	169.0000	350.0000	0
14:56:09	171.0000	335.0000	0
14:56:09	165.0000	310.0000	0
14:56:09	171.0000	307.0000	0
14:56:09	172.0000	410.0000	0
14:56:09	173.0000	378.0000	0
14:56:09	175.0000	355.0000	0
14:56:09	180.0000	336.0000	0
14:56:09	176.0000	321.0000	0
14:56:09	177.0000	305.0000	0
14:56:09	178.0000	412.0000	0
14:56:09	176.0000	377.0000	0
14:56:09	176.0000	362.0000	0
14:56:09	176.0000	335.0000	0
14:56:09	172.0000	320.0000	0
14:56:09	176.0000	309.0000	0
14:56:09	172.0000	294.0000	0
14:56:09	176.0000	413.0000	0
14:56:09	174.0000	373.0000	0
14:56:09	176.0000	352.0000	0
14:56:09	177.0000	333.0000	0
14:56:09	176.0000	317.0000	0
14:56:10	176.0000	309.0000	0
14:56:10	168.0000	403.0000	0
14:56:10	177.0000	379.0000	0
14:56:10	183.0000	355.0000	0
14:56:10	182.0000	332.0000	0
14:56:10	195.0000	323.0000	0
14:56:10	193.0000	312.0000	0
14:56:10	198.0000	410.0000	0
14:56:10	195.0000	383.0000	0
14:56:10	208.0000	366.0000	0
14:56:10	213.0000	342.0000	0
14:56:10	199.0000	320.0000	0
14:56:10	208.0000	318.0000	0
14:56:10	213.0000	410.0000	0
14:56:10	217.0000	384.0000	0
14:56:10	225.0000	351.0000	0
14:56:10	239.0000	351.0000	0
14:56:10	240.0000	333.0000	0
14:56:10	221.0000	314.0000	0
14:56:10	236.0000	313.0000	0
14:56:10	234.0000	413.0000	0
14:56:10	240.0000	384.0000	0
14:56:10	250.0000	363.0000	0
14:56:10	256.0000	346.0000	0
14:56:10	253.0000	336.0000	0
14:56:10	249.0000	322.0000	0
14:56:10	254.0000	424.0000	0
14:56:10	252.0000	386.0000	0
14:56:10	261.0000	368.0000	0
14:56:10	263.0000	350.0000	0
14:56:10	266.0000	336.0000	0
14:56:10	258.0000	325.0000	0
14:56:10	253.0000	413.0000	0
14:56:10	258.0000	398.0000	0
14:56:10	269.0000	369.0000	0
14:56:10	272.0000	347.0000	0
14:56:10	265.0000	332.0000	0
14:56:10	256.0000	326.0000	0
14:56:10	258.0000	416.0000	0
14:56:10	255.0000	382.0000	0
14:56:10	272.0000	375.0000	0
14:56:10	272.0000	349.0000	0
14:56:10	272.0000	340.0000	0
14:56:10	269.0000	316.0000	0
14:56:10	261.0000	415.0000	0
14:56:10	260.0000	387.0000	0
14:56:10	272.0000	362.0000	0
14:56:10	277.0000	361.0000	0
14:56:10	287.0000	339.0000	0
14:56:10	277.0000	336.0000	0
14:56:10	272.0000	421.0000	0
14:56:10	267.0000	389.0000	0
14:56:10	274.0000	369.0000	0
14:56:10	282.0000	346.0000	0
14:56:10	286.0000	346.0000	0
14:56:10	279.0000	331.0000	0
14:56:10	277.0000	321.0000	0
14:56:10	272.0000	418.0000	0
14:56:10	275.0000	391.0000	0
14:56:10	288.0000	368.0000	0
14:56:10	291.0000	357.0000	0
14:56:10	287.0000	349.0000	0
14:56:10	284.0000	334.0000	0
14:56:10	272.0000	423.0000	0
14:56:10	272.0000	391.0000	0
14:56:10	284.0000	370.0000	0
14:56:10	289.0000	357.0000	0
14:56:10	287.0000	342.0000	0
14:56:10	284.0000	342.0000	0
14:56:10	272.0000	427.0000	0
14:56:10	272.0000	386.0000	0
14:56:10	285.0000	372.0000	0
14:56:10	293.0000	357.0000	0
14:56:10	291.0000	349.0000	0
14:56:10	282.0000	325.0000	0
14:56:10	291.0000	331.0000	0
14:56:10	277.0000	418.0000	0
14:56:10	282.0000	380.0000	0
14:56:10	299.0000	369.0000	0
14:56:10	297.0000	355.0000	0
14:56:10	283.0000	343.0000	0
14:56:10	284.0000	325.0000	0
14:56:10	276.0000	419.0000	0
14:56:10	279.0000	396.0000	0
14:56:10	289.0000	368.0000	0
14:56:10	293.0000	367.0000	0
14:56:10	288.0000	336.0000	0
14:56:10	292.0000	337.0000	0
14:56:10	278.0000	424.0000	0
14:56:10	286.0000	399.0000	0
14:56:10	294.0000	373.0000	0
14:56:10	304.0000	357.0000	0
14:56:10	298.0000	353.0000	0
14:56:10	294.0000	336.0000	0
14:56:10	284.0000	421.0000	0
14:56:10	283.0000	394.0000	0
14:56:10	293.0000	369.0000	0
14:56:10	301.0000	361.0000	0
14:56:10	293.0000	343.0000	0
14:56:10	291.0000	334.0000	0
14:56:10	275.0000	423.0000	0
14:56:10	272.0000	385.0000	0
14:56:10	289.0000	374.0000	0
14:56:10	296.0000	355.0000	0
14:56:10	293.0000	345.0000	0
14:56:10	288.0000	326.0000	0
14:56:10	288.0000	325.0000	0
14:56:10	274.0000	419.0000	0
14:56:10	284.0000	390.0000	0
14:56:10	291.0000	369.0000	0
14:56:10	299.0000	354.0000	0
14:56:10	288.0000	343.0000	0
14:56:10	286.0000	329.0000	0
14:56:10	272.0000	419.0000	0
14:56:10	280.0000	395.0000	0
14:56:10	298.0000	372.0000	0
14:56:10	300.0000	357.0000	0
14:56:10	294.0000	345.0000	0
14:56:10	294.0000	343.0000	0
14:56:10	283.0000	423.0000	0
14:56:10	286.0000	396.0000	0
14:56:10	297.0000	373.0000	0
14:56:10	314.0000	360.0000	0
14:56:10	291.0000	351.0000	0
14:56:10	286.0000	334.0000	0
14:56:10	285.0000	325.0000	0
14:56:10	284.0000	419.0000	0
14:56:10	301.0000	393.0000	0
14:56:10	299.0000	370.0000	0
14:56:10	298.0000	354.0000	0
14:56:10	281.0000	350.0000	0
14:56:10	294.0000	331.0000	0
14:56:10	288.0000	425.0000	0
14:56:10	297.0000	395.0000	0
14:56:10	301.0000	375.0000	0
14:56:10	301.0000	366.0000	0
14:56:10	293.0000	337.0000	0
14:56:10	304.0000	342.0000	0
14:56:10	279.0000	419.0000	0
14:56:10	289.0000	387.0000	0
14:56:10	302.0000	373.0000	0
14:56:10	302.0000	356.0000	0
14:56:10	297.0000	353.0000	0
14:56:10	294.0000	326.0000	0
14:56:10	275.0000	418.0000	0
14:56:10	287.0000	396.0000	0
14:56:10	298.0000	372.0000	0
14:56:10	303.0000	362.0000	0
14:56:10	295.0000	344.0000	0
14:56:10	279.0000	339.0000	0
14:56:10	283.0000	422.0000	0
14:56:10	291.0000	396.0000	0
14:56:10	303.0000	373.0000	0
14:56:10	304.0000	352.0000	0
14:56:10	304.0000	346.0000	0
14:56:10	295.0000	337.0000	0
14:56:10	298.0000	331.0000	0
14:56:10	286.0000	420.0000	0
14:56:10	293.0000	393.0000	0
14:56:10	304.0000	373.0000	0
14:56:10	298.0000	351.0000	0
14:56:10	291.0000	342.0000	0
14:56:10	295.0000	335.0000	0
14:56:10	278.0000	421.0000	0
14:56:10	285.0000	395.0000	0
14:56:10	293.0000	373.0000	0
14:56:10	295.0000	358.0000	0
14:56:10	294.0000	345.0000	0
14:56:10	291.0000	335.0000	0
14:56:10	277.0000	425.0000	0
14:56:10	283.0000	386.0000	0
14:56:10	297.0000	381.0000	0
14:56:10	289.0000	355.0000	0
14:56:10	288.0000	344.0000	0
14:56:10	283.0000	327.0000	0
14:56:10	276.0000	426.0000	0
14:56:10	271.0000	387.0000	0
14:56:10	289.0000	368.0000	0
14:56:10	300.0000	353.0000	0
14:56:10	289.0000	342.0000	0
14:56:10	291.0000	336.0000	0
14:56:10	297.0000	317.0000	0
14:56:10	270.0000	416.0000	0
14:56:10	275.0000	398.0000	0
14:56:10	294.0000	373.0000	0
14:56:10	286.0000	356.0000	0
14:56:10	283.0000	343.0000	0
14:56:10	288.0000	337.0000	0
14:56:10	272.0000	422.0000	0
14:56:10	288.0000	394.0000	0
14:56:10	291.0000	373.0000	0
14:56:10	285.0000	350.0000	0
14:56:10	286.0000	344.0000	0
14:56:10	283.0000	336.0000	0
14:56:10	273.0000	423.0000	0
14:56:10	293.0000	389.0000	0
14:56:10	299.0000	371.0000	0
14:56:10	292.0000	359.0000	0
14:56:10	283.0000	336.0000	0
14:56:10	288.0000	336.0000	0
14:56:10	272.0000	424.0000	0
14:56:10	286.0000	395.0000	0
14:56:10	289.0000	370.0000	0
14:56:10	291.0000	354.0000	0
14:56:10	286.0000	345.0000	0
14:56:10	288.0000	336.0000	0
14:56:10	288.0000	324.0000	0
14:56:10	290.0000	420.0000	0
14:56:10	308.0000	400.0000	0
14:56:10	304.0000	368.0000	0
14:56:10	297.0000	360.0000	0
14:56:10	300.0000	346.0000	0
14:56:10	293.0000	325.0000	0
14:56:10	294.0000	432.0000	0
14:56:10	301.0000	398.0000	0
14:56:10	304.0000	375.0000	0
14:56:10	298.0000	368.0000	0
14:56:10	293.0000	347.0000	0
14:56:10	297.0000	334.0000	0
14:56:10	288.0000	426.0000	0
14:56:10	305.0000	400.0000	0
14:56:10	304.0000	375.0000	0
14:56:10	301.0000	358.0000	0
14:56:10	295.0000	347.0000	0
14:56:10	290.0000	333.0000	0
14:56:10	283.0000	425.0000	0
14:56:10	292.0000	395.0000	0
14:56:10	307.0000	384.0000	0
14:56:10	302.0000	364.0000	0
14:56:10	294.0000	345.0000	0
14:56:10	293.0000	335.0000	0
14:56:10	276.0000	427.0000	0
14:56:10	293.0000	398.0000	0
14:56:10	299.0000	368.0000	0
14:56:10	304.0000	363.0000	0
14:56:10	293.0000	343.0000	0
14:56:10	297.0000	338.0000	0
14:56:10	281.0000	423.0000	0
14:56:10	285.0000	399.0000	0
14:56:10	299.0000	373.0000	0
14:56:10	302.0000	358.0000	0
14:56:10	293.0000	350.0000	0
14:56:10	292.0000	336.0000	0
14:56:10	293.0000	330.0000	0
14:56:10	282.0000	419.0000	0
14:56:10	293.0000	393.0000	0
14:56:10	298.0000	368.0000	0
14:56:10	293.0000	356.0000	0
14:56:10	295.0000	352.0000	0
14:56:10	291.0000	334.0000	0
14:56:10	285.0000	414.0000	0
14:56:10	283.0000	395.0000	0
14:56:10	301.0000	372.0000	0
14:56:10	301.0000	365.0000	0
14:56:10	293.0000	336.0000	0
14:56:10	304.0000	338.0000	0
14:56:10	282.0000	424.0000	0
14:56:10	295.0000	393.0000	0
14:56:10	304.0000	374.0000	0
14:56:10	299.0000	359.0000	0
14:56:10	292.0000	352.0000	0
14:56:10	296.0000	327.0000	0
14:56:10	300.0000	335.0000	0
14:56:10	295.0000	422.0000	0
14:56:10	304.0000	391.0000	0
14:56:10	301.0000	375.0000	0
14:56:10	298.0000	357.0000	0
14:56:10	303.0000	351.0000	0
14:56:10	295.0000	326.0000	0
14:56:10	290.0000	420.0000	0
14:56:10	293.0000	395.0000	0
14:56:10	302.0000	374.0000	0
14:56:10	295.0000	368.0000	0
14:56:10	295.0000	343.0000	0
14:56:10	298.0000	336.0000	0
14:56:10	281.0000	423.0000	0
14:56:10	293.0000	397.0000	0
14:56:10	296.0000	371.0000	0
14:56:10	293.0000	363.0000	0
14:56:10	287.0000	350.0000	0
14:56:10	293.0000	336.0000	0
14:56:10	270.0000	407.0000	0
14:56:10	294.0000	394.0000	0
14:56:10	291.0000	368.0000	0
14:56:10	290.0000	356.0000	0
14:56:10	283.0000	336.0000	0
14:56:10	281.0000	337.0000	0
14:56:10	278.0000	422.0000	0
14:56:10	289.0000	392.0000	0
14:56:10	314.0000	374.0000	0
14:56:10	297.0000	356.0000	0
14:56:10	278.0000	345.0000	0
14:56:10	306.0000	334.0000	0
14:56:10	293.0000	331.0000	0
14:56:10	287.0000	420.0000	0
14:56:10	298.0000	391.0000	0
14:56:10	294.0000	370.0000	0
14:56:10	289.0000	358.0000	0
14:56:10	291.0000	342.0000	0
14:56:10	283.0000	324.0000	0
14:56:10	276.0000	417.0000	0
14:56:10	293.0000	396.0000	0
14:56:11	296.0000	368.0000	0
14:56:11	290.0000	359.0000	0
14:56:11	289.0000	346.0000	0
14:56:11	290.0000	340.0000	0
14:56:11	289.0000	422.0000	0
14:56:11	303.0000	394.0000	0
14:56:11	304.0000	373.0000	0
14:56:11	304.0000	359.0000	0
14:56:11	298.0000	345.0000	0
14:56:11	298.0000	335.0000	0
14:56:11	281.0000	430.0000	0
14:56:11	286.0000	397.0000	0
14:56:11	300.0000	371.0000	0
14:56:11	294.0000	359.0000	0
14:56:11	288.0000	342.0000	0
14:56:11	290.0000	332.0000	0
14:56:11	285.0000	423.0000	0
14:56:11	293.0000	397.0000	0
14:56:11	298.0000	372.0000	0
14:56:11	295.0000	368.0000	0
14:56:11	290.0000	336.0000	0
14:56:11	298.0000	332.0000	0
14:56:11	297.0000	424.0000	0
14:56:11	292.0000	398.0000	0
14:56:11	304.0000	381.0000	0
14:56:11	320.0000	358.0000	0
14:56:11	323.0000	343.0000	0
14:56:11	318.0000	336.0000	0
14:56:11	302.0000	414.0000	0
14:56:11	309.0000	398.0000	0
14:56:11	330.0000	379.0000	0
14:56:11	321.0000	364.0000	0
14:56:11	313.0000	336.0000	0
14:56:11	327.0000	345.0000	0
14:56:11	320.0000	422.0000	0
14:56:11	317.0000	390.0000	0
14:56:11	325.0000	379.0000	0
14:56:11	333.0000	364.0000	0
14:56:11	330.0000	358.0000	0
14:56:11	326.0000	331.0000	0
14:56:11	320.0000	422.0000	0
14:56:11	321.0000	400.0000	0
14:56:11	330.0000	369.0000	0
14:56:11	335.0000	366.0000	0
14:56:11	330.0000	352.0000	0
14:56:11	323.0000	347.0000	0
14:56:11	336.0000	430.0000	0
14:56:11	336.0000	400.0000	0
14:56:11	354.0000	383.0000	0
14:56:11	365.0000	368.0000	0
14:56:11	357.0000	353.0000	0
14:56:11	350.0000	344.0000	0
14:56:11	345.0000	336.0000	0
14:56:11	319.0000	432.0000	0
14:56:11	318.0000	398.0000	0
14:56:11	320.0000	382.0000	0
14:56:11	315.0000	358.0000	0
14:56:11	315.0000	349.0000	0
14:56:11	321.0000	336.0000	0
14:56:11	326.0000	423.0000	0
14:56:11	333.0000	396.0000	0
14:56:11	339.0000	377.0000	0
14:56:11	353.0000	368.0000	0
14:56:11	385.0000	351.0000	0
14:56:11	412.0000	347.0000	0
14:56:11	560.0000	443.0000	0
14:56:11	547.0000	426.0000	0
14:56:11	560.0000	410.0000	0
14:56:11	560.0000	397.0000	0
14:56:11	554.0000	385.0000	0
14:56:11	559.0000	371.0000	0
14:56:11	581.0000	375.0000	0
14:56:11	788.0000	464.0000	0
14:56:11	817.0000	454.0000	0
14:56:11	857.0000	443.0000	0
14:56:11	855.0000	437.0000	0
14:56:11	839.0000	434.0000	0
14:56:11	838.0000	425.0000	0
14:56:11	757.0000	486.0000	0
14:56:11	752.0000	470.0000	0
14:56:11	729.0000	453.0000	0
14:56:11	729.0000	443.0000	0
14:56:11	750.0000	437.0000	0
14:56:11	753.0000	427.0000	0
14:56:11	688.0000	482.0000	0
14:56:11	735.0000	464.0000	0
14:56:11	746.0000	448.0000	0
14:56:11	737.0000	435.0000	0
14:56:11	737.0000	431.0000	0
14:56:11	818.0000	429.0000	0
14:56:11	1069.0000	506.0000	0
14:56:11	1083.0000	490.0000	0
14:56:11	1066.0000	489.0000	0
14:56:11	1067.0000	485.0000	0
14:56:11	1054.0000	475.0000	0
14:56:11	1142.0000	482.0000	0
14:56:11	1519.0000	558.0000	0
14:56:11	1515.0000	560.0000	0
14:56:11	1524.0000	560.0000	0
14:56:11	1522.0000	574.0000	0
14:56:11	1516.0000	579.0000	0
14:56:11	1485.0000	573.0000	0
14:56:11	1298.0000	599.0000	0
14:56:11	1284.0000	581.0000	0
14:56:11	1255.0000	573.0000	0
14:56:11	1217.0000	562.0000	0
14:56:11	1181.0000	554.0000	0
14:56:11	1152.0000	543.0000	0
14:56:11	1215.0000	571.0000	0
14:56:11	1266.0000	570.0000	0
14:56:11	1296.0000	559.0000	0
14:56:11	1315.0000	560.0000	0
14:56:11	1319.0000	551.0000	0
14:56:11	1318.0000	550.0000	0
14:56:11	1392.0000	583.0000	0
14:56:11	1387.0000	578.0000	0
14:56:11	1410.0000	583.0000	0
14:56:11	1433.0000	576.0000	0
14:56:11	1425.0000	576.0000	0
14:56:11	1400.0000	575.0000	0
14:56:11	1295.0000	592.0000	0
14:56:11	1383.0000	586.0000	0
14:56:11	1470.0000	585.0000	0
14:56:11	1488.0000	592.0000	0
14:56:11	1471.0000	586.0000	0
14:56:11	1520.0000	592.0000	0
14:56:11	1343.0000	603.0000	0
14:56:11	1326.0000	592.0000	0
14:56:11	1307.0000	583.0000	0
14:56:11	1285.0000	576.0000	0
14:56:11	1310.0000	578.0000	0
14:56:11	1282.0000	561.0000	0
14:56:11	1209.0000	576.0000	0
14:56:11	1194.0000	567.0000	0
14:56:11	1170.0000	559.0000	0
14:56:11	1165.0000	557.0000	0
14:56:11	1139.0000	531.0000	0
14:56:11	1135.0000	535.0000	0
14:56:11	1085.0000	555.0000	0
14:56:11	1151.0000	537.0000	0
14:56:11	1212.0000	541.0000	0
14:56:11	1213.0000	537.0000	0
14:56:11	1333.0000	542.0000	0
14:56:11	1475.0000	541.0000	0
14:56:11	1856.0000	599.0000	0
14:56:11	1831.0000	615.0000	0
14:56:11	1799.0000	624.0000	0
14:56:11	1809.0000	647.0000	0
14:56:11	1820.0000	652.0000	0
14:56:11	1806.0000	657.0000	0
14:56:11	1833.0000	670.0000	0
14:56:11	1811.0000	673.0000	0
14:56:11	1778.0000	685.0000	0
14:56:11	1742.0000	678.0000	0
14:56:11	1717.0000	682.0000	0
14:56:11	1680.0000	671.0000	0
14:56:11	1583.0000	667.0000	0
14:56:11	1640.0000	661.0000	0
14:56:11	1691.0000	663.0000	0
14:56:11	1680.0000	660.0000	0
14:56:11	1719.0000	663.0000	0
14:56:11	1829.0000	682.0000	0
14:56:11	2333.0000	709.0000	0
14:56:11	2390.0000	726.0000	0
14:56:11	2349.0000	758.0000	0
14:56:11	2331.0000	784.0000	0
14:56:11	2346.0000	797.0000	0
14:56:11	2416.0000	816.0000	0
14:56:11	2155.0000	792.0000	0
14:56:11	2127.0000	800.0000	0
14:56:11	2139.0000	797.0000	0
14:56:11	2183.0000	814.0000	2
14:56:11	2247.0000	821.0000	0
14:56:11	2227.0000	836.0000	6
14:56:11	2256.0000	810.0000	0
14:56:11	2267.0000	819.0000	0
14:56:11	2278.0000	833.0000	2
14:56:11	2224.0000	835.0000	0
14:56:11	2196.0000	840.0000	6
14:56:11	2203.0000	848.0000	0
14:56:11	2480.0000	839.0000	0
14:56:11	2436.0000	855.0000	0
14:56:11	2400.0000	866.0000	0
14:56:11	2450.0000	884.0000	9
14:56:11	2601.0000	899.0000	0
14:56:11	2534.0000	909.0000	16
14:56:11	2934.0000	922.0000	0
14:56:11	2929.0000	958.0000	2
14:56:11	2901.0000	976.0000	14
14:56:11	2906.0000	1008.0000	13
14:56:11	2896.0000	1027.0000	16
14:56:11	2960.0000	1048.0000	16
14:56:11	3725.0000	1073.0000	0
14:56:11	3702.0000	1112.0000	21
14:56:11	3719.0000	1143.0000	33
14:56:11	3710.0000	1178.0000	38
14:56:11	3705.0000	1209.0000	42
14:56:11	3705.0000	1240.0000	46
14:56:11	3703.0000	1251.0000	0
14:56:11	3711.0000	1259.0000	18
14:56:11	3711.0000	1277.0000	36
14:56:11	3701.0000	1306.0000	29
14:56:11	3713.0000	1327.0000	46
14:56:11	3716.0000	1341.0000	45
14:56:11	3722.0000	1338.0000	6
14:56:11	3696.0000	1336.0000	23
14:56:11	3717.0000	1352.0000	35
14:56:11	3721.0000	1372.0000	48
14:56:11	3742.0000	1379.0000	43
14:56:11	3723.0000	1363.0000	5
14:56:11	3725.0000	1364.0000	23
14:56:11	3719.0000	1371.0000	36
14:56:11	3726.0000	1388.0000	48
14:56:11	3717.0000	1397.0000	48
14:56:11	3728.0000	1419.0000	34
14:56:11	3725.0000	1379.0000	15
14:56:11	3761.0000	1386.0000	27
14:56:11	3727.0000	1392.0000	30
14:56:11	3716.0000	1398.0000	45
14:56:11	3745.0000	1403.0000	49
14:56:11	3694.0000	1411.0000	55
14:56:11	3721.0000	1405.0000	9
14:56:11	3731.0000	1389.0000	29
14:56:11	3744.0000	1406.0000	43
14:56:11	3728.0000	1413.0000	37
14:56:11	3751.0000	1424.0000	48
14:56:11	3717.0000	1404.0000	7
14:56:11	3722.0000	1390.0000	42
14:56:11	3717.0000	1396.0000	48
14:56:11	3728.0000	1417.0000	52
14:56:11	3717.0000	1414.0000	59
14:56:11	3719.0000	1421.0000	56
14:56:11	3725.0000	1414.0000	3
14:56:11	3710.0000	1403.0000	36
14:56:11	3728.0000	1411.0000	43
14:56:11	3701.0000	1401.0000	51
14:56:11	3719.0000	1415.0000	55
14:56:11	3717.0000	1426.0000	55
14:56:11	3715.0000	1414.0000	10
14:56:11	3750.0000	1405.0000	36
14:56:11	3725.0000	1406.0000	50
14:56:11	3731.0000	1414.0000	49
14:56:11	3735.0000	1427.0000	66
14:56:11	3718.0000	1410.0000	11
14:56:11	3705.0000	1404.0000	33
14:56:11	3717.0000	1408.0000	42
14:56:11	3729.0000	1418.0000	48
14:56:11	3716.0000	1425.0000	48
14:56:11	3696.0000	1430.0000	43
14:56:11	3735.0000	1426.0000	1
14:56:11	3721.0000	1407.0000	31
14:56:11	3709.0000	1413.0000	32
14:56:11	3713.0000	1423.0000	47
14:56:11	3713.0000	1432.0000	48
14:56:11	3717.0000	1426.0000	55
14:56:11	3724.0000	1420.0000	7
14:56:11	3729.0000	1414.0000	37
14:56:12	3722.0000	1410.0000	43
14:56:12	3701.0000	1421.0000	38
14:56:12	3716.0000	1437.0000	54
14:56:12	3718.0000	1418.0000	6
14:56:12	3724.0000	1414.0000	30
14:56:12	3721.0000	1408.0000	43
14:56:12	3719.0000	1417.0000	48
14:56:12	3674.0000	1425.0000	50
14:56:12	3717.0000	1436.0000	51
14:56:12	3722.0000	1426.0000	1
14:56:12	3717.0000	1416.0000	30
14:56:12	3664.0000	1419.0000	34
14:56:12	3722.0000	1424.0000	51
14:56:12	3719.0000	1434.0000	48
14:56:12	3722.0000	1437.0000	55
14:56:12	3726.0000	1426.0000	5
14:56:12	3699.0000	1412.0000	31
14:56:12	3718.0000	1414.0000	47
14:56:12	3718.0000	1427.0000	46
14:56:12	3733.0000	1435.0000	48
14:56:12	3723.0000	1417.0000	5
14:56:12	3727.0000	1406.0000	33
14:56:12	3726.0000	1412.0000	48
14:56:12	3728.0000	1422.0000	46
14:56:12	3724.0000	1429.0000	49
14:56:12	3707.0000	1437.0000	49
14:56:12	3715.0000	1420.0000	5
14:56:12	3725.0000	1415.0000	27
14:56:12	3703.0000	1411.0000	35
14:56:12	3715.0000	1417.0000	55
14:56:12	3722.0000	1425.0000	54
14:56:12	3728.0000	1444.0000	48
14:56:12	3728.0000	1418.0000	13
14:56:12	3726.0000	1418.0000	27
14:56:12	3728.0000	1421.0000	27
14:56:12	3713.0000	1424.0000	45
14:56:12	3730.0000	1439.0000	48
14:56:12	3728.0000	1417.0000	6
14:56:12	3706.0000	1415.0000	29
14:56:12	3714.0000	1415.0000	48
14:56:12	3733.0000	1422.0000	46
14:56:12	3717.0000	1432.0000	48
14:56:12	3715.0000	1435.0000	49
14:56:12	3728.0000	1428.0000	9
14:56:12	3718.0000	1416.0000	36
14:56:12	3712.0000	1418.0000	36
14:56:12	3728.0000	1434.0000	48
14:56:12	3719.0000	1434.0000	55
14:56:12	3728.0000	1442.0000	45
14:56:12	3728.0000	1429.0000	4
14:56:12	3715.0000	1412.0000	29
14:56:12	3732.0000	1419.0000	32
14:56:12	3713.0000	1425.0000	45
14:56:12	3713.0000	1440.0000	48
14:56:12	3722.0000	1425.0000	6
14:56:12	3715.0000	1416.0000	29
14:56:12	3715.0000	1413.0000	43
14:56:12	3715.0000	1424.0000	48
14:56:12	3718.0000	1435.0000	48
14:56:12	3715.0000	1436.0000	55
14:56:12	3726.0000	1423.0000	6
14:56:12	3707.0000	1419.0000	21
14:56:12	3717.0000	1421.0000	46
14:56:12	3725.0000	1430.0000	43
14:56:12	3717.0000	1437.0000	49
14:56:12	3704.0000	1438.0000	43
14:56:12	3710.0000	1415.0000	11
14:56:12	3718.0000	1424.0000	32
14:56:12	3715.0000	1422.0000	32
14:56:12	3725.0000	1432.0000	51
14:56:12	3713.0000	1439.0000	48
14:56:12	3723.0000	1424.0000	0
14:56:12	3715.0000	1418.0000	27
14:56:12	3716.0000	1417.0000	39
14:56:12	3718.0000	1424.0000	45
14:56:12	3718.0000	1434.0000	48
14:56:12	3714.0000	1427.0000	63
14:56:12	3725.0000	1424.0000	9
14:56:12	3719.0000	1415.0000	30
14:56:12	3727.0000	1421.0000	53
14:56:12	3717.0000	1422.0000	48
14:56:12	3719.0000	1427.0000	58
14:56:12	3735.0000	1437.0000	46
14:56:12	3713.0000	1412.0000	11
14:56:12	3718.0000	1424.0000	33
14:56:12	3703.0000	1421.0000	35
14:56:12	3728.0000	1427.0000	54
14:56:12	3715.0000	1425.0000	55
14:56:12	3723.0000	1416.0000	11
14:56:12	3721.0000	1410.0000	39
14:56:12	3718.0000	1407.0000	52
14:56:12	3719.0000	1424.0000	57
14:56:12	3703.0000	1434.0000	45
14:56:12	3730.0000	1427.0000	62
14:56:12	3722.0000	1423.0000	10
14:56:12	3722.0000	1417.0000	32
14:56:12	3727.0000	1422.0000	49
14:56:12	3723.0000	1423.0000	48
14:56:12	3721.0000	1431.0000	58
14:56:12	3716.0000	1442.0000	52
14:56:12	3723.0000	1418.0000	14
14:56:12	3726.0000	1422.0000	30
14:56:12	3701.0000	1416.0000	41
14:56:12	3723.0000	1413.0000	60
14:56:12	3723.0000	1429.0000	53
14:56:12	3721.0000	1420.0000	5
14:56:12	3745.0000	1409.0000	32
14:56:12	3715.0000	1401.0000	48
14:56:12	3723.0000	1408.0000	53
14:56:12	3717.0000	1422.0000	60
14:56:12	3717.0000	1414.0000	68
14:56:12	3719.0000	1426.0000	10
14:56:12	3723.0000	1409.0000	38
14:56:12	3727.0000	1409.0000	64
14:56:12	3724.0000	1410.0000	64
14:56:12	3724.0000	1418.0000	66
14:56:12	3709.0000	1425.0000	55
14:56:12	3734.0000	1431.0000	4
14:56:12	3717.0000	1413.0000	43
14:56:12	3702.0000	1414.0000	45
14:56:12	3719.0000	1429.0000	49
14:56:12	3715.0000	1433.0000	52
14:56:12	3723.0000	1424.0000	7
14:56:12	3722.0000	1417.0000	29
14:56:12	3730.0000	1417.0000	45
14:56:12	3731.0000	1422.0000	48
14:56:12	3710.0000	1413.0000	51
14:56:12	3723.0000	1438.0000	59
14:56:12	3722.0000	1423.0000	5
14:56:12	3696.0000	1420.0000	32
14:56:12	3728.0000	1421.0000	39
14:56:12	3723.0000	1435.0000	47
14:56:12	3721.0000	1430.0000	52
14:56:12	3705.0000	1438.0000	46
14:56:12	3730.0000	1427.0000	3
14:56:12	3726.0000	1407.0000	31
14:56:12	3719.0000	1415.0000	46
14:56:12	3725.0000	1427.0000	48
14:56:12	3726.0000	1435.0000	49
14:56:12	3725.0000	1420.0000	6
14:56:12	3721.0000	1415.0000	28
14:56:12	3726.0000	1413.0000	42
14:56:12	3732.0000	1423.0000	46
14:56:12	3723.0000	1431.0000	52
14:56:12	3726.0000	1431.0000	58
14:56:12	3715.0000	1421.0000	10
14:56:12	3722.0000	1415.0000	34
14:56:12	3722.0000	1407.0000	53
14:56:12	3726.0000	1412.0000	61
14:56:12	3722.0000	1422.0000	64
14:56:12	3722.0000	1426.0000	65
14:56:12	3719.0000	1425.0000	1
14:56:12	3703.0000	1415.0000	29
14:56:12	3717.0000	1417.0000	46
14:56:12	3714.0000	1427.0000	47
14:56:12	3718.0000	1433.0000	48
14:56:12	3722.0000	1418.0000	6
14:56:12	3717.0000	1415.0000	28
14:56:12	3717.0000	1415.0000	39
14:56:12	3725.0000	1423.0000	48
14:56:12	3720.0000	1428.0000	51
14:56:12	3718.0000	1434.0000	57
14:56:12	3723.0000	1428.0000	3
14:56:12	3722.0000	1411.0000	37
14:56:12	3731.0000	1414.0000	43
14:56:12	3709.0000	1406.0000	59
14:56:12	3722.0000	1424.0000	58
14:56:12	3721.0000	1432.0000	60
14:56:12	3725.0000	1420.0000	16
14:56:12	3728.0000	1412.0000	38
14:56:12	3723.0000	1415.0000	48
14:56:12	3711.0000	1422.0000	49
14:56:12	3725.0000	1435.0000	59
14:56:12	3724.0000	1419.0000	2
14:56:12	3716.0000	1412.0000	25
14:56:12	3706.0000	1406.0000	46
14:56:12	3713.0000	1417.0000	57
14:56:12	3715.0000	1421.0000	66
14:56:12	3696.0000	1433.0000	50
14:56:12	3734.0000	1411.0000	16
14:56:12	3710.0000	1410.0000	38
14:56:12	3714.0000	1407.0000	51
14:56:12	3726.0000	1415.0000	66
14:56:12	3719.0000	1422.0000	64
14:56:12	3728.0000	1434.0000	64
14:56:12	3714.0000	1437.0000	7
14:56:12	3737.0000	1421.0000	30
14:56:12	3717.0000	1420.0000	43
14:56:12	3715.0000	1430.0000	41
14:56:12	3709.0000	1431.0000	48
14:56:12	3730.0000	1424.0000	7
14:56:12	3725.0000	1417.0000	31
14:56:12	3710.0000	1408.0000	48
14:56:12	3721.0000	1424.0000	50
14:56:12	3722.0000	1435.0000	58
14:56:12	3711.0000	1435.0000	43
14:56:12	3729.0000	1430.0000	6
14:56:12	3726.0000	1423.0000	29
14:56:12	3719.0000	1420.0000	46
14:56:12	3728.0000	1428.0000	49
14:56:12	3722.0000	1425.0000	55
14:56:12	3725.0000	1439.0000	64
14:56:12	3713.0000	1433.0000	3
14:56:12	3730.0000	1419.0000	36
14:56:12	3718.0000	1423.0000	46
14:56:12	3728.0000	1430.0000	41
14:56:12	3717.0000	1435.0000	53
14:56:12	3720.0000	1419.0000	10
14:56:12	3717.0000	1408.0000	40
14:56:12	3705.0000	1408.0000	50
14:56:12	3728.0000	1415.0000	51
14:56:12	3725.0000	1424.0000	62
14:56:12	3697.0000	1424.0000	58
14:56:12	3727.0000	1417.0000	15
14:56:12	3719.0000	1414.0000	30
14:56:12	3727.0000	1419.0000	47
14:56:12	3721.0000	1427.0000	50
14:56:12	3721.0000	1433.0000	50
14:56:12	3721.0000	1438.0000	55
14:56:12	3703.0000	1425.0000	0
14:56:12	3721.0000	1418.0000	36
14:56:12	3703.0000	1425.0000	33
14:56:12	3714.0000	1429.0000	49
14:56:12	3721.0000	1439.0000	48
14:56:12	3723.0000	1416.0000	4
14:56:12	3705.0000	1411.0000	30
14:56:12	3706.0000	1419.0000	38
14:56:12	3715.0000	1415.0000	54
14:56:12	3714.0000	1430.0000	58
14:56:12	3733.0000	1429.0000	48
14:56:12	3722.0000	1418.0000	23
14:56:12	3713.0000	1412.0000	43
14:56:12	3723.0000	1412.0000	53
14:56:12	3719.0000	1424.0000	51
14:56:12	3729.0000	1427.0000	53
14:56:12	3723.0000	1436.0000	50
14:56:12	3718.0000	1428.0000	6
14:56:12	3719.0000	1415.0000	38
14:56:12	3723.0000	1421.0000	47
14:56:12	3733.0000	1442.0000	43
14:56:12	3718.0000	1433.0000	55
14:56:12	3728.0000	1414.0000	10
14:56:12	3717.0000	1414.0000	35
14:56:12	3723.0000	1416.0000	47
14:56:12	3722.0000	1412.0000	60
14:56:12	3730.0000	1424.0000	58
14:56:12	3723.0000	1432.0000	60
14:56:12	3713.0000	1417.0000	5
14:56:12	3712.0000	1416.0000	32
14:56:12	3715.0000	1417.0000	42
14:56:12	3725.0000	1428.0000	50
14:56:12	3726.0000	1430.0000	62
14:56:12	3718.0000	1438.0000	57
14:56:12	3723.0000	1425.0000	7
14:56:12	3727.0000	1417.0000	36
14:56:12	3713.0000	1419.0000	48
14:56:12	3712.0000	1416.0000	53
14:56:12	3703.0000	1433.0000	48
14:56:12	3724.0000	1423.0000	14
14:56:12	3729.0000	1412.0000	32
14:56:12	3726.0000	1411.0000	53
14:56:12	3665.0000	1411.0000	63
14:56:12	3773.0000	1420.0000	60
14:56:12	3728.0000	1426.0000	64
14:56:12	3725.0000	1422.0000	10
14:56:12	3713.0000	1423.0000	36
14:56:12	3718.0000	1419.0000	43
14:56:12	3722.0000	1423.0000	53
14:56:12	3728.0000	1430.0000	54
14:56:12	3729.0000	1433.0000	62
14:56:12	3727.0000	1424.0000	8
14:56:12	3714.0000	1416.0000	38
14:56:12	3719.0000	1413.0000	57
14:56:13	3719.0000	1423.0000	55
14:56:13	3725.0000	1427.0000	70
14:56:13	3722.0000	1422.0000	7
14:56:13	3715.0000	1408.0000	33
14:56:13	3717.0000	1416.0000	43
14:56:13	3716.0000	1424.0000	50
14:56:13	3714.0000	1422.0000	57
14:56:13	3718.0000	1439.0000	49
14:56:13	3723.0000	1425.0000	8
14:56:13	3728.0000	1417.0000	42
14:56:13	3721.0000	1415.0000	48
14:56:13	3725.0000	1425.0000	54
14:56:13	3727.0000	1429.0000	54
14:56:13	3725.0000	1434.0000	69
14:56:13	3728.0000	1428.0000	11
14:56:13	3719.0000	1410.0000	37
14:56:13	3725.0000	1413.0000	54
14:56:13	3739.0000	1421.0000	58
14:56:13	3721.0000	1426.0000	64
14:56:13	3705.0000	1424.0000	0
14:56:13	3724.0000	1415.0000	31
14:56:13	3722.0000	1406.0000	50
14:56:13	3728.0000	1415.0000	59
14:56:13	3696.0000	1422.0000	49
14:56:13	3712.0000	1431.0000	53
14:56:13	3722.0000	1430.0000	9
14:56:13	3721.0000	1423.0000	30
14:56:13	3735.0000	1420.0000	46
14:56:13	3718.0000	1431.0000	48
14:56:13	3726.0000	1431.0000	58
14:56:13	3717.0000	1440.0000	51
14:56:13	3735.0000	1432.0000	6
14:56:13	3718.0000	1422.0000	30
14:56:13	3729.0000	1425.0000	36
14:56:13	3737.0000	1429.0000	48
14:56:13	3720.0000	1437.0000	50
14:56:13	3721.0000	1425.0000	7
14:56:13	3727.0000	1420.0000	31
14:56:13	3726.0000	1424.0000	39
14:56:13	3716.0000	1413.0000	55
14:56:13	3701.0000	1430.0000	65
14:56:13	3728.0000	1438.0000	61
14:56:13	3722.0000	1425.0000	10
14:56:13	3675.0000	1417.0000	37
14:56:13	3712.0000	1405.0000	54
14:56:13	3720.0000	1413.0000	58
14:56:13	3725.0000	1424.0000	61
14:56:13	3723.0000	1437.0000	61
14:56:13	3737.0000	1431.0000	2
14:56:13	3728.0000	1423.0000	34
14:56:13	3719.0000	1417.0000	48
14:56:13	3725.0000	1422.0000	61
14:56:13	3728.0000	1431.0000	59
14:56:13	3728.0000	1427.0000	9
14:56:13	3716.0000	1422.0000	31
14:56:13	3724.0000	1419.0000	49
14:56:13	3735.0000	1427.0000	48
14:56:13	3727.0000	1427.0000	60
14:56:13	3718.0000	1435.0000	58
14:56:13	3715.0000	1439.0000	11
14:56:13	3716.0000	1420.0000	33
14:56:13	3709.0000	1421.0000	41
14:56:13	3718.0000	1432.0000	53
14:56:13	3722.0000	1435.0000	55
14:56:13	3724.0000	1442.0000	59
14:56:13	3726.0000	1431.0000	9
14:56:13	3736.0000	1423.0000	33
14:56:13	3726.0000	1423.0000	48
14:56:13	3719.0000	1422.0000	54
14:56:13	3723.0000	1432.0000	57
14:56:13	3722.0000	1424.0000	7
14:56:13	3728.0000	1418.0000	33
14:56:13	3725.0000	1417.0000	48
14:56:13	3722.0000	1423.0000	61
14:56:13	3726.0000	1433.0000	57
14:56:13	3723.0000	1436.0000	59
14:56:13	3723.0000	1428.0000	13
14:56:13	3707.0000	766.0000	0
14:56:13	3719.0000	851.0000	0
14:56:13	3712.0000	910.0000	10
14:56:13	3712.0000	976.0000	9
14:56:13	3707.0000	1035.0000	13
14:56:13	3717.0000	1056.0000	0
14:56:13	3715.0000	1104.0000	10
14:56:13	3717.0000	1146.0000	17
14:56:13	3715.0000	1169.0000	35
14:56:13	3724.0000	1213.0000	29
14:56:13	3715.0000	1242.0000	33
14:56:13	3726.0000	1241.0000	11
14:56:13	3713.0000	1259.0000	23
14:56:13	3719.0000	1278.0000	42
14:56:13	3699.0000	1299.0000	32
14:56:13	3728.0000	1325.0000	43
14:56:13	3715.0000	1346.0000	43
14:56:13	3723.0000	1334.0000	9
14:56:13	3714.0000	1327.0000	42
14:56:13	3718.0000	1343.0000	46
14:56:13	3719.0000	1355.0000	58
14:56:13	3714.0000	1366.0000	55
14:56:13	3712.0000	1363.0000	6
14:56:13	3714.0000	1363.0000	30
14:56:13	3716.0000	1372.0000	42
14:56:13	3714.0000	1383.0000	46
14:56:13	3721.0000	1397.0000	49
14:56:13	3727.0000	1417.0000	45
14:56:13	3721.0000	1380.0000	12
14:56:13	3726.0000	1390.0000	30
14:56:13	3731.0000	1394.0000	30
14:56:13	3718.0000	1406.0000	48
14:56:13	3728.0000	1416.0000	52
14:56:13	3725.0000	1423.0000	51
14:56:13	3722.0000	1402.0000	9
14:56:13	3727.0000	1400.0000	33
14:56:13	3724.0000	1405.0000	47
14:56:13	3729.0000	1408.0000	39
14:56:13	3721.0000	1425.0000	48
14:56:13	3723.0000	1405.0000	9
14:56:13	3716.0000	1392.0000	30
14:56:13	3717.0000	1404.0000	43
14:56:13	3728.0000	1423.0000	49
14:56:13	3706.0000	1420.0000	50
14:56:13	3714.0000	1429.0000	53
14:56:13	3734.0000	1415.0000	7
14:56:13	3717.0000	1401.0000	34
14:56:13	3734.0000	1424.0000	38
14:56:13	3699.0000	1417.0000	48
14:56:13	3729.0000	1431.0000	49
14:56:13	3718.0000	1434.0000	50
14:56:13	3709.0000	1422.0000	0
14:56:13	3731.0000	1415.0000	32
14:56:13	3708.0000	1409.0000	44
14:56:13	3729.0000	1419.0000	38
14:56:13	3722.0000	1430.0000	50
14:56:13	3719.0000	1417.0000	10
14:56:13	3717.0000	1404.0000	34
14:56:13	3702.0000	1408.0000	37
14:56:13	3728.0000	1425.0000	48
14:56:13	3728.0000	1427.0000	48
14:56:13	3699.0000	1434.0000	49
14:56:13	3728.0000	1423.0000	5
14:56:13	3715.0000	1409.0000	29
14:56:13	3708.0000	1413.0000	43
14:56:13	3712.0000	1422.0000	48
14:56:13	3711.0000	1417.0000	51
14:56:13	3712.0000	1434.0000	50
14:56:13	3713.0000	1421.0000	9
14:56:13	3718.0000	1415.0000	38
14:56:13	3713.0000	1412.0000	47
14:56:13	3711.0000	1418.0000	50
14:56:13	3718.0000	1431.0000	59
14:56:13	3697.0000	1417.0000	5
14:56:13	3725.0000	1404.0000	29
14:56:13	3719.0000	1409.0000	44
14:56:13	3711.0000	1424.0000	48
14:56:13	3749.0000	1427.0000	48
14:56:13	3712.0000	1430.0000	49
14:56:13	3702.0000	1418.0000	7
14:56:13	3747.0000	1411.0000	33
14:56:13	3713.0000	1413.0000	48
14:56:13	3707.0000	1420.0000	54
14:56:13	3711.0000	1432.0000	51
14:56:13	3707.0000	1434.0000	61
14:56:13	3712.0000	1430.0000	6
14:56:13	3703.0000	1410.0000	31
14:56:13	3705.0000	1412.0000	42
14:56:13	3693.0000	1418.0000	39
14:56:13	3710.0000	1427.0000	55
14:56:13	3697.0000	1415.0000	9
14:56:13	3661.0000	1406.0000	30
14:56:13	3515.0000	1403.0000	32
14:56:13	3358.0000	1400.0000	46
14:56:13	3201.0000	1383.0000	51
14:56:13	3084.0000	1383.0000	39
14:56:13	2438.0000	1321.0000	0
14:56:13	2370.0000	1275.0000	16
14:56:13	2307.0000	1237.0000	20
14:56:13	2245.0000	1192.0000	27
14:56:13	2192.0000	1174.0000	22
14:56:13	2135.0000	1141.0000	21
14:56:13	1714.0000	1070.0000	0
14:56:13	1664.0000	1018.0000	0
14:56:13	1616.0000	976.0000	7
14:56:13	1571.0000	941.0000	5
14:56:13	1520.0000	906.0000	10
14:56:13	1474.0000	875.0000	3
14:56:13	1519.0000	812.0000	0
14:56:13	1491.0000	795.0000	0
14:56:13	1479.0000	768.0000	0
14:56:13	1471.0000	745.0000	0
14:56:13	1507.0000	720.0000	0
14:56:13	1623.0000	720.0000	0
14:56:13	1693.0000	715.0000	0
14:56:13	1670.0000	708.0000	0
14:56:13	1646.0000	700.0000	0
14:56:13	1626.0000	689.0000	0
14:56:13	1610.0000	687.0000	0
14:56:13	1588.0000	681.0000	0
14:56:13	1395.0000	669.0000	0
14:56:13	1355.0000	654.0000	0
14:56:13	1306.0000	627.0000	0
14:56:13	1278.0000	622.0000	0
14:56:13	1235.0000	609.0000	0
14:56:13	1193.0000	592.0000	0
14:56:13	1082.0000	590.0000	0
14:56:13	1104.0000	576.0000	0
14:56:13	1127.0000	567.0000	0
14:56:13	1170.0000	549.0000	0
14:56:13	1168.0000	549.0000	0
14:56:13	1187.0000	537.0000	0
14:56:13	1073.0000	570.0000	0
14:56:13	1044.0000	552.0000	0
14:56:13	1040.0000	541.0000	0
14:56:13	1023.0000	528.0000	0
14:56:13	1003.0000	501.0000	0
14:56:13	969.0000	502.0000	0
14:56:13	955.0000	544.0000	0
14:56:13	927.0000	528.0000	0
14:56:13	912.0000	506.0000	0
14:56:13	891.0000	499.0000	0
14:56:13	884.0000	480.0000	0
14:56:13	862.0000	463.0000	0
14:56:13	773.0000	528.0000	0
14:56:14	757.0000	493.0000	0
14:56:14	743.0000	481.0000	0
14:56:14	725.0000	451.0000	0
14:56:14	717.0000	446.0000	0
14:56:14	703.0000	432.0000	0
14:56:14	627.0000	490.0000	0
14:56:14	611.0000	464.0000	0
14:56:14	599.0000	447.0000	0
14:56:14	591.0000	430.0000	0
14:56:14	580.0000	416.0000	0
14:56:14	573.0000	411.0000	0
14:56:14	493.0000	464.0000	0
14:56:14	486.0000	434.0000	0
14:56:14	471.0000	427.0000	0
14:56:14	470.0000	406.0000	0
14:56:14	468.0000	397.0000	0
14:56:14	462.0000	369.0000	0
14:56:14	410.0000	450.0000	0
14:56:14	400.0000	428.0000	0
14:56:14	396.0000	399.0000	0
14:56:14	386.0000	386.0000	0
14:56:14	381.0000	369.0000	0
14:56:14	381.0000	368.0000	0
14:56:14	370.0000	341.0000	0
14:56:14	383.0000	440.0000	0
14:56:14	385.0000	415.0000	0
14:56:14	400.0000	385.0000	0
14:56:14	403.0000	385.0000	0
14:56:14	400.0000	368.0000	0
14:56:14	397.0000	365.0000	0
14:56:14	362.0000	439.0000	0
14:56:14	355.0000	414.0000	0
14:56:14	350.0000	393.0000	0
14:56:14	342.0000	368.0000	0
14:56:14	336.0000	367.0000	0
14:56:14	333.0000	350.0000	0
14:56:14	320.0000	433.0000	0
14:56:14	326.0000	406.0000	0
14:56:14	327.0000	384.0000	0
14:56:14	323.0000	368.0000	0
14:56:14	331.0000	355.0000	0
14:56:14	325.0000	350.0000	0
14:56:14	320.0000	432.0000	0
14:56:14	320.0000	403.0000	0
14:56:14	329.0000	384.0000	0
14:56:14	340.0000	368.0000	0
14:56:14	352.0000	360.0000	0
14:56:14	361.0000	337.0000	0
14:56:14	725.0000	448.0000	0
14:56:14	751.0000	436.0000	0
14:56:14	735.0000	429.0000	0
14:56:14	752.0000	426.0000	0
14:56:14	711.0000	414.0000	0
14:56:14	693.0000	410.0000	0
14:56:14	610.0000	474.0000	0
14:56:14	612.0000	458.0000	0
14:56:14	590.0000	432.0000	0
14:56:14	579.0000	412.0000	0
14:56:14	572.0000	411.0000	0
14:56:14	560.0000	395.0000	0
14:56:14	560.0000	385.0000	0
14:56:14	482.0000	459.0000	0
14:56:14	473.0000	442.0000	0
14:56:14	466.0000	414.0000	0
14:56:14	452.0000	390.0000	0
14:56:14	457.0000	384.0000	0
14:56:14	441.0000	371.0000	0
14:56:14	433.0000	451.0000	0
14:56:14	431.0000	422.0000	0
14:56:14	432.0000	402.0000	0
14:56:14	443.0000	390.0000	0
14:56:14	448.0000	374.0000	0
14:56:14	506.0000	368.0000	0
14:56:14	749.0000	464.0000	0
14:56:14	723.0000	448.0000	0
14:56:14	706.0000	431.0000	0
14:56:14	689.0000	427.0000	0
14:56:14	675.0000	413.0000	0
14:56:14	658.0000	400.0000	0
14:56:14	603.0000	481.0000	0
14:56:14	610.0000	450.0000	0
14:56:14	627.0000	432.0000	0
14:56:14	633.0000	417.0000	0
14:56:14	619.0000	414.0000	0
14:56:14	624.0000	400.0000	0
14:56:14	561.0000	464.0000	0
14:56:14	551.0000	442.0000	0
14:56:14	531.0000	427.0000	0
14:56:14	511.0000	407.0000	0
14:56:14	510.0000	388.0000	0
14:56:14	506.0000	395.0000	0
14:56:14	452.0000	454.0000	0
14:56:14	443.0000	430.0000	0
14:56:14	446.0000	406.0000	0
14:56:14	452.0000	395.0000	0
14:56:14	458.0000	384.0000	0
14:56:14	474.0000	365.0000	0
14:56:14	496.0000	365.0000	0
14:56:14	455.0000	447.0000	0
14:56:14	443.0000	422.0000	0
14:56:14	433.0000	406.0000	0
14:56:14	422.0000	385.0000	0
14:56:14	414.0000	377.0000	0
14:56:14	402.0000	353.0000	0
14:56:14	374.0000	439.0000	0
14:56:14	383.0000	412.0000	0
14:56:14	386.0000	386.0000	0
14:56:14	384.0000	385.0000	0
14:56:14	377.0000	365.0000	0
14:56:14	373.0000	361.0000	0
14:56:14	325.0000	434.0000	0
14:56:14	327.0000	413.0000	0
14:56:14	319.0000	384.0000	0
14:56:14	316.0000	368.0000	0
14:56:14	306.0000	361.0000	0
14:56:14	302.0000	338.0000	0
14:56:14	299.0000	332.0000	0
14:56:14	278.0000	425.0000	0
14:56:14	272.0000	397.0000	0
14:56:14	272.0000	383.0000	0
14:56:14	267.0000	355.0000	0
14:56:14	272.0000	351.0000	0
14:56:14	258.0000	329.0000	0
14:56:14	241.0000	423.0000	0
14:56:14	240.0000	393.0000	0
14:56:14	242.0000	369.0000	0
14:56:14	249.0000	351.0000	0
14:56:14	245.0000	336.0000	0
14:56:14	248.0000	331.0000	0
14:56:14	237.0000	415.0000	0
14:56:14	234.0000	381.0000	0
14:56:14	228.0000	367.0000	0
14:56:14	227.0000	347.0000	0
14:56:14	232.0000	337.0000	0
14:56:14	226.0000	311.0000	0
14:56:14	208.0000	411.0000	0
14:56:14	208.0000	387.0000	0
14:56:14	208.0000	361.0000	0
14:56:14	205.0000	342.0000	0
14:56:14	202.0000	329.0000	0
14:56:14	208.0000	321.0000	0
14:56:14	202.0000	300.0000	0
14:56:14	194.0000	407.0000	0
14:56:14	198.0000	387.0000	0
14:56:14	194.0000	350.0000	0
14:56:14	202.0000	343.0000	0
14:56:14	194.0000	325.0000	0
14:56:14	202.0000	320.0000	0
14:56:14	192.0000	411.0000	0
14:56:14	192.0000	381.0000	0
14:56:14	185.0000	357.0000	0
14:56:14	189.0000	337.0000	0
14:56:14	192.0000	332.0000	0
14:56:14	195.0000	310.0000	0
14:56:14	195.0000	414.0000	0
14:56:14	194.0000	384.0000	0
14:56:14	192.0000	367.0000	0
14:56:14	193.0000	339.0000	0
14:56:14	192.0000	319.0000	0
14:56:14	192.0000	320.0000	0
14:56:14	191.0000	413.0000	0
14:56:14	192.0000	382.0000	0
14:56:14	197.0000	358.0000	0
14:56:14	187.0000	337.0000	0
14:56:14	190.0000	326.0000	0
14:56:14	189.0000	304.0000	0
14:56:14	188.0000	407.0000	0
14:56:14	175.0000	383.0000	0
14:56:14	183.0000	359.0000	0
14:56:14	182.0000	337.0000	0
14:56:14	183.0000	325.0000	0
14:56:14	193.0000	311.0000	0
14:56:14	208.0000	298.0000	0
14:56:14	191.0000	403.0000	0
14:56:14	193.0000	381.0000	0
14:56:14	192.0000	351.0000	0
14:56:14	194.0000	337.0000	0
14:56:14	204.0000	324.0000	0
14:56:14	210.0000	320.0000	0
14:56:14	202.0000	413.0000	0
14:56:14	192.0000	379.0000	0
14:56:14	195.0000	359.0000	0
14:56:14	192.0000	333.0000	0
14:56:14	208.0000	326.0000	0
14:56:14	213.0000	319.0000	0
14:56:14	219.0000	410.0000	0
14:56:14	219.0000	386.0000	0
14:56:14	210.0000	361.0000	0
14:56:14	215.0000	346.0000	0
14:56:14	215.0000	330.0000	0
14:56:14	212.0000	320.0000	0
14:56:14	206.0000	417.0000	0
14:56:14	207.0000	393.0000	0
14:56:14	202.0000	355.0000	0
14:56:14	201.0000	343.0000	0
14:56:14	198.0000	331.0000	0
14:56:14	194.0000	306.0000	0
14:56:14	198.0000	422.0000	0
14:56:14	192.0000	384.0000	0
14:56:14	192.0000	366.0000	0
14:56:14	186.0000	346.0000	0
14:56:14	190.0000	325.0000	0
14:56:14	190.0000	311.0000	0
14:56:14	185.0000	295.0000	0
14:56:14	189.0000	415.0000	0
14:56:14	185.0000	375.0000	0
14:56:14	185.0000	347.0000	0
14:56:14	183.0000	336.0000	0
14:56:14	183.0000	320.0000	0
14:56:14	190.0000	312.0000	0
14:56:14	180.0000	412.0000	0
14:56:14	183.0000	379.0000	0
14:56:14	179.0000	361.0000	0
14:56:14	176.0000	329.0000	0
14:56:14	176.0000	321.0000	0
14:56:14	178.0000	309.0000	0
14:56:14	176.0000	413.0000	0
14:56:14	176.0000	383.0000	0
14:56:14	175.0000	357.0000	0
14:56:14	176.0000	336.0000	0
14:56:14	176.0000	321.0000	0
14:56:14	180.0000	307.0000	0
14:56:14	182.0000	412.0000	0
14:56:14	178.0000	378.0000	0
14:56:14	178.0000	362.0000	0
14:56:14	176.0000	336.0000	0
14:56:14	176.0000	321.0000	0
14:56:14	179.0000	306.0000	0
14:56:14	179.0000	413.0000	0
14:56:14	180.0000	381.0000	0
14:56:14	178.0000	355.0000	0
14:56:14	176.0000	336.0000	0
14:56:14	178.0000	329.0000	0
14:56:14	178.0000	307.0000	0
14:56:14	176.0000	402.0000	0
14:56:14	173.0000	380.0000	0
14:56:14	175.0000	355.0000	0
14:56:14	176.0000	336.0000	0
14:56:14	174.0000	323.0000	0
14:56:14	174.0000	308.0000	0
14:56:14	176.0000	404.0000	0
14:56:14	172.0000	372.0000	0
14:56:14	172.0000	353.0000	0
14:56:14	167.0000	335.0000	0
14:56:14	170.0000	330.0000	0
14:56:14	170.0000	304.0000	0
14:56:14	172.0000	402.0000	0
14:56:14	176.0000	382.0000	0
14:56:14	171.0000	349.0000	0
14:56:14	173.0000	336.0000	0
14:56:14	176.0000	322.0000	0
14:56:14	176.0000	307.0000	0
14:56:14	176.0000	298.0000	0
14:56:14	176.0000	400.0000	0
14:56:15	171.0000	376.0000	0
14:56:15	161.0000	353.0000	0
14:56:15	171.0000	342.0000	0
14:56:15	172.0000	320.0000	0
14:56:15	174.0000	314.0000	0
14:56:15	174.0000	407.0000	0
14:56:15	171.0000	378.0000	0
14:56:15	171.0000	353.0000	0
14:56:15	171.0000	336.0000	0
14:56:15	173.0000	330.0000	0
14:56:15	176.0000	306.0000	0
14:56:15	195.0000	410.0000	0
14:56:15	194.0000	377.0000	0
14:56:15	192.0000	355.0000	0
14:56:15	192.0000	336.0000	0
14:56:15	195.0000	326.0000	0
14:56:15	207.0000	317.0000	0
14:56:15	229.0000	412.0000	0
14:56:15	214.0000	375.0000	0
14:56:15	230.0000	364.0000	0
14:56:15	221.0000	342.0000	0
14:56:15	218.0000	331.0000	0
14:56:15	228.0000	313.0000	0
14:56:15	247.0000	421.0000	0
14:56:15	251.0000	386.0000	0
14:56:15	241.0000	370.0000	0
14:56:15	242.0000	349.0000	0
14:56:15	240.0000	332.0000	0
14:56:15	247.0000	323.0000	0
14:56:15	263.0000	306.0000	0
14:56:15	261.0000	414.0000	0
14:56:15	272.0000	394.0000	0
14:56:15	266.0000	368.0000	0
14:56:15	262.0000	351.0000	0
14:56:15	272.0000	337.0000	0
14:56:15	279.0000	336.0000	0
14:56:15	282.0000	419.0000	0
14:56:15	286.0000	390.0000	0
14:56:15	273.0000	370.0000	0
14:56:15	267.0000	345.0000	0
14:56:15	272.0000	339.0000	0
14:56:15	282.0000	340.0000	0
14:56:15	287.0000	418.0000	0
14:56:15	279.0000	394.0000	0
14:56:15	278.0000	373.0000	0
14:56:15	272.0000	355.0000	0
14:56:15	272.0000	340.0000	0
14:56:15	279.0000	335.0000	0
14:56:15	286.0000	426.0000	0
14:56:15	285.0000	401.0000	0
14:56:15	277.0000	368.0000	0
14:56:15	274.0000	355.0000	0
14:56:15	270.0000	338.0000	0
14:56:15	272.0000	322.0000	0
14:56:15	290.0000	431.0000	0
14:56:15	286.0000	394.0000	0
14:56:15	286.0000	379.0000	0
14:56:15	275.0000	358.0000	0
14:56:15	277.0000	346.0000	0
14:56:15	278.0000	333.0000	0
14:56:15	295.0000	425.0000	0
14:56:15	291.0000	396.0000	0
14:56:15	288.0000	375.0000	0
14:56:15	283.0000	358.0000	0
14:56:15	278.0000	341.0000	0
14:56:15	283.0000	339.0000	0
14:56:15	290.0000	324.0000	0
14:56:15	295.0000	413.0000	0
14:56:15	286.0000	400.0000	0
14:56:15	285.0000	372.0000	0
14:56:15	282.0000	362.0000	0
14:56:15	279.0000	346.0000	0
14:56:15	303.0000	334.0000	0
14:56:15	301.0000	423.0000	0
14:56:15	296.0000	395.0000	0
14:56:15	295.0000	383.0000	0
14:56:15	292.0000	357.0000	0
14:56:15	293.0000	351.0000	0
14:56:15	304.0000	325.0000	0
14:56:15	303.0000	424.0000	0
14:56:15	302.0000	399.0000	0
14:56:15	292.0000	375.0000	0
14:56:15	286.0000	368.0000	0
14:56:15	282.0000	341.0000	0
14:56:15	295.0000	338.0000	0
14:56:15	304.0000	423.0000	0
14:56:15	298.0000	397.0000	0
14:56:15	293.0000	374.0000	0
14:56:15	297.0000	359.0000	0
14:56:15	284.0000	352.0000	0
14:56:15	287.0000	335.0000	0
14:56:15	294.0000	423.0000	0
14:56:15	289.0000	385.0000	0
14:56:15	285.0000	370.0000	0
14:56:15	283.0000	355.0000	0
14:56:15	277.0000	342.0000	0
14:56:15	276.0000	337.0000	0
14:56:15	293.0000	322.0000	0
14:56:15	301.0000	419.0000	0
14:56:15	298.0000	392.0000	0
14:56:15	288.0000	370.0000	0
14:56:15	285.0000	355.0000	0
14:56:15	282.0000	341.0000	0
14:56:15	304.0000	337.0000	0
14:56:15	303.0000	423.0000	0
14:56:15	299.0000	397.0000	0
14:56:15	294.0000	373.0000	0
14:56:15	291.0000	357.0000	0
14:56:15	298.0000	351.0000	0
14:56:15	304.0000	326.0000	0
14:56:15	306.0000	418.0000	0
14:56:15	306.0000	399.0000	0
14:56:15	301.0000	368.0000	0
14:56:15	302.0000	362.0000	0
14:56:15	292.0000	349.0000	0
14:56:15	301.0000	341.0000	0
14:56:15	304.0000	429.0000	0
14:56:15	301.0000	398.0000	0
14:56:15	294.0000	377.0000	0
14:56:15	290.0000	359.0000	0
14:56:15	288.0000	346.0000	0
14:56:15	290.0000	336.0000	0
14:56:15	306.0000	431.0000	0
14:56:15	305.0000	405.0000	0
14:56:15	304.0000	375.0000	0
14:56:15	298.0000	363.0000	0
14:56:15	288.0000	336.0000	0
14:56:15	291.0000	336.0000	0
14:56:15	304.0000	426.0000	0
14:56:15	305.0000	399.0000	0
14:56:15	304.0000	375.0000	0
14:56:15	300.0000	359.0000	0
14:56:15	293.0000	345.0000	0
14:56:15	288.0000	326.0000	0
14:56:15	309.0000	329.0000	0
14:56:15	310.0000	422.0000	0
14:56:15	304.0000	399.0000	0
14:56:15	301.0000	371.0000	0
14:56:15	299.0000	362.0000	0
14:56:15	295.0000	343.0000	0
14:56:15	305.0000	335.0000	0
14:56:15	315.0000	432.0000	0
14:56:15	306.0000	400.0000	0
14:56:15	303.0000	381.0000	0
14:56:15	295.0000	364.0000	0
14:56:15	291.0000	345.0000	0
14:56:15	297.0000	336.0000	0
14:56:15	304.0000	422.0000	0
14:56:15	302.0000	403.0000	0
14:56:15	295.0000	374.0000	0
14:56:15	293.0000	362.0000	0
14:56:15	287.0000	338.0000	0
14:56:15	294.0000	336.0000	0
14:56:15	301.0000	426.0000	0
14:56:15	298.0000	398.0000	0
14:56:15	295.0000	381.0000	0
14:56:15	288.0000	358.0000	0
14:56:15	283.0000	345.0000	0
14:56:15	286.0000	334.0000	0
14:56:15	301.0000	419.0000	0
14:56:15	304.0000	397.0000	0
14:56:15	300.0000	368.0000	0
14:56:15	291.0000	368.0000	0
14:56:15	287.0000	346.0000	0
14:56:15	303.0000	338.0000	0
14:56:15	305.0000	423.0000	0
14:56:15	303.0000	395.0000	0
14:56:15	304.0000	373.0000	0
14:56:15	294.0000	351.0000	0
14:56:15	293.0000	345.0000	0
14:56:15	282.0000	334.0000	0
14:56:15	306.0000	421.0000	0
14:56:15	308.0000	401.0000	0
14:56:15	306.0000	377.0000	0
14:56:15	303.0000	362.0000	0
14:56:15	295.0000	336.0000	0
14:56:15	301.0000	337.0000	0
14:56:15	300.0000	330.0000	0
14:56:15	304.0000	423.0000	0
14:56:15	304.0000	393.0000	0
14:56:15	298.0000	371.0000	0
14:56:15	297.0000	359.0000	0
14:56:15	294.0000	337.0000	0
14:56:15	298.0000	335.0000	0
14:56:15	304.0000	426.0000	0
14:56:15	308.0000	400.0000	0
14:56:15	297.0000	384.0000	0
14:56:15	292.0000	357.0000	0
14:56:15	289.0000	346.0000	0
14:56:15	290.0000	335.0000	0
14:56:15	309.0000	431.0000	0
14:56:15	306.0000	398.0000	0
14:56:15	304.0000	373.0000	0
14:56:15	294.0000	361.0000	0
14:56:15	293.0000	343.0000	0
14:56:15	290.0000	336.0000	0
14:56:15	304.0000	325.0000	0
14:56:15	302.0000	418.0000	0
14:56:15	304.0000	395.0000	0
14:56:15	295.0000	365.0000	0
14:56:15	295.0000	358.0000	0
14:56:15	288.0000	345.0000	0
14:56:15	301.0000	336.0000	0
14:56:15	305.0000	427.0000	0
14:56:15	304.0000	396.0000	0
14:56:15	299.0000	375.0000	0
14:56:15	289.0000	350.0000	0
14:56:15	278.0000	343.0000	0
14:56:15	294.0000	336.0000	0
14:56:15	307.0000	423.0000	0
14:56:15	298.0000	398.0000	0
14:56:15	302.0000	376.0000	0
14:56:15	298.0000	362.0000	0
14:56:15	288.0000	337.0000	0
14:56:15	294.0000	336.0000	0
14:56:15	307.0000	427.0000	0
14:56:15	307.0000	400.0000	0
14:56:15	303.0000	369.0000	0
14:56:15	304.0000	361.0000	0
14:56:15	297.0000	347.0000	0
14:56:15	288.0000	333.0000	0
14:56:15	303.0000	332.0000	0
14:56:15	304.0000	422.0000	0
14:56:15	295.0000	395.0000	0
14:56:15	294.0000	371.0000	0
14:56:15	290.0000	357.0000	0
14:56:15	291.0000	342.0000	0
14:56:15	299.0000	336.0000	0
14:56:15	305.0000	432.0000	0
14:56:15	301.0000	397.0000	0
14:56:15	295.0000	378.0000	0
14:56:15	288.0000	358.0000	0
14:56:15	283.0000	340.0000	0
14:56:15	294.0000	334.0000	0
14:56:15	299.0000	416.0000	0
14:56:15	303.0000	402.0000	0
14:56:15	293.0000	373.0000	0
14:56:15	278.0000	357.0000	0
14:56:15	286.0000	338.0000	0
14:56:15	287.0000	335.0000	0
14:56:15	298.0000	326.0000	0
14:56:15	304.0000	422.0000	0
14:56:15	301.0000	393.0000	0
14:56:15	297.0000	370.0000	0
14:56:15	286.0000	350.0000	0
14:56:15	298.0000	345.0000	0
14:56:15	304.0000	335.0000	0
14:56:15	303.0000	422.0000	0
14:56:16	301.0000	399.0000	0
14:56:16	293.0000	375.0000	0
14:56:16	286.0000	359.0000	0
14:56:16	279.0000	332.0000	0
14:56:16	302.0000	336.0000	0
14:56:16	307.0000	428.0000	0
14:56:16	301.0000	400.0000	0
14:56:16	296.0000	377.0000	0
14:56:16	287.0000	362.0000	0
14:56:16	297.0000	346.0000	0
14:56:16	301.0000	332.0000	0
14:56:16	304.0000	433.0000	0
14:56:16	302.0000	398.0000	0
14:56:16	294.0000	377.0000	0
14:56:16	288.0000	362.0000	0
14:56:16	290.0000	343.0000	0
14:56:16	293.0000	337.0000	0
14:56:16	301.0000	427.0000	0
14:56:16	295.0000	395.0000	0
14:56:16	295.0000	374.0000	0
14:56:16	289.0000	358.0000	0
14:56:16	284.0000	345.0000	0
14:56:16	293.0000	342.0000	0
14:56:16	304.0000	428.0000	0
14:56:16	302.0000	397.0000	0
14:56:16	299.0000	378.0000	0
14:56:16	292.0000	364.0000	0
14:56:16	287.0000	353.0000	0
14:56:16	295.0000	325.0000	0
14:56:16	299.0000	424.0000	0
14:56:16	300.0000	400.0000	0
14:56:16	297.0000	368.0000	0
14:56:16	295.0000	362.0000	0
14:56:16	288.0000	346.0000	0
14:56:16	288.0000	341.0000	0
14:56:16	304.0000	423.0000	0
14:56:16	304.0000	403.0000	0
14:56:16	303.0000	378.0000	0
14:56:16	297.0000	351.0000	0
14:56:16	293.0000	346.0000	0
14:56:16	294.0000	335.0000	0
14:56:16	307.0000	426.0000	0
14:56:16	305.0000	400.0000	0
14:56:16	305.0000	377.0000	0
14:56:16	304.0000	362.0000	0
14:56:16	296.0000	338.0000	0
14:56:16	295.0000	339.0000	0
14:56:16	304.0000	336.0000	0
14:56:16	309.0000	418.0000	0
14:56:16	305.0000	397.0000	0
14:56:16	294.0000	371.0000	0
14:56:16	298.0000	366.0000	0
14:56:16	282.0000	346.0000	0
14:56:16	293.0000	336.0000	0
14:56:16	304.0000	426.0000	0
14:56:16	302.0000	399.0000	0
14:56:16	297.0000	378.0000	0
14:56:16	291.0000	359.0000	0
14:56:16	289.0000	349.0000	0
14:56:16	282.0000	326.0000	0
14:56:16	305.0000	431.0000	0
14:56:16	304.0000	395.0000	0
14:56:16	303.0000	368.0000	0
14:56:16	291.0000	366.0000	0
14:56:16	288.0000	341.0000	0
14:56:16	281.0000	335.0000	0
14:56:16	292.0000	320.0000	0
14:56:16	295.0000	418.0000	0
14:56:16	290.0000	394.0000	0
14:56:16	281.0000	366.0000	0
14:56:16	287.0000	357.0000	0
14:56:16	281.0000	339.0000	0
14:56:16	288.0000	334.0000	0
14:56:16	297.0000	422.0000	0
14:56:16	294.0000	397.0000	0
14:56:16	286.0000	377.0000	0
14:56:16	277.0000	352.0000	0
14:56:16	281.0000	349.0000	0
14:56:16	283.0000	336.0000	0
14:56:16	295.0000	425.0000	0
14:56:16	290.0000	394.0000	0
14:56:16	288.0000	373.0000	0
14:56:16	284.0000	358.0000	0
14:56:16	273.0000	336.0000	0
14:56:16	282.0000	334.0000	0
14:56:16	293.0000	330.0000	0
14:56:16	288.0000	419.0000	0
14:56:16	283.0000	394.0000	0
14:56:16	277.0000	369.0000	0
14:56:16	275.0000	355.0000	0
14:56:16	277.0000	340.0000	0
14:56:16	290.0000	332.0000	0
14:56:16	300.0000	425.0000	0
14:56:16	293.0000	397.0000	0
14:56:16	286.0000	379.0000	0
14:56:16	282.0000	358.0000	0
14:56:16	278.0000	342.0000	0
14:56:16	289.0000	333.0000	0
14:56:16	302.0000	427.0000	0
14:56:16	295.0000	400.0000	0
14:56:16	278.0000	366.0000	0
14:56:16	291.0000	359.0000	0
14:56:16	276.0000	338.0000	0
14:56:16	294.0000	333.0000	0
14:56:16	305.0000	319.0000	0
14:56:16	295.0000	419.0000	0
14:56:16	294.0000	386.0000	0
14:56:16	289.0000	367.0000	0
14:56:16	285.0000	356.0000	0
14:56:16	298.0000	342.0000	0
14:56:16	314.0000	339.0000	0
14:56:16	304.0000	427.0000	0
14:56:16	301.0000	400.0000	0
14:56:16	294.0000	375.0000	0
14:56:16	289.0000	363.0000	0
14:56:16	295.0000	352.0000	0
14:56:16	304.0000	336.0000	0
14:56:16	304.0000	426.0000	0
14:56:16	298.0000	400.0000	0
14:56:16	289.0000	373.0000	0
14:56:16	286.0000	355.0000	0
14:56:16	288.0000	347.0000	0
14:56:16	294.0000	334.0000	0
14:56:16	299.0000	426.0000	0
14:56:16	290.0000	395.0000	0
14:56:16	289.0000	375.0000	0
14:56:16	286.0000	356.0000	0
14:56:16	285.0000	345.0000	0
14:56:16	293.0000	336.0000	0
14:56:16	302.0000	430.0000	0
14:56:16	302.0000	398.0000	0
14:56:16	301.0000	384.0000	0
14:56:16	299.0000	359.0000	0
14:56:16	294.0000	346.0000	0
14:56:16	299.0000	336.0000	0
14:56:16	302.0000	419.0000	0
14:56:16	299.0000	401.0000	0
14:56:16	298.0000	379.0000	0
14:56:16	293.0000	365.0000	0
14:56:16	290.0000	348.0000	0
14:56:16	294.0000	336.0000	0
14:56:16	304.0000	423.0000	0
14:56:16	308.0000	402.0000	0
14:56:16	294.0000	368.0000	0
14:56:16	296.0000	367.0000	0
14:56:16	289.0000	359.0000	0
14:56:16	283.0000	326.0000	0
14:56:16	308.0000	329.0000	0
14:56:16	310.0000	422.0000	0
14:56:16	302.0000	395.0000	0
14:56:16	304.0000	368.0000	0
14:56:16	304.0000	359.0000	0
14:56:16	295.0000	345.0000	0
14:56:16	303.0000	325.0000	0
14:56:16	312.0000	432.0000	0
14:56:16	306.0000	400.0000	0
14:56:16	302.0000	375.0000	0
14:56:16	299.0000	359.0000	0
14:56:16	303.0000	345.0000	0
14:56:16	306.0000	335.0000	0
14:56:16	307.0000	423.0000	0
14:56:16	304.0000	407.0000	0
14:56:16	302.0000	376.0000	0
14:56:16	294.0000	359.0000	0
14:56:16	288.0000	345.0000	0
14:56:16	294.0000	335.0000	0
14:56:16	338.0000	432.0000	0
14:56:16	336.0000	391.0000	0
14:56:16	333.0000	386.0000	0
14:56:16	327.0000	366.0000	0
14:56:16	321.0000	357.0000	0
14:56:16	326.0000	336.0000	0
14:56:16	336.0000	334.0000	0
14:56:16	343.0000	428.0000	0
14:56:16	354.0000	401.0000	0
14:56:16	369.0000	388.0000	0
14:56:16	367.0000	368.0000	0
14:56:16	366.0000	352.0000	0
14:56:16	387.0000	346.0000	0
14:56:16	657.0000	446.0000	0
14:56:16	688.0000	432.0000	0
14:56:16	713.0000	418.0000	0
14:56:16	722.0000	426.0000	0
14:56:16	710.0000	413.0000	0
14:56:16	701.0000	403.0000	0
14:56:16	672.0000	469.0000	0
14:56:16	675.0000	452.0000	0
14:56:16	685.0000	444.0000	0
14:56:16	668.0000	418.0000	0
14:56:16	658.0000	426.0000	0
14:56:16	649.0000	406.0000	0
14:56:16	576.0000	467.0000	0
14:56:16	566.0000	438.0000	0
14:56:16	560.0000	430.0000	0
14:56:16	545.0000	410.0000	0
14:56:16	529.0000	390.0000	0
14:56:16	531.0000	395.0000	0
14:56:16	522.0000	460.0000	0
14:56:16	607.0000	437.0000	0
14:56:16	693.0000	432.0000	0
14:56:16	690.0000	422.0000	0
14:56:16	746.0000	417.0000	0
14:56:16	835.0000	417.0000	0
14:56:16	802.0000	486.0000	0
14:56:16	784.0000	459.0000	0
14:56:16	768.0000	463.0000	0
14:56:16	743.0000	434.0000	0
14:56:16	725.0000	432.0000	0
14:56:16	704.0000	420.0000	0
14:56:16	583.0000	477.0000	0
14:56:16	570.0000	460.0000	0
14:56:16	560.0000	433.0000	0
14:56:16	547.0000	421.0000	0
14:56:16	529.0000	404.0000	0
14:56:16	528.0000	400.0000	0
14:56:16	502.0000	460.0000	0
14:56:16	474.0000	426.0000	0
14:56:16	478.0000	418.0000	0
14:56:16	465.0000	398.0000	0
14:56:16	465.0000	385.0000	0
14:56:16	491.0000	376.0000	0
14:56:16	530.0000	455.0000	0
14:56:16	542.0000	432.0000	0
14:56:16	551.0000	415.0000	0
14:56:16	545.0000	403.0000	0
14:56:16	592.0000	396.0000	0
14:56:16	718.0000	397.0000	0
14:56:16	1085.0000	483.0000	0
14:56:16	1088.0000	486.0000	0
14:56:16	1114.0000	480.0000	0
14:56:16	1184.0000	476.0000	0
14:56:16	1226.0000	485.0000	0
14:56:16	1200.0000	489.0000	0
14:56:16	1022.0000	531.0000	0
14:56:16	994.0000	511.0000	0
14:56:16	973.0000	509.0000	0
14:56:16	944.0000	495.0000	0
14:56:16	930.0000	483.0000	0
14:56:16	911.0000	470.0000	0
14:56:16	740.0000	505.0000	0
14:56:16	723.0000	489.0000	0
14:56:16	710.0000	464.0000	0
14:56:16	689.0000	451.0000	0
14:56:16	682.0000	439.0000	0
14:56:16	669.0000	432.0000	0
14:56:16	635.0000	480.0000	0
14:56:16	649.0000	460.0000	0
14:56:16	678.0000	443.0000	0
14:56:16	693.0000	432.0000	0
14:56:16	691.0000	434.0000	0
14:56:16	682.0000	419.0000	0
14:56:16	768.0000	483.0000	0
14:56:16	823.0000	469.0000	0
14:56:16	897.0000	461.0000	0
14:56:16	965.0000	463.0000	0
14:56:16	965.0000	449.0000	0
14:56:16	962.0000	460.0000	0
14:56:16	1125.0000	511.0000	0
14:56:16	1120.0000	511.0000	0
14:56:16	1095.0000	507.0000	0
14:56:16	1067.0000	506.0000	0
14:56:16	1037.0000	494.0000	0
14:56:16	1015.0000	495.0000	0
14:56:16	959.0000	528.0000	0
14:56:16	960.0000	505.0000	0
14:56:16	949.0000	498.0000	0
14:56:16	926.0000	479.0000	0
14:56:16	917.0000	477.0000	0
14:56:16	912.0000	471.0000	0
14:56:16	862.0000	511.0000	0
14:56:16	854.0000	497.0000	0
14:56:16	833.0000	479.0000	0
14:56:16	817.0000	470.0000	0
14:56:16	799.0000	461.0000	0
14:56:16	781.0000	449.0000	0
14:56:16	845.0000	506.0000	0
14:56:16	858.0000	493.0000	0
14:56:16	845.0000	464.0000	0
14:56:16	868.0000	468.0000	0
14:56:16	893.0000	459.0000	0
14:56:16	917.0000	452.0000	0
14:56:16	964.0000	503.0000	0
14:56:16	939.0000	495.0000	0
14:56:16	927.0000	490.0000	0
14:56:16	959.0000	473.0000	0
14:56:16	1068.0000	481.0000	0
14:56:16	1150.0000	479.0000	0
14:56:16	1288.0000	540.0000	0
14:56:16	1280.0000	538.0000	0
14:56:16	1246.0000	534.0000	0
14:56:16	1211.0000	530.0000	0
14:56:16	1190.0000	511.0000	0
14:56:16	1171.0000	529.0000	0
14:56:16	970.0000	546.0000	0
14:56:16	963.0000	528.0000	0
14:56:16	958.0000	507.0000	0
14:56:16	953.0000	499.0000	0
14:56:16	942.0000	492.0000	0
14:56:16	916.0000	474.0000	0
14:56:16	761.0000	511.0000	0
14:56:16	730.0000	492.0000	0
14:56:17	713.0000	470.0000	0
14:56:17	692.0000	458.0000	0
14:56:17	684.0000	449.0000	0
14:56:17	667.0000	432.0000	0
14:56:17	699.0000	485.0000	0
14:56:17	704.0000	464.0000	0
14:56:17	761.0000	453.0000	0
14:56:17	835.0000	448.0000	0
14:56:17	862.0000	442.0000	0
14:56:17	851.0000	442.0000	0
14:56:17	1063.0000	503.0000	0
14:56:17	1023.0000	497.0000	0
14:56:17	3715.0000	759.0000	0
14:56:17	3715.0000	853.0000	0
14:56:17	3703.0000	913.0000	0
14:56:17	3713.0000	978.0000	13
14:56:17	3718.0000	1033.0000	17
14:56:17	3728.0000	1057.0000	0
14:56:17	3715.0000	1093.0000	12
14:56:17	3722.0000	1131.0000	29
14:56:17	3723.0000	1173.0000	30
14:56:17	3715.0000	1212.0000	33
14:56:17	3721.0000	1247.0000	33
14:56:17	3725.0000	1246.0000	1
14:56:17	3710.0000	1259.0000	20
14:56:17	3714.0000	1277.0000	33
14:56:17	3730.0000	1291.0000	46
14:56:17	3718.0000	1319.0000	42
14:56:17	3723.0000	1343.0000	43
14:56:17	3722.0000	1336.0000	3
14:56:17	3723.0000	1333.0000	25
14:56:17	3728.0000	1346.0000	35
14:56:17	3703.0000	1359.0000	44
14:56:17	3719.0000	1367.0000	53
14:56:17	3719.0000	1366.0000	4
14:56:17	3721.0000	1363.0000	27
14:56:17	3715.0000	1372.0000	37
14:56:17	3721.0000	1381.0000	48
14:56:17	3729.0000	1397.0000	53
14:56:17	3730.0000	1405.0000	49
14:56:17	3721.0000	1396.0000	1
14:56:17	3723.0000	1394.0000	29
14:56:17	3719.0000	1396.0000	39
14:56:17	3719.0000	1404.0000	46
14:56:17	3717.0000	1413.0000	49
14:56:17	3728.0000	1425.0000	56
14:56:17	3721.0000	1414.0000	6
14:56:17	3727.0000	1399.0000	31
14:56:17	3718.0000	1406.0000	47
14:56:17	3715.0000	1413.0000	48
14:56:17	3741.0000	1421.0000	55
14:56:17	3725.0000	1410.0000	5
14:56:17	3716.0000	1402.0000	27
14:56:17	3715.0000	1405.0000	41
14:56:17	3718.0000	1412.0000	43
14:56:17	3722.0000	1421.0000	51
14:56:17	3719.0000	1432.0000	59
14:56:17	3732.0000	1420.0000	0
14:56:17	3703.0000	1411.0000	18
14:56:17	3730.0000	1413.0000	40
14:56:17	3724.0000	1420.0000	44
14:56:17	3731.0000	1429.0000	38
14:56:17	3727.0000	1437.0000	46
14:56:17	3726.0000	1422.0000	7
14:56:17	3725.0000	1414.0000	33
14:56:17	3703.0000	1421.0000	39
14:56:17	3729.0000	1432.0000	42
14:56:17	3703.0000	1430.0000	38
14:56:17	3727.0000	1419.0000	3
14:56:17	3722.0000	1408.0000	37
14:56:17	3715.0000	1413.0000	41
14:56:17	3722.0000	1427.0000	43
14:56:17	3709.0000	1422.0000	58
14:56:17	3726.0000	1429.0000	54
14:56:17	3726.0000	1424.0000	7
14:56:17	3734.0000	1413.0000	32
14:56:17	3731.0000	1415.0000	47
14:56:17	3748.0000	1421.0000	49
14:56:17	3723.0000	1427.0000	48
14:56:17	3719.0000	1428.0000	56
14:56:17	3718.0000	1418.0000	1
14:56:17	3725.0000	1411.0000	30
14:56:17	3723.0000	1415.0000	37
14:56:17	3727.0000	1421.0000	45
14:56:17	3722.0000	1431.0000	48
14:56:17	3712.0000	1413.0000	0
14:56:17	3710.0000	1406.0000	26
14:56:17	3719.0000	1412.0000	40
14:56:17	3729.0000	1434.0000	34
14:56:17	3714.0000	1416.0000	49
14:56:17	3715.0000	1434.0000	48
14:56:17	3725.0000	1420.0000	6
14:56:17	3716.0000	1409.0000	28
14:56:17	3733.0000	1414.0000	43
14:56:17	3720.0000	1422.0000	48
14:56:17	3706.0000	1426.0000	43
14:56:17	3726.0000	1440.0000	58
14:56:17	3729.0000	1420.0000	7
14:56:17	3720.0000	1410.0000	35
14:56:17	3708.0000	1408.0000	49
14:56:17	3726.0000	1407.0000	54
14:56:17	3718.0000	1415.0000	61
14:56:17	3725.0000	1407.0000	15
14:56:17	3741.0000	1403.0000	34
14:56:17	3719.0000	1410.0000	46
14:56:17	3707.0000	1399.0000	51
14:56:17	3721.0000	1423.0000	55
14:56:17	3721.0000	1432.0000	50
14:56:17	3723.0000	1416.0000	7
14:56:17	3745.0000	1411.0000	30
14:56:17	3718.0000	1409.0000	42
14:56:17	3719.0000	1420.0000	47
14:56:17	3723.0000	1434.0000	47
14:56:17	3724.0000	1430.0000	54
14:56:17	3728.0000	1419.0000	7
14:56:17	3719.0000	1415.0000	27
14:56:17	3719.0000	1415.0000	42
14:56:17	3722.0000	1428.0000	48
14:56:17	3726.0000	1432.0000	50
14:56:17	3719.0000	1416.0000	8
14:56:17	3730.0000	1405.0000	28
14:56:17	3717.0000	1412.0000	41
14:56:17	3715.0000	1415.0000	48
14:56:17	3719.0000	1426.0000	55
14:56:17	3717.0000	1424.0000	48
14:56:17	3735.0000	1430.0000	0
14:56:17	3704.0000	1417.0000	31
14:56:17	3733.0000	1415.0000	41
14:56:17	3723.0000	1422.0000	47
14:56:17	3703.0000	1431.0000	39
14:56:17	3719.0000	1438.0000	58
14:56:17	3726.0000	1424.0000	7
14:56:17	3711.0000	1432.0000	19
14:56:17	3708.0000	1421.0000	32
14:56:17	3728.0000	1424.0000	48
14:56:17	3723.0000	1436.0000	47
14:56:17	3725.0000	1419.0000	6
14:56:17	3741.0000	1408.0000	30
14:56:17	3715.0000	1411.0000	41
14:56:17	3712.0000	1421.0000	46
14:56:17	3715.0000	1430.0000	46
14:56:17	3723.0000	1433.0000	48
14:56:17	3727.0000	1416.0000	7
14:56:17	3728.0000	1412.0000	28
14:56:17	3728.0000	1417.0000	44
14:56:17	3715.0000	1424.0000	48
14:56:17	3719.0000	1430.0000	48
14:56:17	3725.0000	1428.0000	57
14:56:17	3724.0000	1417.0000	9
14:56:17	3705.0000	1415.0000	27
14:56:17	3722.0000	1410.0000	47
14:56:17	3717.0000	1418.0000	49
14:56:17	3717.0000	1421.0000	48
14:56:17	3727.0000	1417.0000	5
14:56:17	3729.0000	1404.0000	31
14:56:17	3715.0000	1412.0000	39
14:56:17	3727.0000	1415.0000	48
14:56:17	3717.0000	1429.0000	48
14:56:17	3718.0000	1439.0000	48
14:56:17	3737.0000	1431.0000	0
14:56:17	3702.0000	1419.0000	31
14:56:17	3729.0000	1416.0000	34
14:56:17	3718.0000	1426.0000	46
14:56:17	3707.0000	1429.0000	39
14:56:17	3719.0000	1441.0000	55
14:56:17	3727.0000	1422.0000	5
14:56:17	3707.0000	1417.0000	18
14:56:17	3710.0000	1414.0000	30
14:56:17	3718.0000	1421.0000	48
14:56:17	3725.0000	1435.0000	47
14:56:17	3722.0000	1416.0000	6
14:56:17	3728.0000	1408.0000	27
14:56:17	3721.0000	1411.0000	39
14:56:17	3709.0000	1408.0000	47
14:56:17	3723.0000	1431.0000	51
14:56:17	3725.0000	1435.0000	48
14:56:17	3726.0000	1420.0000	5
14:56:17	3719.0000	1407.0000	27
14:56:17	3722.0000	1419.0000	37
14:56:17	3721.0000	1419.0000	44
14:56:17	3723.0000	1431.0000	48
14:56:17	3716.0000	1437.0000	48
14:56:17	3727.0000	1415.0000	16
14:56:17	3725.0000	1404.0000	38
14:56:17	3717.0000	1411.0000	57
14:56:17	3729.0000	1418.0000	57
14:56:17	3731.0000	1440.0000	48
14:56:17	3722.0000	1423.0000	7
14:56:17	3694.0000	1406.0000	35
14:56:17	3717.0000	1403.0000	51
14:56:17	3710.0000	1409.0000	45
14:56:17	3737.0000	1424.0000	56
14:56:17	3726.0000	1429.0000	59
14:56:17	3724.0000	1419.0000	5
14:56:17	3723.0000	1407.0000	34
14:56:17	3721.0000	1418.0000	38
14:56:17	3730.0000	1424.0000	32
14:56:17	3710.0000	1431.0000	46
14:56:17	3733.0000	1440.0000	46
14:56:17	3725.0000	1422.0000	6
14:56:17	3723.0000	1410.0000	29
14:56:17	3721.0000	1417.0000	51
14:56:17	3723.0000	1421.0000	48
14:56:17	3719.0000	1430.0000	48
14:56:17	3723.0000	1419.0000	13
14:56:17	3728.0000	1404.0000	34
14:56:17	3727.0000	1409.0000	51
14:56:17	3709.0000	1410.0000	46
14:56:17	3734.0000	1423.0000	54
14:56:17	3718.0000	1426.0000	58
14:56:17	3725.0000	1418.0000	6
14:56:17	3725.0000	1416.0000	36
14:56:17	3725.0000	1408.0000	41
14:56:17	3719.0000	1415.0000	49
14:56:17	3722.0000	1422.0000	53
14:56:17	3728.0000	1430.0000	60
14:56:17	3724.0000	1421.0000	6
14:56:17	3722.0000	1413.0000	27
14:56:17	3722.0000	1419.0000	39
14:56:17	3727.0000	1431.0000	46
14:56:17	3730.0000	1445.0000	39
14:56:17	3719.0000	1408.0000	16
14:56:17	3728.0000	1404.0000	35
14:56:17	3732.0000	1408.0000	45
14:56:17	3705.0000	1398.0000	53
14:56:17	3728.0000	1429.0000	56
14:56:17	3721.0000	1427.0000	57
14:56:17	3723.0000	1416.0000	16
14:56:17	3718.0000	1400.0000	41
14:56:17	3741.0000	1415.0000	48
14:56:17	3735.0000	1423.0000	45
14:56:17	3705.0000	1425.0000	55
14:56:17	3735.0000	1440.0000	52
14:56:17	3723.0000	1428.0000	4
14:56:17	3721.0000	1422.0000	27
14:56:17	3731.0000	1428.0000	39
14:56:17	3721.0000	1432.0000	47
14:56:17	3725.0000	1435.0000	38
14:56:17	3725.0000	1415.0000	11
14:56:17	3723.0000	1411.0000	31
14:56:17	3731.0000	1416.0000	29
14:56:17	3719.0000	1426.0000	43
14:56:17	3735.0000	1433.0000	43
14:56:18	3715.0000	1436.0000	52
14:56:18	3727.0000	1422.0000	7
14:56:18	3739.0000	1424.0000	30
14:56:18	3715.0000	1412.0000	41
14:56:18	3706.0000	1414.0000	53
14:56:18	3728.0000	1430.0000	58
14:56:18	3724.0000	1452.0000	48
14:56:18	3722.0000	1421.0000	7
14:56:18	3724.0000	1411.0000	38
14:56:18	3718.0000	1413.0000	45
14:56:18	3719.0000	1424.0000	47
14:56:18	3716.0000	1434.0000	43
14:56:18	3728.0000	1426.0000	3
14:56:18	3713.0000	1411.0000	29
14:56:18	3711.0000	1416.0000	30
14:56:18	3705.0000	1422.0000	46
14:56:18	3721.0000	1431.0000	48
14:56:18	3709.0000	1435.0000	58
14:56:18	3727.0000	1422.0000	8
14:56:18	3730.0000	1421.0000	32
14:56:18	3723.0000	1412.0000	44
14:56:18	3724.0000	1425.0000	48
14:56:18	3723.0000	1437.0000	48
14:56:18	3714.0000	1441.0000	57
14:56:18	3727.0000	1427.0000	9
14:56:18	3728.0000	1425.0000	26
14:56:18	3730.0000	1427.0000	40
14:56:18	3728.0000	1426.0000	47
14:56:18	3701.0000	1431.0000	43
14:56:18	3724.0000	1425.0000	0
14:56:18	3726.0000	1409.0000	27
14:56:18	3719.0000	1414.0000	38
14:56:18	3705.0000	1414.0000	46
14:56:18	3722.0000	1429.0000	49
14:56:18	3718.0000	1438.0000	48
14:56:18	3725.0000	1419.0000	5
14:56:18	3729.0000	1414.0000	29
14:56:18	3719.0000	1415.0000	41
14:56:18	3703.0000	1421.0000	34
14:56:18	3729.0000	1430.0000	48
14:56:18	3724.0000	1439.0000	47
14:56:18	3715.0000	1418.0000	7
14:56:18	3722.0000	1413.0000	29
14:56:18	3723.0000	1414.0000	43
14:56:18	3724.0000	1423.0000	45
14:56:18	3718.0000	1431.0000	47
14:56:18	3735.0000	1421.0000	0
14:56:18	3716.0000	1412.0000	29
14:56:18	3711.0000	1406.0000	30
14:56:18	3744.0000	1420.0000	43
14:56:18	3715.0000	1427.0000	46
14:56:18	3745.0000	1432.0000	51
14:56:18	3725.0000	1418.0000	6
14:56:18	3730.0000	1410.0000	29
14:56:18	3723.0000	1410.0000	48
14:56:18	3714.0000	1412.0000	52
14:56:18	3726.0000	1420.0000	54
14:56:18	3725.0000	1424.0000	60
14:56:18	3724.0000	1423.0000	6
14:56:18	3725.0000	1411.0000	33
14:56:18	3728.0000	1412.0000	55
14:56:18	3715.0000	1424.0000	51
14:56:18	3717.0000	1428.0000	54
14:56:18	3735.0000	1416.0000	0
14:56:18	3725.0000	1408.0000	20
14:56:18	3718.0000	1414.0000	41
14:56:18	3722.0000	1418.0000	46
14:56:18	3713.0000	1426.0000	48
14:56:18	3701.0000	1436.0000	55
14:56:18	3715.0000	1410.0000	0
14:56:18	3721.0000	1417.0000	21
14:56:18	3716.0000	1418.0000	36
14:56:18	3705.0000	1427.0000	35
14:56:18	3721.0000	1435.0000	54
14:56:18	3717.0000	1440.0000	48
14:56:18	3726.0000	1426.0000	2
14:56:18	3708.0000	1425.0000	26
14:56:18	3713.0000	1427.0000	35
14:56:18	3718.0000	1431.0000	42
14:56:18	3714.0000	1436.0000	46
14:56:18	3727.0000	1424.0000	0
14:56:18	3721.0000	1414.0000	28
14:56:18	3707.0000	1420.0000	29
14:56:18	3721.0000	1426.0000	48
14:56:18	3719.0000	1440.0000	46
14:56:18	3715.0000	1440.0000	47
14:56:18	3715.0000	1416.0000	3
14:56:18	3718.0000	1411.0000	34
14:56:18	3723.0000	1410.0000	50
14:56:18	3710.0000	1417.0000	47
14:56:18	3723.0000	1420.0000	62
14:56:18	3728.0000	1436.0000	51
14:56:18	3723.0000	1417.0000	13
14:56:18	3696.0000	1409.0000	38
14:56:18	3719.0000	1413.0000	47
14:56:18	3721.0000	1413.0000	58
14:56:18	3702.0000	1431.0000	48
14:56:18	3718.0000	1412.0000	1
14:56:18	3739.0000	1414.0000	30
14:56:18	3725.0000	1410.0000	46
14:56:18	3719.0000	1403.0000	56
14:56:18	3716.0000	1420.0000	53
14:56:18	3737.0000	1433.0000	48
14:56:18	3727.0000	1425.0000	10
14:56:18	3754.0000	1429.0000	28
14:56:18	3717.0000	1421.0000	45
14:56:18	3725.0000	1434.0000	43
14:56:18	3730.0000	1436.0000	46
14:56:18	3718.0000	1441.0000	47
14:56:18	3723.0000	1423.0000	5
14:56:18	3722.0000	1405.0000	38
14:56:18	3726.0000	1415.0000	42
14:56:18	3719.0000	1426.0000	46
14:56:18	3735.0000	1433.0000	48
14:56:18	3733.0000	1420.0000	2
14:56:18	3725.0000	1409.0000	25
14:56:18	3699.0000	1418.0000	32
14:56:18	3726.0000	1424.0000	45
14:56:18	3726.0000	1425.0000	46
14:56:18	3733.0000	1446.0000	36
14:56:18	3724.0000	1421.0000	13
14:56:18	3735.0000	1413.0000	25
14:56:18	3734.0000	1435.0000	29
14:56:18	3710.0000	1422.0000	46
14:56:18	3734.0000	1429.0000	46
14:56:18	3722.0000	1438.0000	49
14:56:18	3719.0000	1425.0000	4
14:56:18	3684.0000	1425.0000	25
14:56:18	3719.0000	1416.0000	39
14:56:18	3706.0000	1419.0000	48
14:56:18	3723.0000	1439.0000	55
14:56:18	3724.0000	1416.0000	9
14:56:18	3719.0000	1412.0000	32
14:56:18	3707.0000	1414.0000	45
14:56:18	3713.0000	1418.0000	48
14:56:18	3717.0000	1423.0000	54
14:56:18	3726.0000	1434.0000	53
14:56:18	3722.0000	1421.0000	13
14:56:18	3723.0000	1418.0000	32
14:56:18	3718.0000	1416.0000	46
14:56:18	3727.0000	1415.0000	64
14:56:18	3727.0000	1435.0000	49
14:56:18	3728.0000	1435.0000	46
14:56:18	3726.0000	1418.0000	15
14:56:18	3715.0000	1407.0000	35
14:56:18	3716.0000	1412.0000	48
14:56:18	3725.0000	1420.0000	50
14:56:18	3733.0000	1429.0000	52
14:56:18	3728.0000	1412.0000	11
14:56:18	3727.0000	1410.0000	30
14:56:18	3718.0000	1411.0000	48
14:56:18	3718.0000	1424.0000	43
14:56:18	3727.0000	1431.0000	48
14:56:18	3699.0000	1437.0000	42
14:56:18	3717.0000	1436.0000	0
14:56:18	3726.0000	1420.0000	32
14:56:18	3696.0000	1419.0000	29
14:56:18	3735.0000	1434.0000	39
14:56:18	3723.0000	1432.0000	49
14:56:18	3732.0000	1441.0000	48
14:56:18	3713.0000	1426.0000	13
14:56:18	3719.0000	1404.0000	35
14:56:18	3728.0000	1423.0000	37
14:56:18	3709.0000	1433.0000	48
14:56:18	3733.0000	1430.0000	49
14:56:18	3726.0000	1421.0000	3
14:56:18	3726.0000	1413.0000	24
14:56:18	3729.0000	1421.0000	35
14:56:18	3719.0000	1421.0000	42
14:56:18	3707.0000	1432.0000	48
14:56:18	3730.0000	1445.0000	47
14:56:18	3723.0000	1425.0000	5
14:56:18	3715.0000	1402.0000	29
14:56:18	3707.0000	1429.0000	43
14:56:18	3726.0000	1428.0000	44
14:56:18	3723.0000	1436.0000	43
14:56:18	3723.0000	1442.0000	48
14:56:18	3729.0000	1435.0000	0
14:56:18	3731.0000	1413.0000	31
14:56:18	3717.0000	1414.0000	47
14:56:18	3725.0000	1420.0000	50
14:56:18	3723.0000	1428.0000	58
14:56:18	3725.0000	1424.0000	0
14:56:18	3718.0000	1414.0000	27
14:56:18	3728.0000	1408.0000	43
14:56:18	3719.0000	1418.0000	56
14:56:18	3710.0000	1423.0000	56
14:56:18	3723.0000	1431.0000	51
14:56:18	3722.0000	1423.0000	3
14:56:18	3713.0000	1415.0000	26
14:56:18	3709.0000	1419.0000	36
14:56:18	3729.0000	1435.0000	42
14:56:18	3729.0000	1440.0000	45
14:56:18	3697.0000	1444.0000	43
14:56:18	3725.0000	1427.0000	10
14:56:18	3726.0000	1414.0000	26
14:56:18	3731.0000	1422.0000	32
14:56:18	3715.0000	1427.0000	41
14:56:18	3731.0000	1440.0000	46
14:56:18	3728.0000	1427.0000	9
14:56:18	3709.0000	1421.0000	16
14:56:18	3723.0000	1410.0000	44
14:56:18	3724.0000	1427.0000	39
14:56:18	3728.0000	1434.0000	35
14:56:18	3711.0000	1450.0000	48
14:56:18	3717.0000	1422.0000	6
14:56:18	3751.0000	1418.0000	27
14:56:18	3707.0000	1416.0000	39
14:56:18	3729.0000	1424.0000	51
14:56:18	3706.0000	1426.0000	45
14:56:18	3737.0000	1438.0000	39
14:56:18	3734.0000	1424.0000	3
14:56:18	3727.0000	1423.0000	27
14:56:18	3731.0000	1433.0000	25
14:56:18	3723.0000	1430.0000	38
14:56:18	3718.0000	1444.0000	39
14:56:18	3725.0000	1423.0000	2
14:56:18	3719.0000	1414.0000	26
14:56:18	3738.0000	1423.0000	36
14:56:18	3718.0000	1422.0000	44
14:56:19	3720.0000	1430.0000	48
14:56:19	3722.0000	1440.0000	48
14:56:19	3727.0000	1426.0000	4
14:56:19	3737.0000	1436.0000	16
14:56:19	3709.0000	1419.0000	37
14:56:19	3731.0000	1428.0000	39
14:56:19	3719.0000	1434.0000	45
14:56:19	3710.0000	1436.0000	42
14:56:19	3730.0000	1431.0000	2
14:56:19	3726.0000	1413.0000	34
14:56:19	3734.0000	1431.0000	35
14:56:19	3709.0000	1423.0000	48
14:56:19	3718.0000	1428.0000	55
14:56:19	3728.0000	1421.0000	0
14:56:19	3728.0000	1404.0000	32
14:56:19	3728.0000	1420.0000	43
14:56:19	3723.0000	1419.0000	50
14:56:19	3706.0000	1424.0000	48
14:56:19	3702.0000	1428.0000	54
14:56:19	3728.0000	1426.0000	4
14:56:19	3721.0000	1417.0000	25
14:56:19	3702.0000	1408.0000	38
14:56:19	3717.0000	1428.0000	40
14:56:19	3721.0000	1435.0000	48
14:56:19	3703.0000	1433.0000	48
14:56:19	3729.0000	1425.0000	12
14:56:19	3709.0000	1419.0000	26
14:56:19	3722.0000	1427.0000	40
14:56:19	3715.0000	1425.0000	50
14:56:19	3733.0000	1437.0000	48
14:56:19	3728.0000	1419.0000	6
14:56:19	3725.0000	1407.0000	34
14:56:19	3718.0000	1406.0000	48
14:56:19	3723.0000	1413.0000	54
14:56:19	3718.0000	1424.0000	53
14:56:19	3729.0000	1430.0000	53
14:56:19	3729.0000	1426.0000	2
14:56:19	3715.0000	1418.0000	30
14:56:19	3718.0000	1404.0000	48
14:56:19	3725.0000	1430.0000	49
14:56:19	3715.0000	1436.0000	49
14:56:19	3723.0000	1441.0000	48
14:56:19	3735.0000	1430.0000	5
14:56:19	3723.0000	1423.0000	34
14:56:19	3703.0000	1424.0000	29
14:56:19	3731.0000	1434.0000	42
14:56:19	3726.0000	1438.0000	48
14:56:19	3727.0000	1420.0000	5
14:56:19	3718.0000	1407.0000	33
14:56:19	3716.0000	1418.0000	34
14:56:19	3732.0000	1426.0000	34
14:56:19	3711.0000	1416.0000	48
14:56:19	3729.0000	1447.0000	47
14:56:19	3728.0000	1423.0000	9
14:56:19	3705.0000	1423.0000	16
14:56:19	3729.0000	1423.0000	35
14:56:19	3723.0000	1431.0000	45
14:56:19	3729.0000	1439.0000	34
14:56:19	3708.0000	1450.0000	48
14:56:19	3725.0000	1428.0000	6
14:56:19	3734.0000	1440.0000	16
14:56:19	3707.0000	1408.0000	41
14:56:19	3718.0000	1425.0000	43
14:56:19	3722.0000	1438.0000	48
14:56:19	3723.0000	1418.0000	5
14:56:19	3760.0000	1413.0000	27
14:56:19	3714.0000	1415.0000	37
14:56:19	3698.0000	1421.0000	42
14:56:19	3718.0000	1430.0000	45
14:56:19	3713.0000	1439.0000	48
14:56:19	3719.0000	1415.0000	5
14:56:19	3729.0000	1413.0000	29
14:56:19	3729.0000	1421.0000	39
14:56:19	3721.0000	1424.0000	44
14:56:19	3717.0000	1433.0000	47
14:56:19	3723.0000	1440.0000	48
14:56:19	3723.0000	1420.0000	10
14:56:19	3728.0000	1415.0000	30
14:56:19	3717.0000	1421.0000	39
14:56:19	3728.0000	1429.0000	44
14:56:19	3721.0000	1438.0000	48
14:56:19	3710.0000	1422.0000	2
14:56:19	3728.0000	1420.0000	27
14:56:19	3713.0000	1414.0000	42
14:56:19	3719.0000	1419.0000	34
14:56:19	3719.0000	1433.0000	45
14:56:19	3718.0000	1436.0000	48
14:56:19	3725.0000	1415.0000	0
14:56:19	3714.0000	1405.0000	33
14:56:19	3713.0000	1410.0000	46
14:56:19	3718.0000	1419.0000	50
14:56:19	3697.0000	1426.0000	46
14:56:19	3721.0000	1443.0000	55
14:56:19	3714.0000	1413.0000	15
14:56:19	3710.0000	1406.0000	34
14:56:19	3710.0000	1409.0000	43
14:56:19	3707.0000	1425.0000	47
14:56:19	3708.0000	1433.0000	51
14:56:19	3719.0000	1418.0000	5
14:56:19	3728.0000	1421.0000	25
14:56:19	3713.0000	1418.0000	35
14:56:19	3713.0000	1422.0000	46
14:56:19	3713.0000	1430.0000	47
14:56:19	3707.0000	1437.0000	48
14:56:19	3723.0000	1413.0000	0
14:56:19	3715.0000	1413.0000	29
14:56:19	3714.0000	1416.0000	35
14:56:19	3710.0000	1422.0000	48
14:56:19	3696.0000	1423.0000	33
14:56:19	3709.0000	1439.0000	54
14:56:19	3715.0000	1421.0000	9
14:56:19	3703.0000	1414.0000	26
14:56:19	3711.0000	1414.0000	47
14:56:19	3696.0000	1417.0000	46
14:56:19	3707.0000	1433.0000	53
14:56:19	3701.0000	1419.0000	4
14:56:19	3696.0000	1404.0000	42
14:56:19	3728.0000	1407.0000	50
14:56:19	3677.0000	1414.0000	45
14:56:19	3600.0000	1406.0000	62
14:56:19	3408.0000	1423.0000	50
14:56:19	3350.0000	1398.0000	3
14:56:19	3377.0000	1378.0000	30
14:56:19	3247.0000	1373.0000	34
14:56:19	3142.0000	1368.0000	36
14:56:19	3297.0000	1366.0000	30
14:56:19	3479.0000	1382.0000	41
14:56:19	3321.0000	1359.0000	0
14:56:19	3285.0000	1339.0000	17
14:56:19	3197.0000	1338.0000	33
14:56:19	3056.0000	1328.0000	31
14:56:19	2960.0000	1334.0000	24
14:56:19	2485.0000	1269.0000	0
14:56:19	2416.0000	1225.0000	9
14:56:19	2356.0000	1198.0000	16
14:56:19	2288.0000	1170.0000	16
14:56:19	2230.0000	1143.0000	16
14:56:19	2176.0000	1120.0000	21
14:56:19	1790.0000	1046.0000	0
14:56:19	1889.0000	1018.0000	0
14:56:19	2077.0000	996.0000	7
14:56:19	2171.0000	979.0000	0
14:56:19	2145.0000	980.0000	7
14:56:19	2101.0000	964.0000	3
14:56:19	2384.0000	944.0000	0
14:56:19	2304.0000	929.0000	0
14:56:19	2245.0000	939.0000	0
14:56:19	2192.0000	932.0000	0
14:56:19	2162.0000	917.0000	0
14:56:19	2240.0000	925.0000	2
14:56:19	3706.0000	969.0000	0
14:56:19	3679.0000	1031.0000	0
14:56:19	3692.0000	1076.0000	15
14:56:19	3712.0000	1125.0000	17
14:56:19	3692.0000	1169.0000	20
14:56:19	3687.0000	1194.0000	16
14:56:19	3132.0000	1187.0000	0
14:56:19	3031.0000	1188.0000	10
14:56:19	2928.0000	1191.0000	7
14:56:19	2851.0000	1198.0000	16
14:56:19	2759.0000	1186.0000	19
14:56:19	2251.0000	1126.0000	0
14:56:19	2196.0000	1102.0000	2
14:56:19	2138.0000	1083.0000	4
14:56:19	2071.0000	1050.0000	7
14:56:19	1999.0000	1023.0000	8
14:56:19	1937.0000	999.0000	13
14:56:19	1565.0000	927.0000	0
14:56:19	1535.0000	891.0000	0
14:56:19	1602.0000	861.0000	0
14:56:19	1666.0000	834.0000	0
14:56:19	1659.0000	816.0000	0
14:56:19	1654.0000	795.0000	0
14:56:19	1846.0000	770.0000	0
14:56:19	1808.0000	763.0000	0
14:56:19	1787.0000	752.0000	0
14:56:19	1851.0000	756.0000	0
14:56:19	1917.0000	755.0000	0
14:56:19	1974.0000	759.0000	0
14:56:19	2085.0000	752.0000	0
14:56:19	2061.0000	762.0000	0
14:56:19	2100.0000	771.0000	0
14:56:19	2058.0000	765.0000	0
14:56:19	2096.0000	784.0000	0
14:56:19	2096.0000	785.0000	0
14:56:19	1806.0000	761.0000	0
14:56:19	1774.0000	752.0000	0
14:56:19	1730.0000	746.0000	0
14:56:19	1693.0000	732.0000	0
14:56:19	1651.0000	715.0000	0
14:56:19	1619.0000	711.0000	0
14:56:19	1318.0000	687.0000	0
14:56:19	1281.0000	659.0000	0
14:56:19	1246.0000	640.0000	0
14:56:19	1216.0000	621.0000	0
14:56:19	1194.0000	605.0000	0
14:56:19	1205.0000	583.0000	0
14:56:19	2128.0000	656.0000	0
14:56:19	2165.0000	673.0000	0
14:56:19	2161.0000	703.0000	0
14:56:19	2144.0000	714.0000	0
14:56:19	2128.0000	726.0000	0
14:56:19	2098.0000	741.0000	0
14:56:19	2609.0000	769.0000	0
14:56:19	2763.0000	816.0000	0
14:56:19	2883.0000	851.0000	0
14:56:19	2906.0000	888.0000	6
14:56:19	2845.0000	912.0000	14
14:56:19	2832.0000	947.0000	16
14:56:19	2389.0000	917.0000	0
14:56:19	2341.0000	922.0000	4
14:56:19	2295.0000	924.0000	10
14:56:19	2233.0000	911.0000	11
14:56:19	2185.0000	908.0000	13
14:56:19	2158.0000	905.0000	16
14:56:19	1754.0000	855.0000	0
14:56:19	1697.0000	838.0000	0
14:56:19	1712.0000	805.0000	0
14:56:19	1862.0000	805.0000	0
14:56:19	2176.0000	816.0000	0
14:56:19	2473.0000	827.0000	0
14:56:19	3697.0000	894.0000	0
14:56:19	3665.0000	954.0000	1
14:56:19	3627.0000	999.0000	12
14:56:19	3705.0000	1062.0000	16
14:56:19	3728.0000	1119.0000	14
14:56:19	3699.0000	1157.0000	16
14:56:19	3708.0000	1152.0000	0
14:56:19	3703.0000	1203.0000	16
14:56:19	3712.0000	1222.0000	19
14:56:19	3709.0000	1246.0000	27
14:56:19	3696.0000	1256.0000	32
14:56:19	3726.0000	1301.0000	34
14:56:19	3713.0000	1293.0000	3
14:56:19	3686.0000	1302.0000	10
14:56:19	3692.0000	1328.0000	29
14:56:19	3707.0000	1333.0000	39
14:56:19	3713.0000	1368.0000	32
14:56:19	3114.0000	1310.0000	4
14:56:19	2983.0000	1300.0000	14
14:56:19	2868.0000	1286.0000	16
14:56:19	2766.0000	1264.0000	34
14:56:19	2677.0000	1249.0000	29
14:56:19	2591.0000	1233.0000	29
14:56:19	2054.0000	1159.0000	0
14:56:19	1995.0000	1117.0000	11
14:56:19	1935.0000	1072.0000	16
14:56:19	1971.0000	1047.0000	7
14:56:19	2345.0000	1049.0000	14
14:56:19	2657.0000	1048.0000	19
14:56:19	3715.0000	1083.0000	0
14:56:19	3696.0000	1115.0000	16
14:56:19	3694.0000	1149.0000	29
14:56:19	3545.0000	1179.0000	41
14:56:19	3427.0000	1200.0000	28
14:56:19	2752.0000	1182.0000	0
14:56:19	2673.0000	1165.0000	10
14:56:20	2607.0000	1152.0000	13
14:56:20	2526.0000	1145.0000	16
14:56:20	2451.0000	1129.0000	16
14:56:20	2385.0000	1117.0000	16
14:56:20	1918.0000	1045.0000	0
14:56:20	1862.0000	1009.0000	0
14:56:20	1802.0000	976.0000	1
14:56:20	1744.0000	938.0000	2
14:56:20	1700.0000	919.0000	0
14:56:20	1647.0000	891.0000	0
14:56:20	1307.0000	816.0000	0
14:56:20	1264.0000	775.0000	0
14:56:20	1221.0000	737.0000	0
14:56:20	1183.0000	705.0000	0
14:56:20	1167.0000	675.0000	0
14:56:20	1110.0000	656.0000	0
14:56:20	895.0000	624.0000	0
14:56:20	877.0000	592.0000	0
14:56:20	874.0000	566.0000	0
14:56:20	831.0000	549.0000	0
14:56:20	815.0000	511.0000	0
14:56:20	791.0000	496.0000	0
14:56:20	661.0000	529.0000	0
14:56:20	653.0000	496.0000	0
14:56:20	634.0000	475.0000	0
14:56:20	619.0000	454.0000	0
14:56:20	601.0000	441.0000	0
14:56:20	597.0000	427.0000	0
14:56:20	542.0000	489.0000	0
14:56:20	532.0000	453.0000	0
14:56:20	510.0000	427.0000	0
14:56:20	494.0000	407.0000	0
14:56:20	490.0000	403.0000	0
14:56:20	479.0000	387.0000	0
14:56:20	403.0000	453.0000	0
14:56:20	400.0000	430.0000	0
14:56:20	391.0000	406.0000	0
14:56:20	384.0000	390.0000	0
14:56:20	373.0000	368.0000	0
14:56:20	370.0000	367.0000	0
14:56:20	383.0000	350.0000	0
14:56:20	883.0000	463.0000	0
14:56:20	955.0000	459.0000	0
14:56:20	1023.0000	461.0000	0
14:56:20	1091.0000	464.0000	0
14:56:20	1137.0000	464.0000	0
14:56:20	1162.0000	471.0000	0
14:56:20	1071.0000	528.0000	0
14:56:20	1088.0000	525.0000	0
14:56:20	1183.0000	506.0000	0
14:56:20	1248.0000	511.0000	0
14:56:20	1337.0000	528.0000	0
14:56:20	1328.0000	511.0000	0
14:56:20	1535.0000	589.0000	0
14:56:20	1501.0000	581.0000	0
14:56:20	1466.0000	575.0000	0
14:56:20	1418.0000	580.0000	0
14:56:20	1372.0000	576.0000	0
14:56:20	1331.0000	575.0000	0
14:56:20	1136.0000	587.0000	0
14:56:20	1125.0000	575.0000	0
14:56:20	1082.0000	554.0000	0
14:56:20	1051.0000	550.0000	0
14:56:20	1017.0000	511.0000	0
14:56:20	985.0000	511.0000	0
14:56:20	802.0000	546.0000	0
14:56:20	780.0000	501.0000	0
14:56:20	774.0000	496.0000	0
14:56:20	831.0000	478.0000	0
14:56:20	992.0000	485.0000	0
14:56:20	1068.0000	464.0000	0
14:56:20	1478.0000	551.0000	0
14:56:20	1535.0000	561.0000	0
14:56:20	1535.0000	562.0000	0
14:56:20	1630.0000	590.0000	0
14:56:20	1718.0000	595.0000	0
14:56:20	1780.0000	610.0000	0
14:56:20	1772.0000	635.0000	0
14:56:20	1744.0000	640.0000	0
14:56:20	1731.0000	653.0000	0
14:56:20	1705.0000	642.0000	0
14:56:20	1685.0000	656.0000	0
14:56:20	1662.0000	651.0000	0
14:56:20	1427.0000	645.0000	0
14:56:20	1392.0000	629.0000	0
14:56:20	1358.0000	622.0000	0
14:56:20	1319.0000	605.0000	0
14:56:20	1287.0000	597.0000	0
14:56:20	1255.0000	589.0000	0
14:56:20	995.0000	589.0000	0
14:56:20	964.0000	562.0000	0
14:56:20	941.0000	543.0000	0
14:56:20	913.0000	527.0000	0
14:56:20	891.0000	509.0000	0
14:56:20	871.0000	495.0000	0
14:56:20	716.0000	511.0000	0
14:56:20	699.0000	498.0000	0
14:56:20	680.0000	479.0000	0
14:56:20	676.0000	462.0000	0
14:56:20	698.0000	447.0000	0
14:56:20	704.0000	438.0000	0
14:56:20	711.0000	493.0000	0
14:56:20	696.0000	471.0000	0
14:56:20	678.0000	455.0000	0
14:56:20	658.0000	443.0000	0
14:56:20	642.0000	419.0000	0
14:56:20	643.0000	419.0000	0
14:56:20	699.0000	480.0000	0
14:56:20	692.0000	466.0000	0
14:56:20	674.0000	449.0000	0
14:56:20	678.0000	434.0000	0
14:56:20	660.0000	423.0000	0
14:56:20	642.0000	406.0000	0
14:56:20	627.0000	403.0000	0
14:56:20	542.0000	465.0000	0
14:56:20	530.0000	443.0000	0
14:56:20	523.0000	432.0000	0
14:56:20	498.0000	407.0000	0
14:56:20	493.0000	397.0000	0
14:56:20	475.0000	382.0000	0
14:56:20	404.0000	455.0000	0
14:56:20	394.0000	427.0000	0
14:56:20	386.0000	403.0000	0
14:56:20	378.0000	385.0000	0
14:56:20	369.0000	368.0000	0
14:56:20	366.0000	359.0000	0
14:56:20	331.0000	434.0000	0
14:56:20	329.0000	416.0000	0
14:56:20	322.0000	381.0000	0
14:56:20	317.0000	374.0000	0
14:56:20	310.0000	357.0000	0
14:56:20	307.0000	351.0000	0
14:56:20	304.0000	336.0000	0
14:56:20	288.0000	428.0000	0
14:56:20	286.0000	399.0000	0
14:56:20	283.0000	380.0000	0
14:56:20	285.0000	353.0000	0
14:56:20	275.0000	350.0000	0
14:56:20	279.0000	336.0000	0
14:56:20	263.0000	421.0000	0
14:56:20	262.0000	398.0000	0
14:56:20	262.0000	370.0000	0
14:56:20	256.0000	355.0000	0
14:56:20	253.0000	336.0000	0
14:56:20	255.0000	332.0000	0
14:56:20	276.0000	423.0000	0
14:56:20	279.0000	399.0000	0
14:56:20	278.0000	367.0000	0
14:56:20	278.0000	355.0000	0
14:56:20	274.0000	347.0000	0
14:56:20	277.0000	325.0000	0
14:56:20	290.0000	430.0000	0
14:56:20	287.0000	397.0000	0
14:56:20	291.0000	375.0000	0
14:56:20	290.0000	358.0000	0
14:56:20	292.0000	344.0000	0
14:56:20	294.0000	336.0000	0
14:56:20	293.0000	321.0000	0
14:56:20	320.0000	423.0000	0
14:56:20	316.0000	399.0000	0
14:56:20	317.0000	379.0000	0
14:56:20	319.0000	361.0000	0
14:56:20	320.0000	350.0000	0
14:56:20	323.0000	342.0000	0
14:56:20	346.0000	430.0000	0
14:56:20	354.0000	411.0000	0
14:56:20	345.0000	385.0000	0
14:56:20	350.0000	374.0000	0
14:56:20	347.0000	359.0000	0
14:56:20	359.0000	354.0000	0
14:56:20	368.0000	432.0000	0
14:56:20	368.0000	407.0000	0
14:56:20	368.0000	390.0000	0
14:56:20	357.0000	373.0000	0
14:56:20	364.0000	362.0000	0
14:56:20	368.0000	353.0000	0
14:56:20	366.0000	429.0000	0
14:56:20	371.0000	404.0000	0
14:56:20	368.0000	391.0000	0
14:56:20	359.0000	364.0000	0
14:56:20	362.0000	368.0000	0
14:56:20	351.0000	347.0000	0
14:56:20	353.0000	334.0000	0
14:56:20	336.0000	434.0000	0
14:56:20	336.0000	400.0000	0
14:56:20	333.0000	385.0000	0
14:56:20	329.0000	366.0000	0
14:56:20	325.0000	351.0000	0
14:56:20	326.0000	343.0000	0
14:56:20	313.0000	431.0000	0
14:56:20	309.0000	409.0000	0
14:56:20	304.0000	380.0000	0
14:56:20	302.0000	366.0000	0
14:56:20	303.0000	345.0000	0
14:56:20	290.0000	342.0000	0
14:56:20	294.0000	426.0000	0
14:56:20	289.0000	400.0000	0
14:56:20	289.0000	377.0000	0
14:56:20	288.0000	362.0000	0
14:56:20	282.0000	346.0000	0
14:56:20	282.0000	336.0000	0
14:56:20	278.0000	333.0000	0
14:56:20	272.0000	418.0000	0
14:56:20	272.0000	397.0000	0
14:56:20	272.0000	379.0000	0
14:56:20	267.0000	357.0000	0
14:56:20	272.0000	347.0000	0
14:56:20	267.0000	336.0000	0
14:56:20	267.0000	422.0000	0
14:56:20	267.0000	395.0000	0
14:56:20	266.0000	374.0000	0
14:56:20	263.0000	357.0000	0
14:56:20	256.0000	340.0000	0
14:56:20	259.0000	330.0000	0
14:56:20	273.0000	419.0000	0
14:56:20	272.0000	390.0000	0
14:56:20	269.0000	369.0000	0
14:56:20	257.0000	348.0000	0
14:56:20	270.0000	335.0000	0
14:56:20	266.0000	337.0000	0
14:56:20	272.0000	416.0000	0
14:56:20	272.0000	391.0000	0
14:56:20	281.0000	370.0000	0
14:56:20	272.0000	354.0000	0
14:56:20	265.0000	335.0000	0
14:56:20	272.0000	334.0000	0
14:56:20	270.0000	320.0000	0
14:56:21	272.0000	415.0000	0
14:56:21	272.0000	388.0000	0
14:56:21	272.0000	368.0000	0
14:56:21	272.0000	353.0000	0
14:56:21	260.0000	334.0000	0
14:56:21	269.0000	331.0000	0
14:56:21	272.0000	420.0000	0
14:56:21	272.0000	396.0000	0
14:56:21	266.0000	367.0000	0
14:56:21	261.0000	354.0000	0
14:56:21	265.0000	338.0000	0
14:56:21	261.0000	321.0000	0
14:56:21	272.0000	427.0000	0
14:56:21	261.0000	392.0000	0
14:56:21	256.0000	370.0000	0
14:56:21	256.0000	355.0000	0
14:56:21	258.0000	342.0000	0
14:56:21	256.0000	331.0000	0
14:56:21	246.0000	427.0000	0
14:56:21	249.0000	397.0000	0
14:56:21	255.0000	369.0000	0
14:56:21	246.0000	352.0000	0
14:56:21	241.0000	331.0000	0
14:56:21	245.0000	335.0000	0
14:56:21	240.0000	419.0000	0
14:56:21	240.0000	393.0000	0
14:56:21	239.0000	370.0000	0
14:56:21	238.0000	351.0000	0
14:56:21	236.0000	336.0000	0
14:56:21	237.0000	327.0000	0
14:56:21	229.0000	417.0000	0
14:56:21	227.0000	388.0000	0
14:56:21	228.0000	368.0000	0
14:56:21	227.0000	350.0000	0
14:56:21	225.0000	336.0000	0
14:56:21	218.0000	323.0000	0
14:56:21	222.0000	414.0000	0
14:56:21	227.0000	389.0000	0
14:56:21	227.0000	368.0000	0
14:56:21	221.0000	349.0000	0
14:56:21	178.0000	602.0000	0
14:56:21	177.0000	542.0000	0
14:56:21	182.0000	482.0000	0
14:56:21	187.0000	446.0000	0
14:56:21	199.0000	406.0000	0
14:56:21	205.0000	464.0000	0
14:56:21	202.0000	421.0000	0
14:56:21	199.0000	390.0000	0
14:56:21	195.0000	363.0000	0
14:56:21	197.0000	348.0000	0
14:56:21	193.0000	334.0000	0
14:56:21	189.0000	310.0000	0
14:56:21	259.0000	425.0000	0
14:56:21	252.0000	391.0000	0
14:56:21	257.0000	369.0000	0
14:56:21	272.0000	352.0000	0
14:56:21	302.0000	347.0000	0
14:56:21	334.0000	336.0000	0
14:56:21	359.0000	431.0000	0
14:56:21	368.0000	410.0000	0
14:56:21	352.0000	386.0000	0
14:56:21	351.0000	368.0000	0
14:56:21	346.0000	358.0000	0
14:56:21	341.0000	343.0000	0
14:56:21	357.0000	434.0000	0
14:56:21	352.0000	404.0000	0
14:56:21	351.0000	395.0000	0
14:56:21	336.0000	368.0000	0
14:56:21	333.0000	363.0000	0
14:56:21	325.0000	347.0000	0
14:56:21	289.0000	432.0000	0
14:56:21	290.0000	400.0000	0
14:56:21	284.0000	378.0000	0
14:56:21	289.0000	368.0000	0
14:56:21	275.0000	345.0000	0
14:56:21	288.0000	336.0000	0
14:56:21	286.0000	323.0000	0
14:56:21	310.0000	423.0000	0
14:56:21	358.0000	405.0000	0
14:56:21	368.0000	370.0000	0
14:56:21	373.0000	374.0000	0
14:56:21	388.0000	358.0000	0
14:56:21	377.0000	342.0000	0
14:56:21	411.0000	441.0000	0
14:56:21	422.0000	414.0000	0
14:56:21	464.0000	400.0000	0
14:56:21	491.0000	382.0000	0
14:56:21	492.0000	373.0000	0
14:56:21	497.0000	368.0000	0
14:56:21	511.0000	450.0000	0
14:56:21	565.0000	439.0000	0
14:56:21	560.0000	415.0000	0
14:56:21	589.0000	397.0000	0
14:56:21	599.0000	399.0000	0
14:56:21	595.0000	388.0000	0
14:56:21	583.0000	384.0000	0
14:56:21	560.0000	456.0000	0
14:56:21	563.0000	442.0000	0
14:56:21	577.0000	418.0000	0
14:56:21	575.0000	406.0000	0
14:56:21	572.0000	400.0000	0
14:56:21	595.0000	398.0000	0
14:56:21	622.0000	464.0000	0
14:56:21	607.0000	434.0000	0
14:56:21	607.0000	435.0000	0
14:56:21	640.0000	417.0000	0
14:56:21	693.0000	400.0000	0
14:56:21	767.0000	410.0000	0
14:56:21	909.0000	485.0000	0
14:56:21	891.0000	470.0000	0
14:56:21	886.0000	464.0000	0
14:56:21	894.0000	455.0000	0
14:56:21	887.0000	451.0000	0
14:56:21	866.0000	444.0000	0
14:56:21	779.0000	498.0000	0
14:56:21	785.0000	478.0000	0
14:56:21	781.0000	471.0000	0
14:56:21	755.0000	445.0000	0
14:56:21	746.0000	438.0000	0
14:56:21	758.0000	433.0000	0
14:56:21	746.0000	418.0000	0
14:56:21	698.0000	487.0000	0
14:56:21	669.0000	455.0000	0
14:56:21	687.0000	438.0000	0
14:56:21	713.0000	437.0000	0
14:56:21	717.0000	429.0000	0
14:56:21	741.0000	422.0000	0
14:56:21	802.0000	486.0000	0
14:56:21	834.0000	478.0000	0
14:56:21	811.0000	460.0000	0
14:56:21	806.0000	439.0000	0
14:56:21	848.0000	448.0000	0
14:56:21	828.0000	434.0000	0
14:56:21	961.0000	499.0000	0
14:56:21	976.0000	494.0000	0
14:56:21	1007.0000	490.0000	0
14:56:21	1057.0000	481.0000	0
14:56:21	1069.0000	469.0000	0
14:56:21	1059.0000	486.0000	0
14:56:21	1171.0000	534.0000	0
14:56:21	1205.0000	524.0000	0
14:56:21	1194.0000	526.0000	0
14:56:21	1249.0000	529.0000	0
14:56:21	1339.0000	530.0000	0
14:56:21	1348.0000	528.0000	0
14:56:21	1455.0000	577.0000	0
14:56:21	1523.0000	577.0000	0
14:56:21	1589.0000	585.0000	0
14:56:21	1603.0000	592.0000	0
14:56:21	1582.0000	593.0000	0
14:56:21	1535.0000	599.0000	0
14:56:21	1761.0000	623.0000	0
14:56:21	1759.0000	633.0000	0
14:56:21	1742.0000	640.0000	0
14:56:21	1787.0000	640.0000	0
14:56:21	1860.0000	658.0000	0
14:56:21	1927.0000	670.0000	0
14:56:21	2093.0000	690.0000	0
14:56:21	2282.0000	714.0000	0
14:56:21	2379.0000	743.0000	0
14:56:21	2330.0000	766.0000	0
14:56:21	2358.0000	778.0000	0
14:56:21	2451.0000	816.0000	0
14:56:21	2559.0000	810.0000	0
14:56:21	2529.0000	831.0000	0
14:56:21	2542.0000	846.0000	2
14:56:21	2794.0000	885.0000	1
14:56:21	3101.0000	923.0000	4
14:56:21	3126.0000	959.0000	16
14:56:21	3117.0000	963.0000	0
14:56:21	3094.0000	997.0000	7
14:56:21	3057.0000	1027.0000	12
14:56:21	2979.0000	1046.0000	22
14:56:21	2874.0000	1069.0000	26
14:56:21	2833.0000	1081.0000	11
14:56:21	2530.0000	1045.0000	0
14:56:21	2464.0000	1044.0000	4
14:56:21	2457.0000	1034.0000	14
14:56:21	2411.0000	1030.0000	7
14:56:21	2337.0000	1033.0000	16
14:56:21	2331.0000	1025.0000	11
14:56:21	2629.0000	991.0000	0
14:56:21	2736.0000	1013.0000	6
14:56:21	2707.0000	1017.0000	5
14:56:21	2652.0000	1032.0000	7
14:56:21	2665.0000	1041.0000	10
14:56:21	2725.0000	1054.0000	16
14:56:21	2757.0000	1037.0000	0
14:56:21	2838.0000	1049.0000	5
14:56:21	2901.0000	1070.0000	11
14:56:21	2862.0000	1081.0000	16
14:56:21	2931.0000	1094.0000	5
14:56:21	2858.0000	1074.0000	0
14:56:21	2923.0000	1090.0000	5
14:56:21	2999.0000	1107.0000	5
14:56:21	3014.0000	1106.0000	16
14:56:21	3231.0000	1156.0000	16
14:56:21	3343.0000	1176.0000	19
14:56:21	3537.0000	1171.0000	0
14:56:21	3702.0000	1204.0000	15
14:56:21	3696.0000	1231.0000	23
14:56:21	3742.0000	1252.0000	18
14:56:21	3690.0000	1293.0000	33
14:56:21	3698.0000	1310.0000	34
14:56:21	3718.0000	1299.0000	0
14:56:21	3731.0000	1308.0000	17
14:56:21	3715.0000	1323.0000	26
14:56:21	3712.0000	1338.0000	37
14:56:21	3696.0000	1350.0000	30
14:56:21	3728.0000	1340.0000	0
14:56:21	3707.0000	1348.0000	21
14:56:21	3707.0000	1354.0000	32
14:56:21	3700.0000	1367.0000	38
14:56:21	3710.0000	1385.0000	37
14:56:21	3710.0000	1395.0000	48
14:56:21	3712.0000	1376.0000	4
14:56:21	3719.0000	1372.0000	19
14:56:21	3705.0000	1384.0000	33
14:56:21	3696.0000	1395.0000	37
14:56:21	3703.0000	1403.0000	48
14:56:21	3714.0000	1411.0000	43
14:56:21	3717.0000	1406.0000	0
14:56:21	3722.0000	1398.0000	29
14:56:21	3721.0000	1395.0000	33
14:56:21	3709.0000	1407.0000	41
14:56:21	3687.0000	1409.0000	33
14:56:21	3706.0000	1398.0000	2
14:56:21	3705.0000	1394.0000	29
14:56:21	3705.0000	1398.0000	26
14:56:21	3697.0000	1403.0000	39
14:56:21	3705.0000	1416.0000	43
14:56:21	3705.0000	1427.0000	42
14:56:21	3703.0000	1408.0000	2
14:56:21	3711.0000	1403.0000	23
14:56:21	3696.0000	1410.0000	35
14:56:21	3683.0000	1399.0000	48
14:56:21	3706.0000	1417.0000	59
14:56:21	3712.0000	1418.0000	52
14:56:21	3714.0000	1413.0000	8
14:56:21	3711.0000	1412.0000	30
14:56:21	3712.0000	1411.0000	35
14:56:21	3717.0000	1418.0000	51
14:56:21	3701.0000	1441.0000	45
14:56:21	3727.0000	1420.0000	2
14:56:22	3701.0000	1395.0000	25
14:56:22	3712.0000	1412.0000	35
14:56:22	3713.0000	1410.0000	51
14:56:22	3707.0000	1422.0000	48
14:56:22	3697.0000	1422.0000	59
14:56:22	3727.0000	1416.0000	4
14:56:22	3718.0000	1398.0000	31
14:56:22	3713.0000	1402.0000	48
14:56:22	3714.0000	1412.0000	49
14:56:22	3714.0000	1409.0000	63
14:56:22	3714.0000	1430.0000	59
14:56:22	3699.0000	1408.0000	0
14:56:22	3718.0000	1414.0000	30
14:56:22	3718.0000	1405.0000	39
14:56:22	3714.0000	1415.0000	46
14:56:22	3716.0000	1425.0000	48
14:56:22	3722.0000	1407.0000	2
14:56:22	3714.0000	1398.0000	25
14:56:22	3721.0000	1400.0000	44
14:56:22	3713.0000	1407.0000	52
14:56:22	3719.0000	1424.0000	48
14:56:22	3728.0000	1431.0000	46
14:56:22	3713.0000	1410.0000	16
14:56:22	3718.0000	1398.0000	41
14:56:22	3713.0000	1404.0000	50
14:56:22	3701.0000	1411.0000	51
14:56:22	3727.0000	1431.0000	53
14:56:22	3728.0000	1427.0000	55
14:56:22	3707.0000	1415.0000	0
14:56:22	3722.0000	1412.0000	26
14:56:22	3718.0000	1415.0000	36
14:56:22	3730.0000	1436.0000	31
14:56:22	3719.0000	1425.0000	45
14:56:22	3719.0000	1410.0000	6
14:56:22	3747.0000	1402.0000	27
14:56:22	3702.0000	1412.0000	25
14:56:22	3728.0000	1418.0000	41
14:56:22	3741.0000	1425.0000	42
14:56:22	3726.0000	1437.0000	32
14:56:22	3714.0000	1419.0000	12
14:56:22	3731.0000	1407.0000	28
14:56:22	3714.0000	1412.0000	36
14:56:22	3712.0000	1416.0000	41
14:56:22	3727.0000	1426.0000	47
14:56:22	3712.0000	1439.0000	46
14:56:22	3724.0000	1418.0000	5
14:56:22	3731.0000	1421.0000	22
14:56:22	3723.0000	1418.0000	37
14:56:22	3699.0000	1424.0000	37
14:56:22	3696.0000	1429.0000	45
14:56:22	3731.0000	1420.0000	2
14:56:22	3717.0000	1414.0000	19
14:56:22	3718.0000	1423.0000	31
14:56:22	3728.0000	1427.0000	34
14:56:22	3699.0000	1434.0000	39
14:56:22	3703.0000	1441.0000	31
14:56:22	3728.0000	1424.0000	3
14:56:22	3721.0000	1405.0000	27
14:56:22	3710.0000	1412.0000	29
14:56:22	3727.0000	1420.0000	41
14:56:22	3715.0000	1431.0000	43
14:56:22	3716.0000	1432.0000	49
14:56:22	3726.0000	1419.0000	3
14:56:22	3717.0000	1411.0000	27
14:56:22	3715.0000	1418.0000	41
14:56:22	3703.0000	1428.0000	34
14:56:22	3729.0000	1428.0000	50
14:56:22	3724.0000	1416.0000	4
14:56:22	3713.0000	1408.0000	23
14:56:22	3699.0000	1416.0000	35
14:56:22	3712.0000	1418.0000	42
14:56:22	3712.0000	1430.0000	42
14:56:22	3723.0000	1433.0000	46
14:56:22	3721.0000	1417.0000	3
14:56:22	3714.0000	1415.0000	26
14:56:22	3717.0000	1416.0000	34
14:56:22	3728.0000	1414.0000	48
14:56:22	3728.0000	1427.0000	41
14:56:22	3722.0000	1438.0000	46
14:56:22	3722.0000	1421.0000	11
14:56:22	3715.0000	1413.0000	23
14:56:22	3717.0000	1418.0000	44
14:56:22	3698.0000	1427.0000	32
14:56:22	3715.0000	1438.0000	44
14:56:22	3718.0000	1409.0000	7
14:56:22	3696.0000	1395.0000	24
14:56:22	3725.0000	1418.0000	43
14:56:22	3715.0000	1416.0000	43
14:56:22	3715.0000	1423.0000	48
14:56:22	3698.0000	1437.0000	35
14:56:22	3717.0000	1417.0000	2
14:56:22	3705.0000	1417.0000	26
14:56:22	3714.0000	1412.0000	35
14:56:22	3717.0000	1415.0000	54
14:56:22	3722.0000	1431.0000	43
14:56:22	3729.0000	1438.0000	35
14:56:22	3726.0000	1419.0000	12
14:56:22	3725.0000	1413.0000	23
14:56:22	3719.0000	1418.0000	39
14:56:22	3726.0000	1431.0000	39
14:56:22	3729.0000	1439.0000	43
14:56:22	3719.0000	1414.0000	3
14:56:22	3718.0000	1403.0000	28
14:56:22	3728.0000	1401.0000	41
14:56:22	3718.0000	1411.0000	43
14:56:22	3728.0000	1436.0000	34
14:56:22	3703.0000	1434.0000	49
14:56:22	3728.0000	1414.0000	3
14:56:22	3707.0000	1407.0000	23
14:56:22	3703.0000	1414.0000	22
14:56:22	3728.0000	1426.0000	39
14:56:22	3719.0000	1426.0000	43
14:56:22	3723.0000	1436.0000	47
14:56:22	3739.0000	1420.0000	1
14:56:22	3722.0000	1403.0000	27
14:56:22	3725.0000	1414.0000	43
14:56:22	3705.0000	1425.0000	47
14:56:22	3729.0000	1427.0000	42
14:56:22	3726.0000	1417.0000	7
14:56:22	3706.0000	1406.0000	16
14:56:22	3733.0000	1415.0000	32
14:56:22	3737.0000	1418.0000	36
14:56:22	3705.0000	1426.0000	32
14:56:22	3696.0000	1438.0000	31
14:56:22	3725.0000	1419.0000	3
14:56:22	3725.0000	1410.0000	22
14:56:22	3697.0000	1396.0000	38
14:56:22	3715.0000	1416.0000	42
14:56:22	3709.0000	1425.0000	55
14:56:22	3728.0000	1422.0000	53
14:56:22	3728.0000	1416.0000	1
14:56:22	3696.0000	1410.0000	25
14:56:22	3723.0000	1414.0000	37
14:56:22	3727.0000	1421.0000	48
14:56:22	3719.0000	1439.0000	46
14:56:22	3719.0000	1414.0000	4
14:56:22	3698.0000	1409.0000	28
14:56:22	3733.0000	1411.0000	32
14:56:22	3723.0000	1416.0000	39
14:56:22	3717.0000	1427.0000	42
14:56:22	3717.0000	1438.0000	48
14:56:22	3726.0000	1418.0000	5
14:56:22	3725.0000	1410.0000	16
14:56:22	3715.0000	1421.0000	27
14:56:22	3725.0000	1423.0000	38
14:56:22	3723.0000	1432.0000	34
14:56:22	3722.0000	1442.0000	48
14:56:22	3729.0000	1424.0000	2
14:56:22	3724.0000	1411.0000	26
14:56:22	3722.0000	1413.0000	38
14:56:22	3718.0000	1420.0000	48
14:56:22	3729.0000	1435.0000	47
14:56:22	3723.0000	1422.0000	1
14:56:22	3717.0000	1412.0000	24
14:56:22	3715.0000	1413.0000	35
14:56:22	3722.0000	1420.0000	48
14:56:22	3702.0000	1434.0000	29
14:56:22	3722.0000	1437.0000	48
14:56:22	3728.0000	1414.0000	10
14:56:22	3706.0000	1412.0000	19
14:56:22	3721.0000	1419.0000	37
14:56:22	3719.0000	1414.0000	48
14:56:22	3728.0000	1426.0000	55
14:56:22	3702.0000	1437.0000	43
14:56:22	3713.0000	1424.0000	0
14:56:22	3723.0000	1419.0000	16
14:56:22	3722.0000	1414.0000	39
14:56:22	3724.0000	1419.0000	46
14:56:22	3723.0000	1431.0000	45
14:56:22	3705.0000	1417.0000	0
14:56:22	3715.0000	1413.0000	21
14:56:22	3722.0000	1419.0000	33
14:56:22	3718.0000	1414.0000	48
14:56:22	3706.0000	1423.0000	31
14:56:22	3719.0000	1443.0000	48
14:56:22	3727.0000	1424.0000	5
14:56:22	3715.0000	1417.0000	25
14:56:22	3718.0000	1411.0000	48
14:56:22	3721.0000	1422.0000	48
14:56:22	3723.0000	1424.0000	58
14:56:22	3705.0000	1434.0000	43
14:56:22	3727.0000	1418.0000	5
14:56:22	3715.0000	1408.0000	32
14:56:22	3721.0000	1413.0000	34
14:56:22	3749.0000	1421.0000	48
14:56:22	3719.0000	1433.0000	48
14:56:22	3739.0000	1408.0000	0
14:56:22	3706.0000	1391.0000	23
14:56:22	3721.0000	1418.0000	30
14:56:22	3753.0000	1426.0000	41
14:56:22	3698.0000	1437.0000	27
14:56:22	3723.0000	1435.0000	47
14:56:22	3725.0000	1422.0000	4
14:56:22	3738.0000	1419.0000	31
14:56:22	3727.0000	1422.0000	44
14:56:22	3737.0000	1423.0000	39
14:56:22	3722.0000	1432.0000	48
14:56:22	3728.0000	1440.0000	46
14:56:22	3726.0000	1426.0000	3
14:56:22	3719.0000	1415.0000	25
14:56:22	3721.0000	1416.0000	38
14:56:22	3728.0000	1428.0000	48
14:56:22	3714.0000	1434.0000	43
14:56:22	3722.0000	1420.0000	3
14:56:22	3706.0000	1404.0000	21
14:56:22	3718.0000	1409.0000	46
14:56:22	3717.0000	1408.0000	58
14:56:22	3699.0000	1424.0000	37
14:56:22	3729.0000	1440.0000	47
14:56:22	3725.0000	1416.0000	10
14:56:22	3721.0000	1413.0000	23
14:56:22	3715.0000	1415.0000	42
14:56:22	3715.0000	1425.0000	43
14:56:22	3723.0000	1433.0000	42
14:56:22	3703.0000	1438.0000	43
14:56:22	3723.0000	1420.0000	4
14:56:22	3717.0000	1419.0000	25
14:56:22	3719.0000	1417.0000	37
14:56:22	3738.0000	1432.0000	38
14:56:22	3717.0000	1430.0000	43
14:56:22	3708.0000	1409.0000	0
14:56:22	3733.0000	1397.0000	32
14:56:22	3727.0000	1414.0000	37
14:56:22	3731.0000	1423.0000	32
14:56:22	3705.0000	1429.0000	30
14:56:22	3729.0000	1444.0000	44
14:56:22	3723.0000	1418.0000	1
14:56:22	3726.0000	1407.0000	26
14:56:22	3719.0000	1410.0000	45
14:56:22	3722.0000	1420.0000	45
14:56:22	3730.0000	1451.0000	34
14:56:22	3698.0000	1438.0000	44
14:56:22	3719.0000	1421.0000	3
14:56:22	3707.0000	1410.0000	25
14:56:22	3716.0000	1412.0000	42
14:56:22	3735.0000	1420.0000	48
14:56:22	3722.0000	1422.0000	57
14:56:22	3723.0000	1402.0000	16
14:56:22	3717.0000	1396.0000	45
14:56:22	3717.0000	1399.0000	44
14:56:23	3749.0000	1406.0000	51
14:56:23	3697.0000	1397.0000	49
14:56:23	3724.0000	1429.0000	48
14:56:23	3729.0000	1417.0000	0
14:56:23	3700.0000	1408.0000	34
14:56:23	3733.0000	1421.0000	32
14:56:23	3727.0000	1415.0000	42
14:56:23	3706.0000	1429.0000	36
14:56:23	3702.0000	1439.0000	27
14:56:23	3728.0000	1419.0000	5
14:56:23	3721.0000	1412.0000	26
14:56:23	3719.0000	1414.0000	37
14:56:23	3730.0000	1419.0000	41
14:56:23	3728.0000	1425.0000	48
14:56:23	3714.0000	1409.0000	0
14:56:23	3719.0000	1406.0000	32
14:56:23	3722.0000	1412.0000	37
14:56:23	3734.0000	1437.0000	32
14:56:23	3721.0000	1427.0000	45
14:56:23	3723.0000	1434.0000	45
14:56:23	3729.0000	1412.0000	0
14:56:23	3707.0000	1388.0000	27
14:56:23	3729.0000	1413.0000	42
14:56:23	3719.0000	1416.0000	50
14:56:23	3703.0000	1422.0000	46
14:56:23	3696.0000	1438.0000	48
14:56:23	3723.0000	1421.0000	4
14:56:23	3727.0000	1412.0000	25
14:56:23	3724.0000	1420.0000	36
14:56:23	3734.0000	1428.0000	39
14:56:23	3716.0000	1430.0000	46
14:56:23	3725.0000	1419.0000	2
14:56:23	3743.0000	1413.0000	23
14:56:23	3728.0000	1419.0000	33
14:56:23	3731.0000	1424.0000	33
14:56:23	3703.0000	1433.0000	39
14:56:23	3713.0000	1441.0000	43
14:56:23	3719.0000	1414.0000	4
14:56:23	3724.0000	1408.0000	23
14:56:23	3730.0000	1419.0000	33
14:56:23	3723.0000	1420.0000	37
14:56:23	3702.0000	1427.0000	33
14:56:23	3725.0000	1443.0000	47
14:56:23	3724.0000	1418.0000	6
14:56:23	3718.0000	1417.0000	29
14:56:23	3721.0000	1411.0000	37
14:56:23	3730.0000	1418.0000	48
14:56:23	3718.0000	1427.0000	45
14:56:23	3725.0000	1415.0000	3
14:56:23	3731.0000	1408.0000	23
14:56:23	3719.0000	1410.0000	37
14:56:23	3719.0000	1413.0000	42
14:56:23	3703.0000	1429.0000	49
14:56:23	3728.0000	1433.0000	46
14:56:23	3728.0000	1426.0000	0
14:56:23	3721.0000	1403.0000	23
14:56:23	3735.0000	1416.0000	39
14:56:23	3718.0000	1420.0000	41
14:56:23	3705.0000	1428.0000	37
14:56:23	3727.0000	1443.0000	51
14:56:23	3721.0000	1420.0000	4
14:56:23	3724.0000	1414.0000	26
14:56:23	3699.0000	1393.0000	39
14:56:23	3719.0000	1421.0000	38
14:56:23	3719.0000	1433.0000	45
14:56:23	3725.0000	1420.0000	3
14:56:23	3733.0000	1421.0000	18
14:56:23	3723.0000	1418.0000	32
14:56:23	3705.0000	1425.0000	29
14:56:23	3707.0000	1432.0000	42
14:56:23	3722.0000	1438.0000	44
14:56:23	3718.0000	1420.0000	4
14:56:23	3728.0000	1415.0000	26
14:56:23	3728.0000	1418.0000	34
14:56:23	3719.0000	1422.0000	43
14:56:23	3702.0000	1428.0000	34
14:56:23	3725.0000	1441.0000	49
14:56:23	3727.0000	1422.0000	3
14:56:23	3718.0000	1417.0000	25
14:56:23	3717.0000	1420.0000	34
14:56:23	3718.0000	1426.0000	40
14:56:23	3718.0000	1435.0000	43
14:56:23	3722.0000	1419.0000	4
14:56:23	3728.0000	1422.0000	25
14:56:23	3718.0000	1419.0000	33
14:56:23	3724.0000	1426.0000	39
14:56:23	3716.0000	1428.0000	42
14:56:23	3712.0000	1441.0000	48
14:56:23	3727.0000	1414.0000	0
14:56:23	3703.0000	1396.0000	26
14:56:23	3723.0000	1415.0000	38
14:56:23	3721.0000	1424.0000	47
14:56:23	3710.0000	1432.0000	25
14:56:23	3725.0000	1440.0000	49
14:56:23	3727.0000	1421.0000	5
14:56:23	3712.0000	1416.0000	23
14:56:23	3723.0000	1419.0000	43
14:56:23	3723.0000	1425.0000	39
14:56:23	3724.0000	1438.0000	50
14:56:23	3725.0000	1415.0000	5
14:56:23	3719.0000	1397.0000	27
14:56:23	3712.0000	1416.0000	35
14:56:23	3702.0000	1409.0000	43
14:56:23	3717.0000	1426.0000	50
14:56:23	3719.0000	1439.0000	45
14:56:23	3725.0000	1421.0000	1
14:56:23	3721.0000	1417.0000	21
14:56:23	3718.0000	1418.0000	34
14:56:23	3723.0000	1417.0000	47
14:56:23	3728.0000	1438.0000	39
14:56:23	3722.0000	1441.0000	47
14:56:23	3728.0000	1421.0000	2
14:56:23	3707.0000	1403.0000	26
14:56:23	3719.0000	1420.0000	34
14:56:23	3725.0000	1431.0000	38
14:56:23	3721.0000	1428.0000	43
14:56:23	3728.0000	1416.0000	3
14:56:23	3721.0000	1406.0000	26
14:56:23	3719.0000	1414.0000	38
14:56:23	3722.0000	1417.0000	38
14:56:23	3714.0000	1424.0000	47
14:56:23	3727.0000	1438.0000	42
14:56:23	3713.0000	1414.0000	0
14:56:23	3725.0000	1408.0000	29
14:56:23	3712.0000	1410.0000	45
14:56:23	3725.0000	1411.0000	51
14:56:23	3705.0000	1425.0000	37
14:56:23	3715.0000	1428.0000	52
14:56:23	3723.0000	1424.0000	0
14:56:23	3721.0000	1409.0000	26
14:56:23	3725.0000	1413.0000	48
14:56:23	3723.0000	1418.0000	48
14:56:23	3716.0000	1432.0000	49
14:56:23	3724.0000	1415.0000	5
14:56:23	3718.0000	1405.0000	30
14:56:23	3719.0000	1415.0000	42
14:56:23	3699.0000	1420.0000	29
14:56:23	3723.0000	1419.0000	43
14:56:23	3723.0000	1436.0000	47
14:56:23	3728.0000	1418.0000	2
14:56:23	3718.0000	1404.0000	22
14:56:23	3724.0000	1408.0000	35
14:56:23	3717.0000	1420.0000	39
14:56:23	3699.0000	1434.0000	32
14:56:23	3719.0000	1427.0000	54
14:56:23	3727.0000	1418.0000	3
14:56:23	3717.0000	1404.0000	30
14:56:23	3717.0000	1413.0000	37
14:56:23	3714.0000	1413.0000	43
14:56:23	3717.0000	1434.0000	42
14:56:23	3725.0000	1414.0000	3
14:56:23	3729.0000	1405.0000	22
14:56:23	3713.0000	1409.0000	33
14:56:23	3709.0000	1417.0000	34
14:56:23	3747.0000	1432.0000	40
14:56:23	3712.0000	1437.0000	45
14:56:23	3721.0000	1414.0000	5
14:56:23	3727.0000	1402.0000	27
14:56:23	3729.0000	1410.0000	41
14:56:23	3715.0000	1415.0000	46
14:56:23	3721.0000	1425.0000	47
14:56:23	3710.0000	1440.0000	47
14:56:23	3718.0000	1420.0000	1
14:56:23	3707.0000	1415.0000	16
14:56:23	3723.0000	1419.0000	33
14:56:23	3718.0000	1414.0000	42
14:56:23	3729.0000	1429.0000	49
14:56:23	3715.0000	1417.0000	0
14:56:23	3728.0000	1409.0000	20
14:56:23	3695.0000	1411.0000	34
14:56:23	3705.0000	1420.0000	30
14:56:23	3706.0000	1426.0000	48
14:56:23	3715.0000	1436.0000	44
14:56:23	3728.0000	1419.0000	4
14:56:23	3724.0000	1409.0000	22
14:56:23	3715.0000	1403.0000	34
14:56:23	3718.0000	1419.0000	37
14:56:23	3718.0000	1427.0000	43
14:56:23	3722.0000	1439.0000	43
14:56:23	3728.0000	1418.0000	3
14:56:23	3728.0000	1407.0000	26
14:56:23	3722.0000	1414.0000	35
14:56:23	3715.0000	1426.0000	42
14:56:23	3722.0000	1438.0000	50
14:56:23	3726.0000	1416.0000	4
14:56:23	3724.0000	1408.0000	24
14:56:23	3728.0000	1415.0000	33
14:56:23	3722.0000	1420.0000	42
14:56:23	3723.0000	1423.0000	48
14:56:23	3724.0000	1436.0000	47
14:56:23	3728.0000	1421.0000	3
14:56:23	3718.0000	1417.0000	20
14:56:23	3717.0000	1419.0000	35
14:56:23	3726.0000	1429.0000	38
14:56:23	3719.0000	1427.0000	45
14:56:23	3725.0000	1449.0000	50
14:56:23	3727.0000	1423.0000	1
14:56:23	3701.0000	1417.0000	16
14:56:23	3724.0000	1421.0000	42
14:56:23	3718.0000	1429.0000	40
14:56:23	3707.0000	1435.0000	48
14:56:23	3728.0000	1419.0000	0
14:56:23	3726.0000	1415.0000	24
14:56:23	3722.0000	1417.0000	41
14:56:23	3703.0000	1414.0000	26
14:56:23	3722.0000	1424.0000	48
14:56:23	3722.0000	1440.0000	39
14:56:23	3728.0000	1417.0000	6
14:56:23	3725.0000	1410.0000	29
14:56:23	3693.0000	1417.0000	35
14:56:23	3719.0000	1415.0000	43
14:56:23	3700.0000	1438.0000	29
14:56:23	3725.0000	1438.0000	51
14:56:23	3725.0000	1423.0000	5
14:56:23	3728.0000	1414.0000	23
14:56:23	3696.0000	1423.0000	35
14:56:23	3717.0000	1425.0000	40
14:56:23	3723.0000	1436.0000	48
14:56:23	3722.0000	1418.0000	6
14:56:23	3729.0000	1414.0000	16
14:56:23	3726.0000	1416.0000	36
14:56:23	3721.0000	1420.0000	42
14:56:23	3725.0000	1428.0000	51
14:56:23	3729.0000	1439.0000	45
14:56:23	3728.0000	1413.0000	0
14:56:23	3714.0000	1411.0000	24
14:56:23	3722.0000	1409.0000	37
14:56:23	3725.0000	1421.0000	48
14:56:23	3699.0000	1429.0000	28
14:56:23	3713.0000	1434.0000	48
14:56:23	3729.0000	1420.0000	2
14:56:23	3726.0000	1415.0000	25
14:56:23	3716.0000	1411.0000	42
14:56:23	3728.0000	1423.0000	38
14:56:23	3729.0000	1433.0000	39
14:56:23	3723.0000	1421.0000	3
14:56:23	3726.0000	1408.0000	22
14:56:23	3719.0000	1420.0000	41
14:56:23	3707.0000	1422.0000	28
14:56:23	3717.0000	1421.0000	48
14:56:23	3723.0000	1432.0000	41
14:56:23	3728.0000	1420.0000	3
14:56:23	3721.0000	1410.0000	32
14:56:23	3732.0000	1416.0000	36
14:56:23	3722.0000	1427.0000	46
14:56:23	3696.0000	1429.0000	27
14:56:23	3735.0000	1442.0000	48
14:56:23	3723.0000	1419.0000	0
14:56:23	3683.0000	1408.0000	32
14:56:23	3726.0000	1412.0000	41
14:56:23	3722.0000	1427.0000	41
14:56:23	3729.0000	1437.0000	33
14:56:23	3723.0000	1416.0000	7
14:56:23	3718.0000	1406.0000	29
14:56:23	3718.0000	1409.0000	34
14:56:23	3716.0000	1414.0000	42
14:56:23	3734.0000	1434.0000	42
14:56:23	3719.0000	1434.0000	43
14:56:23	3728.0000	1419.0000	4
14:56:23	3722.0000	1414.0000	31
14:56:23	3715.0000	1418.0000	35
14:56:23	3728.0000	1435.0000	32
14:56:23	3693.0000	1432.0000	49
14:56:23	3728.0000	1444.0000	42
14:56:23	3751.0000	1423.0000	2
14:56:23	3729.0000	1414.0000	22
14:56:23	3728.0000	1420.0000	34
14:56:23	3723.0000	1431.0000	41
14:56:23	3728.0000	1448.0000	31
14:56:23	3726.0000	1411.0000	7
14:56:23	3734.0000	1412.0000	23
14:56:23	3733.0000	1416.0000	23
14:56:23	3722.0000	1419.0000	43
14:56:23	3728.0000	1433.0000	46
14:56:23	3726.0000	1434.0000	49
14:56:23	3722.0000	1423.0000	1
14:56:23	3739.0000	1421.0000	28
14:56:23	3718.0000	1419.0000	38
14:56:23	3728.0000	1429.0000	25
14:56:23	3712.0000	1440.0000	43
14:56:23	3722.0000	1443.0000	43
14:56:23	3719.0000	1423.0000	3
14:56:23	3721.0000	1417.0000	21
14:56:23	3715.0000	1419.0000	34
14:56:23	3728.0000	1431.0000	36
14:56:23	3716.0000	1436.0000	38
14:56:23	3724.0000	1414.0000	0
14:56:24	3721.0000	1412.0000	19
14:56:24	3742.0000	1417.0000	32
14:56:24	3718.0000	1425.0000	40
14:56:24	3717.0000	1429.0000	42
14:56:24	3722.0000	1440.0000	46
14:56:24	3726.0000	1421.0000	2
14:56:24	3735.0000	1416.0000	22
14:56:24	3719.0000	1422.0000	33
14:56:24	3728.0000	1427.0000	26
14:56:24	3696.0000	1417.0000	41
14:56:24	3728.0000	1436.0000	42
14:56:24	3728.0000	1408.0000	0
14:56:24	3721.0000	1413.0000	32
14:56:24	3721.0000	1420.0000	32
14:56:24	3717.0000	1422.0000	44
14:56:24	3726.0000	1430.0000	46
14:56:24	3715.0000	1413.0000	2
14:56:24	3719.0000	1406.0000	23
14:56:24	3733.0000	1430.0000	23
14:56:24	3695.0000	1421.0000	45
14:56:24	3717.0000	1429.0000	38
14:56:24	3713.0000	1438.0000	42
14:56:24	3705.0000	1418.0000	0
14:56:24	3726.0000	1418.0000	17
14:56:24	3717.0000	1424.0000	30
14:56:24	3721.0000	1431.0000	34
14:56:24	3726.0000	1434.0000	45
14:56:24	3736.0000	1439.0000	48
14:56:24	3718.0000	1421.0000	6
14:56:24	3706.0000	1412.0000	11
14:56:24	3723.0000	1421.0000	32
14:56:24	3715.0000	1426.0000	37
14:56:24	3731.0000	1447.0000	33
14:56:24	3723.0000	1412.0000	4
14:56:24	3723.0000	1414.0000	21
14:56:24	3728.0000	1414.0000	23
14:56:24	3696.0000	1431.0000	19
14:56:24	3732.0000	1433.0000	38
14:56:24	3717.0000	1440.0000	44
14:56:24	3721.0000	1421.0000	2
14:56:24	3730.0000	1416.0000	25
14:56:24	3716.0000	1422.0000	35
14:56:24	3718.0000	1420.0000	39
14:56:24	3719.0000	1437.0000	42
14:56:24	3712.0000	1440.0000	42
14:56:24	3733.0000	1424.0000	0
14:56:24	3699.0000	1417.0000	16
14:56:24	3738.0000	1425.0000	39
14:56:24	3716.0000	1419.0000	47
14:56:24	3715.0000	1424.0000	51
14:56:24	3728.0000	1423.0000	5
14:56:24	3719.0000	1411.0000	31
14:56:24	3728.0000	1407.0000	46
14:56:24	3723.0000	1417.0000	48
14:56:24	3737.0000	1416.0000	53
14:56:24	3725.0000	1432.0000	53
14:56:24	3696.0000	1414.0000	0
14:56:24	3717.0000	1422.0000	29
14:56:24	3728.0000	1419.0000	33
14:56:24	3731.0000	1448.0000	25
14:56:24	3691.0000	1419.0000	39
14:56:24	3719.0000	1446.0000	38
14:56:24	3728.0000	1424.0000	0
14:56:24	3718.0000	1413.0000	19
14:56:24	3734.0000	1432.0000	29
14:56:24	3723.0000	1428.0000	37
14:56:24	3705.0000	1436.0000	30
14:56:24	3712.0000	1405.0000	0
14:56:24	3719.0000	1408.0000	26
14:56:24	3728.0000	1424.0000	30
14:56:24	3698.0000	1417.0000	48
14:56:24	3729.0000	1419.0000	50
14:56:24	3726.0000	1427.0000	48
14:56:24	3728.0000	1418.0000	5
14:56:24	3714.0000	1409.0000	38
14:56:24	3718.0000	1411.0000	43
14:56:24	3728.0000	1417.0000	47
14:56:24	3674.0000	1420.0000	48
14:56:24	3719.0000	1436.0000	51
14:56:24	3740.0000	1429.0000	0
14:56:24	3705.0000	1413.0000	41
14:56:24	3730.0000	1415.0000	39
14:56:24	3715.0000	1418.0000	47
14:56:24	3699.0000	1425.0000	38
14:56:24	3737.0000	1417.0000	1
14:56:24	3749.0000	1407.0000	28
14:56:24	3716.0000	1409.0000	43
14:56:24	3726.0000	1409.0000	48
14:56:24	3722.0000	1417.0000	49
14:56:24	3713.0000	1433.0000	48
14:56:24	3728.0000	1414.0000	3
14:56:24	3732.0000	1408.0000	29
14:56:24	3722.0000	1408.0000	41
14:56:24	3702.0000	1418.0000	31
14:56:24	3721.0000	1431.0000	53
14:56:24	3719.0000	1442.0000	48
14:56:24	3733.0000	1430.0000	0
14:56:24	3725.0000	1412.0000	31
14:56:24	3721.0000	1414.0000	46
14:56:24	3719.0000	1424.0000	53
14:56:24	3754.0000	1443.0000	50
14:56:24	3731.0000	1427.0000	0
14:56:24	3728.0000	1415.0000	19
14:56:24	3721.0000	1421.0000	22
14:56:24	3723.0000	1428.0000	37
14:56:24	3712.0000	1429.0000	45
14:56:24	3722.0000	1438.0000	48
14:56:24	3725.0000	1422.0000	0
14:56:24	3728.0000	1413.0000	25
14:56:24	3722.0000	1418.0000	35
14:56:24	3719.0000	1420.0000	37
14:56:24	3742.0000	1429.0000	48
14:56:24	3722.0000	1441.0000	43
14:56:24	3711.0000	1419.0000	0
14:56:24	3725.0000	1420.0000	21
14:56:24	3716.0000	1422.0000	32
14:56:24	3724.0000	1424.0000	43
14:56:24	3703.0000	1442.0000	26
14:56:24	3719.0000	1421.0000	0
14:56:24	3745.0000	1416.0000	20
14:56:24	3701.0000	1416.0000	18
14:56:24	3724.0000	1419.0000	42
14:56:24	3715.0000	1434.0000	38
14:56:24	3723.0000	1436.0000	48
14:56:24	3725.0000	1422.0000	3
14:56:24	3719.0000	1407.0000	30
14:56:24	3723.0000	1414.0000	37
14:56:24	3699.0000	1409.0000	48
14:56:24	3717.0000	1423.0000	51
14:56:24	3717.0000	1440.0000	37
14:56:24	3727.0000	1422.0000	2
14:56:24	3713.0000	1408.0000	32
14:56:24	3714.0000	1407.0000	42
14:56:24	3722.0000	1421.0000	48
14:56:24	3709.0000	1420.0000	48
14:56:24	3733.0000	1421.0000	2
14:56:24	3719.0000	1408.0000	22
14:56:24	3717.0000	1416.0000	37
14:56:24	3718.0000	1421.0000	39
14:56:24	3715.0000	1433.0000	39
14:56:24	3722.0000	1439.0000	48
14:56:24	3722.0000	1419.0000	5
14:56:24	3722.0000	1408.0000	23
14:56:24	3711.0000	1418.0000	34
14:56:24	3715.0000	1428.0000	38
14:56:24	3712.0000	1428.0000	49
14:56:24	3723.0000	1441.0000	48
14:56:24	3727.0000	1414.0000	0
14:56:24	3695.0000	1432.0000	23
14:56:24	3715.0000	1419.0000	31
14:56:24	3715.0000	1428.0000	45
14:56:24	3698.0000	1440.0000	25
14:56:24	3728.0000	1415.0000	0
14:56:24	3730.0000	1413.0000	17
14:56:24	3696.0000	1420.0000	16
14:56:24	3718.0000	1429.0000	39
14:56:24	3719.0000	1434.0000	32
14:56:24	3715.0000	1444.0000	43
14:56:24	3726.0000	1423.0000	0
14:56:24	3728.0000	1414.0000	22
14:56:24	3721.0000	1418.0000	33
14:56:24	3698.0000	1421.0000	39
14:56:24	3723.0000	1435.0000	48
14:56:24	3718.0000	1443.0000	42
14:56:24	3725.0000	1422.0000	1
14:56:24	3745.0000	1414.0000	23
14:56:24	3711.0000	1415.0000	33
14:56:24	3712.0000	1424.0000	46
14:56:24	3728.0000	1432.0000	39
14:56:24	3714.0000	1418.0000	0
14:56:24	3713.0000	1414.0000	21
14:56:24	3696.0000	1406.0000	21
14:56:24	3723.0000	1414.0000	45
14:56:24	3717.0000	1427.0000	42
14:56:24	3727.0000	1440.0000	35
14:56:24	3713.0000	1420.0000	10
14:56:24	3714.0000	1408.0000	22
14:56:24	3709.0000	1415.0000	33
14:56:24	3709.0000	1409.0000	45
14:56:24	3727.0000	1426.0000	49
14:56:24	3711.0000	1428.0000	51
14:56:24	3701.0000	1415.0000	0
14:56:24	3722.0000	1400.0000	35
14:56:24	3714.0000	1408.0000	45
14:56:24	3728.0000	1420.0000	35
14:56:24	3687.0000	1417.0000	48
14:56:24	3710.0000	1412.0000	2
14:56:24	3717.0000	1404.0000	23
14:56:24	3683.0000	1412.0000	48
14:56:24	3719.0000	1421.0000	34
14:56:24	3712.0000	1427.0000	42
14:56:24	3682.0000	1434.0000	42
14:56:24	3714.0000	1424.0000	2
14:56:24	3685.0000	1416.0000	22
14:56:24	3696.0000	1407.0000	39
14:56:24	3662.0000	1409.0000	48
14:56:24	3471.0000	1410.0000	46
14:56:24	3274.0000	1403.0000	51
14:56:24	2441.0000	1343.0000	0
14:56:24	2362.0000	1288.0000	12
14:56:24	2283.0000	1245.0000	19
14:56:24	2204.0000	1195.0000	25
14:56:24	2131.0000	1172.0000	33
14:56:24	1744.0000	1094.0000	0
14:56:24	1722.0000	1055.0000	0
14:56:24	1685.0000	1008.0000	0
14:56:24	1639.0000	969.0000	3
14:56:24	1604.0000	937.0000	1
14:56:24	1563.0000	901.0000	0
14:56:24	1234.0000	828.0000	0
14:56:24	1196.0000	781.0000	0
14:56:24	1158.0000	742.0000	0
14:56:24	1121.0000	703.0000	0
14:56:24	1086.0000	669.0000	0
14:56:24	1061.0000	641.0000	0
14:56:24	841.0000	623.0000	0
14:56:24	826.0000	592.0000	0
14:56:24	799.0000	560.0000	0
14:56:24	774.0000	535.0000	0
14:56:24	750.0000	496.0000	0
14:56:24	721.0000	485.0000	0
14:56:24	599.0000	528.0000	0
14:56:24	576.0000	488.0000	0
14:56:24	566.0000	467.0000	0
14:56:24	550.0000	439.0000	0
14:56:24	538.0000	428.0000	0
14:56:24	526.0000	413.0000	0
14:56:24	503.0000	396.0000	0
14:56:24	421.0000	464.0000	0
14:56:24	407.0000	437.0000	0
14:56:24	404.0000	413.0000	0
14:56:24	394.0000	398.0000	0
14:56:25	381.0000	373.0000	0
14:56:25	382.0000	369.0000	0
14:56:25	324.0000	446.0000	0
14:56:25	318.0000	416.0000	0
14:56:25	315.0000	385.0000	0
14:56:25	307.0000	373.0000	0
14:56:25	309.0000	362.0000	0
14:56:25	291.0000	338.0000	0
14:56:25	269.0000	436.0000	0
14:56:25	258.0000	400.0000	0
14:56:25	258.0000	379.0000	0
14:56:25	255.0000	366.0000	0
14:56:25	258.0000	343.0000	0
14:56:25	256.0000	335.0000	0
14:56:25	229.0000	427.0000	0
14:56:25	210.0000	403.0000	0
14:56:25	223.0000	368.0000	0
14:56:25	222.0000	356.0000	0
14:56:25	219.0000	336.0000	0
14:56:25	222.0000	322.0000	0
14:56:25	208.0000	421.0000	0
14:56:25	208.0000	389.0000	0
14:56:25	206.0000	368.0000	0
14:56:25	214.0000	347.0000	0
14:56:25	211.0000	338.0000	0
14:56:25	207.0000	313.0000	0
14:56:25	194.0000	414.0000	0
14:56:25	200.0000	388.0000	0
14:56:25	197.0000	357.0000	0
14:56:25	195.0000	342.0000	0
14:56:25	204.0000	331.0000	0
14:56:25	201.0000	327.0000	0
14:56:25	202.0000	417.0000	0
14:56:25	198.0000	387.0000	0
14:56:25	203.0000	365.0000	0
14:56:25	203.0000	336.0000	0
14:56:25	204.0000	331.0000	0
14:56:25	202.0000	320.0000	0
14:56:25	208.0000	314.0000	0
14:56:25	205.0000	414.0000	0
14:56:25	207.0000	384.0000	0
14:56:25	208.0000	364.0000	0
14:56:25	210.0000	345.0000	0
14:56:25	206.0000	337.0000	0
14:56:25	212.0000	320.0000	0
14:56:25	205.0000	418.0000	0
14:56:25	208.0000	384.0000	0
14:56:25	209.0000	366.0000	0
14:56:25	210.0000	350.0000	0
14:56:25	238.0000	333.0000	0
14:56:25	214.0000	325.0000	0
14:56:25	208.0000	419.0000	0
14:56:25	208.0000	386.0000	0
14:56:25	212.0000	367.0000	0
14:56:25	214.0000	352.0000	0
14:56:25	222.0000	334.0000	0
14:56:25	226.0000	321.0000	0
14:56:25	224.0000	417.0000	0
14:56:25	226.0000	393.0000	0
14:56:25	214.0000	357.0000	0
14:56:25	226.0000	351.0000	0
14:56:25	218.0000	331.0000	0
14:56:25	215.0000	323.0000	0
14:56:25	224.0000	411.0000	0
14:56:25	230.0000	394.0000	0
14:56:25	224.0000	366.0000	0
14:56:25	211.0000	337.0000	0
14:56:25	222.0000	336.0000	0
14:56:25	223.0000	322.0000	0
14:56:25	213.0000	418.0000	0
14:56:25	210.0000	393.0000	0
14:56:25	214.0000	370.0000	0
14:56:25	209.0000	345.0000	0
14:56:25	209.0000	325.0000	0
14:56:25	210.0000	322.0000	0
14:56:25	208.0000	310.0000	0
14:56:25	198.0000	416.0000	0
14:56:25	200.0000	386.0000	0
14:56:25	203.0000	367.0000	0
14:56:25	198.0000	343.0000	0
14:56:25	192.0000	320.0000	0
14:56:25	202.0000	320.0000	0
14:56:25	194.0000	417.0000	0
14:56:25	192.0000	384.0000	0
14:56:25	190.0000	363.0000	0
14:56:25	191.0000	343.0000	0
14:56:25	189.0000	330.0000	0
14:56:25	181.0000	306.0000	0
14:56:25	187.0000	420.0000	0
14:56:25	190.0000	381.0000	0
14:56:25	192.0000	364.0000	0
14:56:25	190.0000	340.0000	0
14:56:25	191.0000	326.0000	0
14:56:25	190.0000	311.0000	0
14:56:25	189.0000	416.0000	0
14:56:25	192.0000	393.0000	0
14:56:25	192.0000	359.0000	0
14:56:25	193.0000	339.0000	0
14:56:25	199.0000	329.0000	0
14:56:25	202.0000	314.0000	0
14:56:25	198.0000	307.0000	0
14:56:25	189.0000	402.0000	0
14:56:25	202.0000	387.0000	0
14:56:25	198.0000	358.0000	0
14:56:25	201.0000	333.0000	0
14:56:25	212.0000	327.0000	0
14:56:25	198.0000	315.0000	0
14:56:25	192.0000	411.0000	0
14:56:25	194.0000	383.0000	0
14:56:25	194.0000	368.0000	0
14:56:25	194.0000	345.0000	0
14:56:25	192.0000	325.0000	0
14:56:25	193.0000	309.0000	0
14:56:25	193.0000	412.0000	0
14:56:25	191.0000	383.0000	0
14:56:25	194.0000	364.0000	0
14:56:25	203.0000	352.0000	0
14:56:25	198.0000	332.0000	0
14:56:25	198.0000	326.0000	0
14:56:25	191.0000	415.0000	0
14:56:25	189.0000	389.0000	0
14:56:25	192.0000	368.0000	0
14:56:25	196.0000	340.0000	0
14:56:25	206.0000	336.0000	0
14:56:25	197.0000	317.0000	0
14:56:25	199.0000	299.0000	0
14:56:25	195.0000	411.0000	0
14:56:25	195.0000	383.0000	0
14:56:25	198.0000	359.0000	0
14:56:25	194.0000	338.0000	0
14:56:25	205.0000	333.0000	0
14:56:25	207.0000	320.0000	0
14:56:25	202.0000	410.0000	0
14:56:25	207.0000	385.0000	0
14:56:25	212.0000	363.0000	0
14:56:25	205.0000	352.0000	0
14:56:25	194.0000	317.0000	0
14:56:25	203.0000	322.0000	0
14:56:25	192.0000	416.0000	0
14:56:25	202.0000	384.0000	0
14:56:25	198.0000	361.0000	0
14:56:25	211.0000	341.0000	0
14:56:25	208.0000	328.0000	0
14:56:25	208.0000	309.0000	0
14:56:25	205.0000	410.0000	0
14:56:25	197.0000	384.0000	0
14:56:25	191.0000	353.0000	0
14:56:25	203.0000	342.0000	0
14:56:25	204.0000	325.0000	0
14:56:25	205.0000	317.0000	0
14:56:25	205.0000	415.0000	0
14:56:25	206.0000	392.0000	0
14:56:25	203.0000	363.0000	0
14:56:25	197.0000	334.0000	0
14:56:25	222.0000	330.0000	0
14:56:25	202.0000	315.0000	0
14:56:25	209.0000	307.0000	0
14:56:25	199.0000	410.0000	0
14:56:25	198.0000	379.0000	0
14:56:25	196.0000	363.0000	0
14:56:25	196.0000	342.0000	0
14:56:25	194.0000	329.0000	0
14:56:25	202.0000	314.0000	0
14:56:25	194.0000	415.0000	0
14:56:25	192.0000	385.0000	0
14:56:25	191.0000	359.0000	0
14:56:25	192.0000	341.0000	0
14:56:25	192.0000	327.0000	0
14:56:25	198.0000	317.0000	0
14:56:25	198.0000	418.0000	0
14:56:25	195.0000	382.0000	0
14:56:25	197.0000	367.0000	0
14:56:25	219.0000	341.0000	0
14:56:25	198.0000	333.0000	0
14:56:25	198.0000	315.0000	0
14:56:25	198.0000	413.0000	0
14:56:25	198.0000	382.0000	0
14:56:25	203.0000	358.0000	0
14:56:25	206.0000	341.0000	0
14:56:25	205.0000	326.0000	0
14:56:25	204.0000	320.0000	0
14:56:25	208.0000	421.0000	0
14:56:25	202.0000	384.0000	0
14:56:25	214.0000	368.0000	0
14:56:25	209.0000	345.0000	0
14:56:25	206.0000	336.0000	0
14:56:25	206.0000	314.0000	0
14:56:25	202.0000	416.0000	0
14:56:25	208.0000	386.0000	0
14:56:25	227.0000	362.0000	0
14:56:25	208.0000	349.0000	0
14:56:25	205.0000	319.0000	0
14:56:25	208.0000	322.0000	0
14:56:25	203.0000	415.0000	0
14:56:25	203.0000	384.0000	0
14:56:25	206.0000	363.0000	0
14:56:25	206.0000	342.0000	0
14:56:25	207.0000	336.0000	0
14:56:25	214.0000	318.0000	0
14:56:25	209.0000	305.0000	0
14:56:25	210.0000	413.0000	0
14:56:25	214.0000	379.0000	0
14:56:25	208.0000	363.0000	0
14:56:25	208.0000	345.0000	0
14:56:25	213.0000	333.0000	0
14:56:25	211.0000	317.0000	0
14:56:25	210.0000	417.0000	0
14:56:25	209.0000	387.0000	0
14:56:25	209.0000	365.0000	0
14:56:25	209.0000	347.0000	0
14:56:25	210.0000	333.0000	0
14:56:25	210.0000	320.0000	0
14:56:25	210.0000	412.0000	0
14:56:25	208.0000	387.0000	0
14:56:25	205.0000	371.0000	0
14:56:25	208.0000	342.0000	0
14:56:25	207.0000	331.0000	0
14:56:25	220.0000	322.0000	0
14:56:25	208.0000	414.0000	0
14:56:25	205.0000	391.0000	0
14:56:25	202.0000	368.0000	0
14:56:25	208.0000	341.0000	0
14:56:25	212.0000	336.0000	0
14:56:25	203.0000	319.0000	0
14:56:25	206.0000	309.0000	0
14:56:25	208.0000	413.0000	0
14:56:25	217.0000	383.0000	0
14:56:25	214.0000	368.0000	0
14:56:25	208.0000	339.0000	0
14:56:25	215.0000	335.0000	0
14:56:25	211.0000	317.0000	0
14:56:25	214.0000	415.0000	0
14:56:25	211.0000	388.0000	0
14:56:25	209.0000	365.0000	0
14:56:25	213.0000	346.0000	0
14:56:25	213.0000	334.0000	0
14:56:25	210.0000	322.0000	0
14:56:25	208.0000	416.0000	0
14:56:25	208.0000	385.0000	0
14:56:25	208.0000	366.0000	0
14:56:25	211.0000	353.0000	0
14:56:25	208.0000	332.0000	0
14:56:25	209.0000	317.0000	0
14:56:25	205.0000	415.0000	0
14:56:25	205.0000	384.0000	0
14:56:25	205.0000	366.0000	0
14:56:25	205.0000	346.0000	0
14:56:25	208.0000	333.0000	0
14:56:25	194.0000	576.0000	0
14:56:25	199.0000	528.0000	0
14:56:25	197.0000	466.0000	0
14:56:25	192.0000	433.0000	0
14:56:25	189.0000	394.0000	0
14:56:25	198.0000	448.0000	0
14:56:25	194.0000	404.0000	0
14:56:25	189.0000	377.0000	0
14:56:25	185.0000	349.0000	0
14:56:25	185.0000	336.0000	0
14:56:25	186.0000	323.0000	0
14:56:25	192.0000	303.0000	0
14:56:25	179.0000	411.0000	0
14:56:25	163.0000	373.0000	0
14:56:25	176.0000	350.0000	0
14:56:26	176.0000	333.0000	0
14:56:26	171.0000	318.0000	0
14:56:26	178.0000	304.0000	0
14:56:26	187.0000	400.0000	0
14:56:26	192.0000	383.0000	0
14:56:26	187.0000	353.0000	0
14:56:26	189.0000	335.0000	0
14:56:26	194.0000	319.0000	0
14:56:26	189.0000	305.0000	0
14:56:26	209.0000	410.0000	0
14:56:26	204.0000	369.0000	0
14:56:26	204.0000	363.0000	0
14:56:26	202.0000	336.0000	0
14:56:26	189.0000	310.0000	0
14:56:26	203.0000	311.0000	0
14:56:26	201.0000	404.0000	0
14:56:26	204.0000	373.0000	0
14:56:26	195.0000	343.0000	0
14:56:26	199.0000	340.0000	0
14:56:26	202.0000	323.0000	0
14:56:26	179.0000	301.0000	0
14:56:26	194.0000	302.0000	0
14:56:26	203.0000	402.0000	0
14:56:26	203.0000	374.0000	0
14:56:26	203.0000	352.0000	0
14:56:26	202.0000	336.0000	0
14:56:26	203.0000	320.0000	0
14:56:26	192.0000	301.0000	0
14:56:26	196.0000	408.0000	0
14:56:26	198.0000	374.0000	0
14:56:26	197.0000	358.0000	0
14:56:26	192.0000	349.0000	0
14:56:26	193.0000	320.0000	0
14:56:26	192.0000	308.0000	0
14:56:26	193.0000	401.0000	0
14:56:26	192.0000	379.0000	0
14:56:26	189.0000	350.0000	0
14:56:26	189.0000	333.0000	0
14:56:26	190.0000	318.0000	0
14:56:26	193.0000	305.0000	0
14:56:26	193.0000	402.0000	0
14:56:26	191.0000	365.0000	0
14:56:26	192.0000	362.0000	0
14:56:26	187.0000	335.0000	0
14:56:26	192.0000	325.0000	0
14:56:26	189.0000	304.0000	0
14:56:26	189.0000	302.0000	0
14:56:26	187.0000	403.0000	0
14:56:26	186.0000	359.0000	0
14:56:26	181.0000	354.0000	0
14:56:26	183.0000	327.0000	0
14:56:26	182.0000	320.0000	0
14:56:26	178.0000	294.0000	0
14:56:26	181.0000	399.0000	0
14:56:26	176.0000	369.0000	0
14:56:26	172.0000	348.0000	0
14:56:26	185.0000	336.0000	0
14:56:26	176.0000	316.0000	0
14:56:26	176.0000	295.0000	0
14:56:26	178.0000	400.0000	0
14:56:26	176.0000	370.0000	0
14:56:26	176.0000	349.0000	0
14:56:26	176.0000	322.0000	0
14:56:26	182.0000	322.0000	0
14:56:26	174.0000	304.0000	0
14:56:26	176.0000	400.0000	0
14:56:26	176.0000	368.0000	0
14:56:26	176.0000	344.0000	0
14:56:26	173.0000	330.0000	0
14:56:26	173.0000	311.0000	0
14:56:26	173.0000	304.0000	0
14:56:26	174.0000	400.0000	0
14:56:26	171.0000	368.0000	0
14:56:26	172.0000	351.0000	0
14:56:26	168.0000	327.0000	0
14:56:26	170.0000	311.0000	0
14:56:26	167.0000	304.0000	0
14:56:26	176.0000	399.0000	0
14:56:26	176.0000	368.0000	0
14:56:26	175.0000	345.0000	0
14:56:26	176.0000	329.0000	0
14:56:26	176.0000	314.0000	0
14:56:26	175.0000	304.0000	0
14:56:26	175.0000	394.0000	0
14:56:26	204.0000	370.0000	0
14:56:26	176.0000	341.0000	0
14:56:26	177.0000	334.0000	0
14:56:26	176.0000	310.0000	0
14:56:26	179.0000	304.0000	0
14:56:26	187.0000	400.0000	0
14:56:26	187.0000	368.0000	0
14:56:26	187.0000	347.0000	0
14:56:26	183.0000	330.0000	0
14:56:26	180.0000	315.0000	0
14:56:26	182.0000	305.0000	0
14:56:26	186.0000	400.0000	0
14:56:26	187.0000	369.0000	0
14:56:26	183.0000	347.0000	0
14:56:26	181.0000	331.0000	0
14:56:26	187.0000	319.0000	0
14:56:26	181.0000	306.0000	0
14:56:26	185.0000	400.0000	0
14:56:26	178.0000	368.0000	0
14:56:26	177.0000	349.0000	0
14:56:26	183.0000	336.0000	0
14:56:26	179.0000	311.0000	0
14:56:26	180.0000	313.0000	0
14:56:26	187.0000	400.0000	0
14:56:26	183.0000	368.0000	0
14:56:26	185.0000	347.0000	0
14:56:26	189.0000	329.0000	0
14:56:26	183.0000	317.0000	0
14:56:26	183.0000	306.0000	0
14:56:26	181.0000	400.0000	0
14:56:26	181.0000	368.0000	0
14:56:26	179.0000	349.0000	0
14:56:26	182.0000	336.0000	0
14:56:26	182.0000	326.0000	0
14:56:26	176.0000	304.0000	0
14:56:26	190.0000	400.0000	0
14:56:26	176.0000	373.0000	0
14:56:26	183.0000	352.0000	0
14:56:26	185.0000	334.0000	0
14:56:26	184.0000	320.0000	0
14:56:26	176.0000	306.0000	0
14:56:26	181.0000	404.0000	0
14:56:26	183.0000	368.0000	0
14:56:26	192.0000	355.0000	0
14:56:26	183.0000	333.0000	0
14:56:26	183.0000	322.0000	0
14:56:26	182.0000	298.0000	0
14:56:26	186.0000	397.0000	0
14:56:26	183.0000	375.0000	0
14:56:26	188.0000	336.0000	0
14:56:26	194.0000	336.0000	0
14:56:26	190.0000	316.0000	0
14:56:26	189.0000	307.0000	0
14:56:26	187.0000	400.0000	0
14:56:26	185.0000	373.0000	0
14:56:26	187.0000	354.0000	0
14:56:26	189.0000	322.0000	0
14:56:26	191.0000	324.0000	0
14:56:26	191.0000	300.0000	0
14:56:26	183.0000	400.0000	0
14:56:26	181.0000	370.0000	0
14:56:26	183.0000	352.0000	0
14:56:26	185.0000	333.0000	0
14:56:26	182.0000	318.0000	0
14:56:26	182.0000	314.0000	0
14:56:26	177.0000	297.0000	0
14:56:26	182.0000	391.0000	0
14:56:26	185.0000	369.0000	0
14:56:26	193.0000	349.0000	0
14:56:26	188.0000	329.0000	0
14:56:26	183.0000	316.0000	0
14:56:26	185.0000	309.0000	0
14:56:26	187.0000	400.0000	0
14:56:26	186.0000	368.0000	0
14:56:26	184.0000	348.0000	0
14:56:26	187.0000	335.0000	0
14:56:26	189.0000	326.0000	0
14:56:26	189.0000	304.0000	0
14:56:26	190.0000	395.0000	0
14:56:26	191.0000	368.0000	0
14:56:26	192.0000	343.0000	0
14:56:26	192.0000	333.0000	0
14:56:26	204.0000	320.0000	0
14:56:26	194.0000	314.0000	0
14:56:26	191.0000	296.0000	0
14:56:26	191.0000	400.0000	0
14:56:26	193.0000	369.0000	0
14:56:26	194.0000	343.0000	0
14:56:26	192.0000	336.0000	0
14:56:26	198.0000	318.0000	0
14:56:26	192.0000	305.0000	0
14:56:26	193.0000	400.0000	0
14:56:26	195.0000	381.0000	0
14:56:26	191.0000	357.0000	0
14:56:26	192.0000	334.0000	0
14:56:26	197.0000	326.0000	0
14:56:26	186.0000	305.0000	0
14:56:26	190.0000	400.0000	0
14:56:26	176.0000	375.0000	0
14:56:26	195.0000	349.0000	0
14:56:26	192.0000	336.0000	0
14:56:26	192.0000	320.0000	0
14:56:26	189.0000	314.0000	0
14:56:26	192.0000	404.0000	0
14:56:26	189.0000	371.0000	0
14:56:26	192.0000	351.0000	0
14:56:26	191.0000	333.0000	0
14:56:26	192.0000	320.0000	0
14:56:26	192.0000	301.0000	0
14:56:26	198.0000	400.0000	0
14:56:26	200.0000	372.0000	0
14:56:26	195.0000	354.0000	0
14:56:26	208.0000	336.0000	0
14:56:26	191.0000	319.0000	0
14:56:26	192.0000	306.0000	0
14:56:26	195.0000	401.0000	0
14:56:26	206.0000	377.0000	0
14:56:26	195.0000	350.0000	0
14:56:26	188.0000	325.0000	0
14:56:26	194.0000	322.0000	0
14:56:26	192.0000	305.0000	0
14:56:26	193.0000	302.0000	0
14:56:26	198.0000	400.0000	0
14:56:26	201.0000	372.0000	0
14:56:26	198.0000	347.0000	0
14:56:26	189.0000	323.0000	0
14:56:26	222.0000	320.0000	0
14:56:26	196.0000	305.0000	0
14:56:26	189.0000	401.0000	0
14:56:26	195.0000	371.0000	0
14:56:26	193.0000	352.0000	0
14:56:26	191.0000	334.0000	0
14:56:26	187.0000	307.0000	0
14:56:26	194.0000	309.0000	0
14:56:26	183.0000	401.0000	0
14:56:26	186.0000	372.0000	0
14:56:26	180.0000	350.0000	0
14:56:26	189.0000	333.0000	0
14:56:26	187.0000	317.0000	0
14:56:26	183.0000	305.0000	0
14:56:26	194.0000	403.0000	0
14:56:26	195.0000	370.0000	0
14:56:26	203.0000	356.0000	0
14:56:26	197.0000	335.0000	0
14:56:26	202.0000	327.0000	0
14:56:26	202.0000	305.0000	0
14:56:26	208.0000	397.0000	0
14:56:26	207.0000	369.0000	0
14:56:26	201.0000	355.0000	0
14:56:26	211.0000	338.0000	0
14:56:26	210.0000	310.0000	0
14:56:26	199.0000	307.0000	0
14:56:26	201.0000	304.0000	0
14:56:26	196.0000	400.0000	0
14:56:26	198.0000	377.0000	0
14:56:26	207.0000	351.0000	0
14:56:26	197.0000	337.0000	0
14:56:26	190.0000	320.0000	0
14:56:26	185.0000	307.0000	0
14:56:26	197.0000	400.0000	0
14:56:26	197.0000	373.0000	0
14:56:26	195.0000	357.0000	0
14:56:26	196.0000	337.0000	0
14:56:26	199.0000	326.0000	0
14:56:26	193.0000	302.0000	0
14:56:26	197.0000	400.0000	0
14:56:26	183.0000	370.0000	0
14:56:26	192.0000	350.0000	0
14:56:26	203.0000	342.0000	0
14:56:26	192.0000	320.0000	0
14:56:26	194.0000	313.0000	0
14:56:26	201.0000	401.0000	0
14:56:26	197.0000	374.0000	0
14:56:26	194.0000	350.0000	0
14:56:26	193.0000	335.0000	0
14:56:26	206.0000	326.0000	0
14:56:26	192.0000	307.0000	0
14:56:26	177.0000	302.0000	0
14:56:26	201.0000	398.0000	0
14:56:26	199.0000	376.0000	0
14:56:26	208.0000	354.0000	0
14:56:26	208.0000	327.0000	0
14:56:26	208.0000	324.0000	0
14:56:26	206.0000	304.0000	0
14:56:26	239.0000	402.0000	0
14:56:26	239.0000	373.0000	0
14:56:26	240.0000	355.0000	0
14:56:26	240.0000	343.0000	0
14:56:26	249.0000	324.0000	0
14:56:26	271.0000	322.0000	0
14:56:26	453.0000	418.0000	0
14:56:26	469.0000	399.0000	0
14:56:26	464.0000	384.0000	0
14:56:26	491.0000	373.0000	0
14:56:27	546.0000	382.0000	0
14:56:27	613.0000	357.0000	0
14:56:27	711.0000	448.0000	0
14:56:27	699.0000	432.0000	0
14:56:27	688.0000	422.0000	0
14:56:27	673.0000	413.0000	0
14:56:27	666.0000	401.0000	0
14:56:27	658.0000	400.0000	0
14:56:27	633.0000	378.0000	0
14:56:27	822.0000	464.0000	0
14:56:27	807.0000	454.0000	0
14:56:27	809.0000	432.0000	0
14:56:27	832.0000	437.0000	0
14:56:27	900.0000	432.0000	0
14:56:27	964.0000	441.0000	0
14:56:27	1154.0000	500.0000	0
14:56:27	1136.0000	496.0000	0
14:56:27	1162.0000	495.0000	0
14:56:27	1221.0000	496.0000	0
14:56:27	1313.0000	509.0000	0
14:56:27	1334.0000	508.0000	0
14:56:27	1268.0000	541.0000	0
14:56:27	1253.0000	541.0000	0
14:56:27	1227.0000	537.0000	0
14:56:27	1217.0000	539.0000	0
14:56:27	1181.0000	510.0000	0
14:56:27	1166.0000	527.0000	0
14:56:27	1177.0000	548.0000	0
14:56:27	1226.0000	540.0000	0
14:56:27	1205.0000	535.0000	0
14:56:27	1188.0000	528.0000	0
14:56:27	1179.0000	526.0000	0
14:56:27	1156.0000	511.0000	0
14:56:27	1310.0000	557.0000	0
14:56:27	1323.0000	549.0000	0
14:56:27	1301.0000	547.0000	0
14:56:27	1373.0000	549.0000	0
14:56:27	1535.0000	559.0000	0
14:56:27	1697.0000	579.0000	0
14:56:27	2272.0000	628.0000	0
14:56:27	2258.0000	662.0000	0
14:56:27	2235.0000	688.0000	0
14:56:27	2208.0000	709.0000	0
14:56:27	2150.0000	723.0000	0
14:56:27	2085.0000	735.0000	0
14:56:27	1986.0000	718.0000	0
14:56:27	1997.0000	725.0000	0
14:56:27	2100.0000	739.0000	0
14:56:27	2099.0000	748.0000	0
14:56:27	2075.0000	754.0000	0
14:56:27	2092.0000	771.0000	0
14:56:27	1807.0000	731.0000	0
14:56:27	1780.0000	722.0000	0
14:56:27	1776.0000	719.0000	0
14:56:27	1902.0000	721.0000	0
14:56:27	2079.0000	735.0000	0
14:56:27	2140.0000	747.0000	0
14:56:27	2791.0000	770.0000	0
14:56:27	2755.0000	814.0000	0
14:56:27	2717.0000	835.0000	0
14:56:27	2699.0000	879.0000	0
14:56:27	2724.0000	902.0000	0
14:56:27	2752.0000	932.0000	5
14:56:27	2617.0000	901.0000	0
14:56:27	2715.0000	927.0000	0
14:56:27	2837.0000	955.0000	0
14:56:27	2879.0000	977.0000	0
14:56:27	2807.0000	1007.0000	10
14:56:27	2822.0000	1029.0000	15
14:56:27	2679.0000	991.0000	0
14:56:27	2809.0000	1007.0000	10
14:56:27	2839.0000	1032.0000	9
14:56:27	2790.0000	1044.0000	16
14:56:27	2787.0000	1056.0000	9
14:56:27	2715.0000	1071.0000	28
14:56:27	2559.0000	1036.0000	0
14:56:27	2547.0000	1040.0000	0
14:56:27	2542.0000	1021.0000	3
14:56:27	2529.0000	1040.0000	5
14:56:27	2497.0000	1047.0000	13
14:56:27	3285.0000	1040.0000	0
14:56:27	3249.0000	1085.0000	4
14:56:27	3109.0000	1091.0000	11
14:56:27	3122.0000	1118.0000	13
14:56:27	3355.0000	1148.0000	22
14:56:27	3491.0000	1184.0000	20
14:56:27	3703.0000	1181.0000	0
14:56:27	3687.0000	1205.0000	10
14:56:27	3551.0000	1226.0000	19
14:56:27	3434.0000	1250.0000	22
14:56:27	3695.0000	1270.0000	21
14:56:27	3696.0000	1289.0000	38
14:56:27	3716.0000	1289.0000	0
14:56:27	3689.0000	1297.0000	7
14:56:27	3705.0000	1321.0000	34
14:56:27	3701.0000	1340.0000	32
14:56:27	3705.0000	1345.0000	39
14:56:27	3703.0000	1335.0000	0
14:56:27	3696.0000	1339.0000	20
14:56:27	3698.0000	1351.0000	27
14:56:27	3679.0000	1367.0000	17
14:56:27	3701.0000	1381.0000	39
14:56:27	3715.0000	1393.0000	37
14:56:27	3696.0000	1364.0000	3
14:56:27	3712.0000	1367.0000	38
14:56:27	3710.0000	1375.0000	42
14:56:27	3710.0000	1380.0000	50
14:56:27	3691.0000	1392.0000	30
14:56:27	3719.0000	1408.0000	43
14:56:27	3714.0000	1385.0000	9
14:56:27	3714.0000	1378.0000	30
14:56:27	3712.0000	1374.0000	48
14:56:27	3717.0000	1393.0000	46
14:56:27	3729.0000	1411.0000	36
14:56:27	3716.0000	1390.0000	9
14:56:27	3727.0000	1386.0000	27
14:56:27	3719.0000	1387.0000	48
14:56:27	3711.0000	1394.0000	46
14:56:27	3727.0000	1405.0000	48
14:56:27	3711.0000	1417.0000	48
14:56:27	3716.0000	1401.0000	5
14:56:27	3739.0000	1397.0000	30
14:56:27	3712.0000	1400.0000	32
14:56:27	3715.0000	1411.0000	39
14:56:27	3744.0000	1411.0000	48
14:56:27	3712.0000	1418.0000	51
14:56:27	3728.0000	1402.0000	0
14:56:27	3696.0000	1392.0000	15
14:56:27	3728.0000	1403.0000	37
14:56:27	3739.0000	1404.0000	46
14:56:27	3698.0000	1416.0000	33
14:56:27	3719.0000	1397.0000	10
14:56:27	3722.0000	1393.0000	27
14:56:27	3725.0000	1406.0000	32
14:56:27	3715.0000	1403.0000	46
14:56:27	3729.0000	1413.0000	48
14:56:27	3711.0000	1424.0000	46
14:56:27	3723.0000	1404.0000	2
14:56:27	3729.0000	1406.0000	29
14:56:27	3721.0000	1394.0000	41
14:56:27	3696.0000	1404.0000	49
14:56:27	3687.0000	1412.0000	48
14:56:27	3719.0000	1424.0000	46
14:56:27	3725.0000	1411.0000	2
14:56:27	3714.0000	1402.0000	29
14:56:27	3715.0000	1404.0000	41
14:56:27	3712.0000	1417.0000	45
14:56:27	3696.0000	1431.0000	35
14:56:27	3734.0000	1415.0000	1
14:56:27	3727.0000	1402.0000	21
14:56:27	3711.0000	1404.0000	33
14:56:27	3715.0000	1415.0000	39
14:56:27	3707.0000	1413.0000	48
14:56:27	3719.0000	1412.0000	59
14:56:27	3725.0000	1406.0000	4
14:56:27	3718.0000	1383.0000	33
14:56:27	3712.0000	1399.0000	46
14:56:27	3715.0000	1408.0000	47
14:56:27	3715.0000	1420.0000	53
14:56:27	3718.0000	1429.0000	50
14:56:27	3720.0000	1414.0000	3
14:56:27	3718.0000	1412.0000	34
14:56:27	3717.0000	1412.0000	39
14:56:27	3715.0000	1412.0000	49
14:56:27	3686.0000	1422.0000	32
14:56:27	3717.0000	1407.0000	1
14:56:27	3723.0000	1406.0000	22
14:56:27	3695.0000	1413.0000	21
14:56:27	3712.0000	1410.0000	42
14:56:27	3731.0000	1428.0000	36
14:56:27	3728.0000	1438.0000	33
14:56:27	3723.0000	1415.0000	5
14:56:27	3714.0000	1411.0000	25
14:56:27	3713.0000	1414.0000	38
14:56:27	3725.0000	1420.0000	32
14:56:27	3730.0000	1442.0000	30
14:56:27	3718.0000	1446.0000	35
14:56:27	3717.0000	1419.0000	1
14:56:27	3717.0000	1415.0000	30
14:56:27	3719.0000	1417.0000	33
14:56:27	3729.0000	1443.0000	19
14:56:27	3730.0000	1435.0000	35
14:56:27	3721.0000	1408.0000	2
14:56:27	3718.0000	1404.0000	22
14:56:27	3718.0000	1410.0000	31
14:56:27	3737.0000	1418.0000	38
14:56:27	3725.0000	1422.0000	48
14:56:27	3729.0000	1431.0000	34
14:56:27	3719.0000	1417.0000	1
14:56:27	3723.0000	1410.0000	20
14:56:27	3713.0000	1417.0000	32
14:56:27	3715.0000	1423.0000	38
14:56:27	3717.0000	1432.0000	44
14:56:27	3715.0000	1439.0000	43
14:56:27	3724.0000	1419.0000	2
14:56:27	3719.0000	1417.0000	32
14:56:27	3717.0000	1408.0000	47
14:56:27	3734.0000	1424.0000	33
14:56:27	3714.0000	1425.0000	43
14:56:27	3711.0000	1408.0000	0
14:56:27	3727.0000	1404.0000	30
14:56:27	3698.0000	1409.0000	16
14:56:27	3718.0000	1418.0000	38
14:56:27	3720.0000	1429.0000	41
14:56:27	3722.0000	1432.0000	46
14:56:27	3696.0000	1408.0000	0
14:56:27	3708.0000	1402.0000	27
14:56:27	3731.0000	1402.0000	45
14:56:27	3722.0000	1410.0000	51
14:56:27	3719.0000	1416.0000	54
14:56:27	3725.0000	1431.0000	55
14:56:27	3723.0000	1415.0000	0
14:56:27	3726.0000	1403.0000	30
14:56:27	3727.0000	1409.0000	41
14:56:27	3725.0000	1414.0000	49
14:56:27	3724.0000	1424.0000	51
14:56:27	3728.0000	1412.0000	2
14:56:27	3726.0000	1405.0000	21
14:56:27	3725.0000	1413.0000	36
14:56:27	3728.0000	1415.0000	44
14:56:27	3729.0000	1439.0000	46
14:56:27	3722.0000	1437.0000	47
14:56:27	3713.0000	1413.0000	0
14:56:27	3727.0000	1405.0000	27
14:56:27	3727.0000	1421.0000	33
14:56:27	3728.0000	1419.0000	46
14:56:27	3726.0000	1423.0000	52
14:56:27	3729.0000	1426.0000	63
14:56:27	3727.0000	1421.0000	6
14:56:27	3728.0000	1410.0000	30
14:56:27	3729.0000	1408.0000	47
14:56:27	3726.0000	1414.0000	50
14:56:28	3722.0000	1426.0000	49
14:56:28	3727.0000	1413.0000	1
14:56:28	3728.0000	1406.0000	18
14:56:28	3726.0000	1410.0000	33
14:56:28	3723.0000	1418.0000	41
14:56:28	3726.0000	1422.0000	48
14:56:28	3719.0000	1431.0000	49
14:56:28	3726.0000	1422.0000	0
14:56:28	3724.0000	1408.0000	33
14:56:28	3714.0000	1323.0000	0
14:56:28	3726.0000	1344.0000	20
14:56:28	3722.0000	1345.0000	31
14:56:28	3722.0000	1363.0000	45
14:56:28	3696.0000	1378.0000	25
14:56:28	3735.0000	1376.0000	0
14:56:28	3714.0000	1371.0000	21
14:56:28	3728.0000	1383.0000	25
14:56:28	3693.0000	1403.0000	23
14:56:28	3717.0000	1404.0000	33
14:56:28	3758.0000	1409.0000	50
14:56:28	3728.0000	1396.0000	0
14:56:28	3738.0000	1401.0000	18
14:56:28	3726.0000	1398.0000	32
14:56:28	3728.0000	1414.0000	39
14:56:28	3722.0000	1413.0000	42
14:56:28	3722.0000	1401.0000	0
14:56:28	3727.0000	1405.0000	21
14:56:28	3721.0000	1403.0000	34
14:56:28	3729.0000	1407.0000	47
14:56:28	3717.0000	1418.0000	44
14:56:28	3717.0000	1434.0000	36
14:56:28	3727.0000	1400.0000	10
14:56:28	3760.0000	1395.0000	32
14:56:28	3722.0000	1397.0000	45
14:56:28	3717.0000	1408.0000	47
14:56:28	3735.0000	1420.0000	49
14:56:28	3724.0000	1425.0000	54
14:56:28	3713.0000	1411.0000	0
14:56:28	3722.0000	1406.0000	30
14:56:28	3728.0000	1409.0000	43
14:56:28	3733.0000	1431.0000	36
14:56:28	3693.0000	1433.0000	46
14:56:28	3723.0000	1406.0000	1
14:56:28	3742.0000	1403.0000	16
14:56:28	3692.0000	1378.0000	38
14:56:28	3734.0000	1419.0000	38
14:56:28	3725.0000	1423.0000	45
14:56:28	3706.0000	1430.0000	32
14:56:28	3728.0000	1421.0000	5
14:56:28	3728.0000	1399.0000	33
14:56:28	3722.0000	1406.0000	40
14:56:28	3695.0000	1414.0000	45
14:56:28	3715.0000	1420.0000	48
14:56:28	3723.0000	1432.0000	48
14:56:28	3725.0000	1421.0000	0
14:56:28	3722.0000	1411.0000	22
14:56:28	3723.0000	1420.0000	31
14:56:28	3701.0000	1413.0000	33
14:56:28	3731.0000	1419.0000	48
14:56:28	3728.0000	1411.0000	0
14:56:28	3725.0000	1394.0000	27
14:56:28	3722.0000	1407.0000	39
14:56:28	3713.0000	1406.0000	48
14:56:28	3723.0000	1421.0000	48
14:56:28	3719.0000	1432.0000	47
14:56:28	3722.0000	1412.0000	0
14:56:28	3719.0000	1414.0000	21
14:56:28	3696.0000	1412.0000	16
14:56:28	3727.0000	1420.0000	47
14:56:28	3712.0000	1433.0000	38
14:56:28	3719.0000	1435.0000	47
14:56:28	3727.0000	1416.0000	2
14:56:28	3730.0000	1407.0000	25
14:56:28	3727.0000	1413.0000	33
14:56:28	3696.0000	1423.0000	21
14:56:28	3718.0000	1434.0000	47
14:56:28	3727.0000	1407.0000	1
14:56:28	3735.0000	1402.0000	21
14:56:28	3696.0000	1419.0000	29
14:56:28	3745.0000	1412.0000	32
14:56:28	3726.0000	1425.0000	44
14:56:28	3729.0000	1443.0000	33
14:56:28	3717.0000	1409.0000	0
14:56:28	3717.0000	1420.0000	18
14:56:28	3697.0000	1419.0000	16
14:56:28	3717.0000	1411.0000	46
14:56:28	3728.0000	1436.0000	39
14:56:28	3733.0000	1440.0000	30
14:56:28	3728.0000	1419.0000	6
14:56:28	3722.0000	1416.0000	25
14:56:28	3723.0000	1413.0000	39
14:56:28	3724.0000	1432.0000	34
14:56:28	3731.0000	1442.0000	38
14:56:28	3722.0000	1413.0000	1
14:56:28	3721.0000	1404.0000	20
14:56:28	3723.0000	1417.0000	39
14:56:28	3723.0000	1424.0000	35
14:56:28	3724.0000	1427.0000	38
14:56:28	3724.0000	1434.0000	39
14:56:28	3728.0000	1416.0000	2
14:56:28	3733.0000	1407.0000	14
14:56:28	3693.0000	1415.0000	16
14:56:28	3728.0000	1432.0000	31
14:56:28	3719.0000	1429.0000	38
14:56:28	3706.0000	1440.0000	25
14:56:28	3723.0000	1412.0000	9
14:56:28	3726.0000	1407.0000	22
14:56:28	3731.0000	1415.0000	24
14:56:28	3691.0000	1411.0000	36
14:56:28	3730.0000	1435.0000	35
14:56:28	3725.0000	1407.0000	3
14:56:28	3727.0000	1399.0000	25
14:56:28	3718.0000	1409.0000	32
14:56:28	3725.0000	1415.0000	39
14:56:28	3729.0000	1436.0000	26
14:56:28	3696.0000	1413.0000	37
14:56:28	3725.0000	1417.0000	2
14:56:28	3722.0000	1402.0000	26
14:56:28	3693.0000	1415.0000	37
14:56:28	3730.0000	1421.0000	38
14:56:28	3721.0000	1430.0000	38
14:56:28	3695.0000	1418.0000	41
14:56:28	3737.0000	1428.0000	1
14:56:28	3723.0000	1411.0000	21
14:56:28	3723.0000	1416.0000	37
14:56:28	3715.0000	1416.0000	47
14:56:28	3722.0000	1424.0000	45
14:56:28	3705.0000	1409.0000	3
14:56:28	3747.0000	1407.0000	17
14:56:28	3735.0000	1420.0000	28
14:56:28	3722.0000	1417.0000	38
14:56:28	3719.0000	1427.0000	41
14:56:28	3719.0000	1437.0000	43
14:56:28	3726.0000	1418.0000	2
14:56:28	3732.0000	1408.0000	14
14:56:28	3696.0000	1406.0000	42
14:56:28	3721.0000	1416.0000	39
14:56:28	3725.0000	1426.0000	48
14:56:28	3701.0000	1445.0000	26
14:56:28	3717.0000	1409.0000	16
14:56:28	3721.0000	1393.0000	30
14:56:28	3697.0000	1412.0000	20
14:56:28	3717.0000	1413.0000	47
14:56:28	3718.0000	1427.0000	44
14:56:28	3725.0000	1415.0000	2
14:56:28	3721.0000	1402.0000	35
14:56:28	3729.0000	1406.0000	35
14:56:28	3727.0000	1421.0000	47
14:56:28	3692.0000	1426.0000	52
14:56:28	3735.0000	1440.0000	47
14:56:28	3728.0000	1419.0000	1
14:56:28	3726.0000	1404.0000	27
14:56:28	3718.0000	1408.0000	45
14:56:28	3707.0000	1413.0000	48
14:56:28	3731.0000	1452.0000	30
14:56:28	3696.0000	1424.0000	48
14:56:28	3717.0000	1409.0000	11
14:56:28	3725.0000	1401.0000	39
14:56:28	3720.0000	1416.0000	41
14:56:28	3728.0000	1423.0000	35
14:56:28	3721.0000	1429.0000	42
14:56:28	3725.0000	1409.0000	1
14:56:28	3722.0000	1409.0000	27
14:56:28	3725.0000	1410.0000	37
14:56:28	3728.0000	1411.0000	44
14:56:28	3739.0000	1420.0000	48
14:56:28	3728.0000	1428.0000	49
14:56:28	3727.0000	1418.0000	0
14:56:28	3723.0000	1406.0000	27
14:56:28	3733.0000	1414.0000	39
14:56:28	3727.0000	1412.0000	48
14:56:28	3731.0000	1431.0000	30
14:56:28	3693.0000	1433.0000	48
14:56:28	3719.0000	1419.0000	4
14:56:28	3721.0000	1405.0000	29
14:56:28	3726.0000	1413.0000	39
14:56:28	3731.0000	1425.0000	45
14:56:28	3717.0000	1424.0000	49
14:56:28	3726.0000	1402.0000	14
14:56:28	3717.0000	1400.0000	44
14:56:28	3725.0000	1406.0000	42
14:56:28	3731.0000	1420.0000	34
14:56:28	3693.0000	1431.0000	48
14:56:28	3741.0000	1442.0000	38
14:56:28	3720.0000	1416.0000	7
14:56:28	3696.0000	1418.0000	4
14:56:28	3713.0000	1419.0000	35
14:56:28	3728.0000	1423.0000	38
14:56:28	3733.0000	1459.0000	25
14:56:28	3693.0000	1451.0000	17
14:56:28	3725.0000	1424.0000	0
14:56:28	3721.0000	1421.0000	21
14:56:28	3698.0000	1425.0000	16
14:56:28	3721.0000	1430.0000	39
14:56:28	3720.0000	1440.0000	37
14:56:28	3724.0000	1416.0000	1
14:56:28	3714.0000	1405.0000	31
14:56:28	3733.0000	1412.0000	35
14:56:28	3717.0000	1417.0000	36
14:56:28	3716.0000	1429.0000	39
14:56:28	3733.0000	1445.0000	40
14:56:28	3726.0000	1420.0000	0
14:56:28	3726.0000	1408.0000	23
14:56:28	3723.0000	1411.0000	45
14:56:28	3728.0000	1419.0000	41
14:56:28	3733.0000	1434.0000	31
14:56:28	3711.0000	1428.0000	42
14:56:28	3719.0000	1422.0000	1
14:56:28	3722.0000	1407.0000	27
14:56:28	3696.0000	1418.0000	13
14:56:28	3718.0000	1424.0000	37
14:56:28	3716.0000	1434.0000	39
14:56:28	3724.0000	1409.0000	1
14:56:28	3722.0000	1395.0000	28
14:56:28	3728.0000	1408.0000	30
14:56:28	3739.0000	1413.0000	21
14:56:29	3727.0000	1430.0000	35
14:56:29	3729.0000	1442.0000	35
14:56:29	3723.0000	1415.0000	1
14:56:29	3728.0000	1406.0000	22
14:56:29	3738.0000	1418.0000	29
14:56:29	3719.0000	1423.0000	35
14:56:29	3721.0000	1441.0000	23
14:56:29	3691.0000	1428.0000	39
14:56:29	3727.0000	1421.0000	1
14:56:29	3723.0000	1414.0000	22
14:56:29	3719.0000	1419.0000	32
14:56:29	3723.0000	1421.0000	37
14:56:29	3722.0000	1433.0000	41
14:56:29	3727.0000	1411.0000	0
14:56:29	3739.0000	1404.0000	19
14:56:29	3725.0000	1411.0000	31
14:56:29	3731.0000	1417.0000	25
14:56:29	3698.0000	1428.0000	47
14:56:29	3727.0000	1426.0000	48
14:56:29	3728.0000	1408.0000	11
14:56:29	3719.0000	1400.0000	31
14:56:29	3728.0000	1406.0000	48
14:56:29	3722.0000	1414.0000	45
14:56:29	3718.0000	1427.0000	48
14:56:29	3722.0000	1437.0000	52
14:56:29	3728.0000	1420.0000	1
14:56:29	3707.0000	1412.0000	3
14:56:29	3696.0000	1412.0000	27
14:56:29	3717.0000	1422.0000	41
14:56:29	3722.0000	1427.0000	45
14:56:29	3726.0000	1415.0000	1
14:56:29	3742.0000	1406.0000	19
14:56:29	3718.0000	1410.0000	33
14:56:29	3699.0000	1425.0000	22
14:56:29	3722.0000	1430.0000	48
14:56:29	3750.0000	1435.0000	42
14:56:29	3728.0000	1420.0000	3
14:56:29	3727.0000	1408.0000	23
14:56:29	3716.0000	1417.0000	33
14:56:29	3721.0000	1419.0000	48
14:56:29	3699.0000	1432.0000	37
14:56:29	3718.0000	1440.0000	48
14:56:29	3725.0000	1420.0000	1
14:56:29	3729.0000	1414.0000	15
14:56:29	3727.0000	1419.0000	30
14:56:29	3718.0000	1425.0000	37
14:56:29	3707.0000	1424.0000	48
14:56:29	3725.0000	1414.0000	0
14:56:29	3728.0000	1406.0000	21
14:56:29	3719.0000	1411.0000	29
14:56:29	3696.0000	1391.0000	33
14:56:29	3719.0000	1425.0000	42
14:56:29	3715.0000	1440.0000	35
14:56:29	3728.0000	1419.0000	0
14:56:29	3723.0000	1413.0000	16
14:56:29	3718.0000	1419.0000	29
14:56:29	3719.0000	1413.0000	43
14:56:29	3719.0000	1412.0000	47
14:56:29	3722.0000	1429.0000	51
14:56:29	3728.0000	1416.0000	0
14:56:29	3722.0000	1414.0000	7
14:56:29	3714.0000	1408.0000	37
14:56:29	3719.0000	1425.0000	37
14:56:29	3745.0000	1435.0000	29
14:56:29	3727.0000	1410.0000	0
14:56:29	3715.0000	1416.0000	21
14:56:29	3719.0000	1401.0000	38
14:56:29	3662.0000	1421.0000	18
14:56:29	3715.0000	1428.0000	43
14:56:29	3717.0000	1434.0000	39
14:56:29	3727.0000	1416.0000	3
14:56:29	3710.0000	1404.0000	29
14:56:29	3728.0000	1415.0000	32
14:56:29	3719.0000	1419.0000	37
14:56:29	3694.0000	1434.0000	48
14:56:29	3734.0000	1445.0000	37
14:56:29	3725.0000	1424.0000	0
14:56:29	3728.0000	1421.0000	22
14:56:29	3728.0000	1409.0000	38
14:56:29	3722.0000	1424.0000	34
14:56:29	3737.0000	1450.0000	23
14:56:29	3728.0000	1413.0000	3
14:56:29	3717.0000	1412.0000	21
14:56:29	3723.0000	1414.0000	37
14:56:29	3717.0000	1423.0000	34
14:56:29	3739.0000	1429.0000	34
14:56:29	3723.0000	1436.0000	34
14:56:29	3727.0000	1418.0000	0
14:56:29	3700.0000	1403.0000	30
14:56:29	3719.0000	1414.0000	30
14:56:29	3723.0000	1419.0000	27
14:56:29	3722.0000	1429.0000	38
14:56:29	3738.0000	1435.0000	45
14:56:29	3729.0000	1418.0000	0
14:56:29	3721.0000	1412.0000	23
14:56:29	3730.0000	1422.0000	34
14:56:29	3722.0000	1421.0000	37
14:56:29	3721.0000	1433.0000	39
14:56:29	3721.0000	1415.0000	2
14:56:29	3718.0000	1407.0000	19
14:56:29	3742.0000	1432.0000	16
14:56:29	3697.0000	1419.0000	32
14:56:29	3721.0000	1432.0000	35
14:56:29	3673.0000	1437.0000	43
14:56:29	3725.0000	1418.0000	1
14:56:29	3728.0000	1423.0000	17
14:56:29	3712.0000	1420.0000	33
14:56:29	3699.0000	1431.0000	21
14:56:29	3728.0000	1426.0000	36
14:56:29	3715.0000	1438.0000	40
14:56:29	3720.0000	1421.0000	2
14:56:29	3721.0000	1415.0000	25
14:56:29	3728.0000	1421.0000	32
14:56:29	3726.0000	1427.0000	37
14:56:29	3697.0000	1436.0000	23
14:56:29	3739.0000	1425.0000	2
14:56:29	3683.0000	1408.0000	19
14:56:29	3741.0000	1423.0000	16
14:56:29	3721.0000	1426.0000	34
14:56:29	3718.0000	1431.0000	41
14:56:29	3717.0000	1438.0000	38
14:56:29	3728.0000	1419.0000	1
14:56:29	3725.0000	1400.0000	22
14:56:29	3725.0000	1421.0000	34
14:56:29	3719.0000	1425.0000	39
14:56:29	3728.0000	1424.0000	48
14:56:29	3722.0000	1434.0000	41
14:56:29	3712.0000	1411.0000	0
14:56:29	3723.0000	1405.0000	26
14:56:29	3726.0000	1407.0000	43
14:56:29	3716.0000	1415.0000	46
14:56:29	3725.0000	1425.0000	49
14:56:29	3753.0000	1414.0000	0
14:56:29	3725.0000	1399.0000	29
14:56:29	3717.0000	1406.0000	33
14:56:29	3722.0000	1415.0000	43
14:56:29	3721.0000	1423.0000	48
14:56:29	3717.0000	1425.0000	54
14:56:29	3725.0000	1404.0000	13
14:56:29	3722.0000	1397.0000	31
14:56:29	3718.0000	1406.0000	48
14:56:29	3714.0000	1409.0000	49
14:56:29	3715.0000	1421.0000	50
14:56:29	3717.0000	1429.0000	49
14:56:29	3728.0000	1412.0000	6
14:56:29	3722.0000	1399.0000	34
14:56:29	3726.0000	1405.0000	46
14:56:29	3727.0000	1416.0000	48
14:56:29	3723.0000	1425.0000	48
14:56:29	3735.0000	1412.0000	0
14:56:29	3726.0000	1400.0000	27
14:56:29	3725.0000	1408.0000	38
14:56:29	3726.0000	1412.0000	43
14:56:29	3729.0000	1429.0000	41
14:56:29	3730.0000	1434.0000	45
14:56:29	3714.0000	1410.0000	0
14:56:29	3725.0000	1405.0000	33
14:56:29	3725.0000	1404.0000	47
14:56:29	3727.0000	1417.0000	46
14:56:29	3727.0000	1422.0000	53
14:56:29	3727.0000	1431.0000	57
14:56:29	3722.0000	1421.0000	3
14:56:29	3737.0000	1403.0000	23
14:56:29	3717.0000	1249.0000	0
14:56:29	3724.0000	1272.0000	15
14:56:29	3716.0000	1297.0000	23
14:56:29	3717.0000	1316.0000	30
14:56:29	3728.0000	1333.0000	35
14:56:29	3721.0000	1326.0000	0
14:56:29	3725.0000	1333.0000	21
14:56:29	3723.0000	1344.0000	32
14:56:29	3725.0000	1351.0000	46
14:56:29	3728.0000	1365.0000	48
14:56:29	3713.0000	1382.0000	51
14:56:29	3724.0000	1376.0000	0
14:56:29	3726.0000	1376.0000	22
14:56:29	3728.0000	1380.0000	44
14:56:29	3723.0000	1395.0000	42
14:56:29	3727.0000	1400.0000	47
14:56:29	3713.0000	1390.0000	2
14:56:29	3734.0000	1395.0000	19
14:56:29	3719.0000	1394.0000	31
14:56:29	3706.0000	1412.0000	34
14:56:29	3731.0000	1421.0000	39
14:56:29	3712.0000	1429.0000	42
14:56:29	3721.0000	1452.0000	18
14:56:29	3723.0000	1413.0000	2
14:56:29	3739.0000	1404.0000	23
14:56:29	3713.0000	1404.0000	42
14:56:29	3714.0000	1418.0000	41
14:56:29	3714.0000	1432.0000	42
14:56:29	3727.0000	1406.0000	0
14:56:29	3735.0000	1417.0000	7
14:56:29	3679.0000	1406.0000	26
14:56:29	3728.0000	1423.0000	27
14:56:29	3723.0000	1428.0000	34
14:56:29	3699.0000	1439.0000	18
14:56:29	3730.0000	1415.0000	0
14:56:29	3719.0000	1406.0000	16
14:56:29	3702.0000	1416.0000	8
14:56:29	3722.0000	1427.0000	35
14:56:29	3714.0000	1447.0000	36
14:56:29	3721.0000	1444.0000	39
14:56:29	3712.0000	1421.0000	3
14:56:29	3719.0000	1413.0000	22
14:56:29	3727.0000	1419.0000	35
14:56:29	3729.0000	1426.0000	32
14:56:29	3690.0000	1406.0000	39
14:56:29	3728.0000	1414.0000	1
14:56:29	3754.0000	1406.0000	19
14:56:29	3711.0000	1412.0000	27
14:56:29	3714.0000	1421.0000	35
14:56:29	3718.0000	1419.0000	48
14:56:29	3745.0000	1437.0000	37
14:56:29	3727.0000	1411.0000	0
14:56:29	3728.0000	1407.0000	27
14:56:29	3723.0000	1414.0000	36
14:56:29	3727.0000	1419.0000	41
14:56:29	3726.0000	1432.0000	43
14:56:29	3726.0000	1439.0000	42
14:56:29	3728.0000	1421.0000	5
14:56:29	3735.0000	1426.0000	29
14:56:29	3726.0000	1414.0000	39
14:56:29	3728.0000	1423.0000	45
14:56:29	3729.0000	1433.0000	44
14:56:29	3728.0000	1413.0000	2
14:56:29	3728.0000	1405.0000	26
14:56:29	3728.0000	1411.0000	38
14:56:29	3726.0000	1416.0000	42
14:56:29	3715.0000	740.0000	0
14:56:29	3711.0000	833.0000	0
14:56:29	3679.0000	892.0000	0
14:56:29	3698.0000	976.0000	3
14:56:29	3699.0000	1027.0000	12
14:56:29	3085.0000	1018.0000	0
14:56:29	2953.0000	1041.0000	0
14:56:29	2833.0000	1051.0000	14
14:56:29	2742.0000	1063.0000	14
14:56:29	2649.0000	1069.0000	16
14:56:29	2559.0000	1071.0000	0
14:56:30	3188.0000	1061.0000	0
14:56:30	3370.0000	1109.0000	1
14:56:30	3567.0000	1137.0000	16
14:56:30	3719.0000	1174.0000	15
14:56:30	3667.0000	1204.0000	27
14:56:30	3699.0000	1226.0000	33
14:56:30	3717.0000	1237.0000	0
14:56:30	3706.0000	1252.0000	16
14:56:30	3708.0000	1269.0000	32
14:56:30	3711.0000	1292.0000	39
14:56:30	3694.0000	1296.0000	46
14:56:30	3709.0000	1318.0000	0
14:56:30	3696.0000	1318.0000	18
14:56:30	3542.0000	1326.0000	16
14:56:30	3440.0000	1333.0000	30
14:56:30	3278.0000	1338.0000	39
14:56:30	3154.0000	1320.0000	45
14:56:30	2432.0000	1261.0000	2
14:56:30	2347.0000	1214.0000	16
14:56:30	2259.0000	1184.0000	27
14:56:30	2194.0000	1139.0000	26
14:56:30	2126.0000	1107.0000	28
14:56:30	2057.0000	1091.0000	18
14:56:30	1622.0000	1008.0000	0
14:56:30	1565.0000	965.0000	0
14:56:30	1520.0000	921.0000	0
14:56:30	1475.0000	889.0000	0
14:56:30	1429.0000	841.0000	0
14:56:30	1387.0000	811.0000	3
14:56:30	1119.0000	746.0000	0
14:56:30	1086.0000	703.0000	0
14:56:30	1066.0000	668.0000	0
14:56:30	1040.0000	640.0000	0
14:56:30	1073.0000	611.0000	0
14:56:30	1127.0000	592.0000	0
14:56:30	1577.0000	622.0000	0
14:56:30	1622.0000	613.0000	0
14:56:30	1659.0000	619.0000	0
14:56:30	1680.0000	629.0000	0
14:56:30	1655.0000	624.0000	0
14:56:30	1610.0000	635.0000	0
14:56:30	1394.0000	629.0000	0
14:56:30	1434.0000	624.0000	0
14:56:30	1472.0000	615.0000	0
14:56:30	1466.0000	599.0000	0
14:56:30	1429.0000	593.0000	0
14:56:30	1422.0000	601.0000	0
14:56:30	1246.0000	603.0000	0
14:56:30	1212.0000	588.0000	0
14:56:30	1173.0000	573.0000	0
14:56:30	1143.0000	560.0000	0
14:56:30	1111.0000	547.0000	0
14:56:30	1087.0000	533.0000	0
14:56:30	885.0000	549.0000	0
14:56:30	859.0000	511.0000	0
14:56:30	834.0000	500.0000	0
14:56:30	813.0000	483.0000	0
14:56:30	787.0000	463.0000	0
14:56:30	767.0000	458.0000	0
14:56:30	624.0000	486.0000	0
14:56:30	610.0000	464.0000	0
14:56:30	590.0000	442.0000	0
14:56:30	579.0000	428.0000	0
14:56:30	563.0000	410.0000	0
14:56:30	555.0000	400.0000	0
14:56:30	454.0000	454.0000	0
14:56:30	446.0000	433.0000	0
14:56:30	434.0000	414.0000	0
14:56:30	431.0000	391.0000	0
14:56:30	419.0000	375.0000	0
14:56:30	415.0000	367.0000	0
14:56:30	353.0000	432.0000	0
14:56:30	345.0000	407.0000	0
14:56:30	338.0000	386.0000	0
14:56:30	336.0000	369.0000	0
14:56:30	333.0000	351.0000	0
14:56:30	335.0000	348.0000	0
14:56:30	287.0000	417.0000	0
14:56:30	286.0000	396.0000	0
14:56:30	278.0000	369.0000	0
14:56:30	275.0000	363.0000	0
14:56:30	272.0000	350.0000	0
14:56:30	267.0000	333.0000	0
14:56:30	262.0000	320.0000	0
14:56:30	240.0000	411.0000	0
14:56:30	235.0000	383.0000	0
14:56:30	235.0000	367.0000	0
14:56:30	234.0000	346.0000	0
14:56:30	230.0000	333.0000	0
14:56:30	227.0000	320.0000	0
14:56:30	208.0000	409.0000	0
14:56:30	208.0000	391.0000	0
14:56:30	205.0000	340.0000	0
14:56:30	205.0000	339.0000	0
14:56:30	206.0000	326.0000	0
14:56:30	202.0000	311.0000	0
14:56:30	190.0000	401.0000	0
14:56:30	189.0000	379.0000	0
14:56:30	190.0000	356.0000	0
14:56:30	187.0000	336.0000	0
14:56:30	190.0000	321.0000	0
14:56:30	189.0000	309.0000	0
14:56:30	179.0000	401.0000	0
14:56:30	179.0000	372.0000	0
14:56:30	181.0000	359.0000	0
14:56:30	176.0000	334.0000	0
14:56:30	176.0000	320.0000	0
14:56:30	176.0000	306.0000	0
14:56:30	170.0000	400.0000	0
14:56:30	170.0000	373.0000	0
14:56:30	175.0000	365.0000	0
14:56:30	172.0000	321.0000	0
14:56:30	173.0000	327.0000	0
14:56:30	173.0000	304.0000	0
14:56:30	158.0000	398.0000	0
14:56:30	167.0000	368.0000	0
14:56:30	169.0000	343.0000	0
14:56:30	170.0000	316.0000	0
14:56:30	171.0000	317.0000	0
14:56:30	171.0000	285.0000	0
14:56:30	166.0000	273.0000	0
14:56:30	166.0000	390.0000	0
14:56:30	163.0000	368.0000	0
14:56:30	165.0000	335.0000	0
14:56:30	172.0000	323.0000	0
14:56:30	170.0000	314.0000	0
14:56:30	174.0000	310.0000	0
14:56:30	169.0000	400.0000	0
14:56:30	165.0000	368.0000	0
14:56:30	162.0000	348.0000	0
14:56:30	169.0000	320.0000	0
14:56:30	167.0000	312.0000	0
14:56:30	167.0000	304.0000	0
14:56:30	167.0000	400.0000	0
14:56:30	175.0000	368.0000	0
14:56:30	171.0000	343.0000	0
14:56:30	172.0000	330.0000	0
14:56:30	171.0000	316.0000	0
14:56:30	169.0000	305.0000	0
14:56:30	165.0000	400.0000	0
14:56:30	166.0000	368.0000	0
14:56:30	163.0000	347.0000	0
14:56:30	168.0000	330.0000	0
14:56:30	169.0000	309.0000	0
14:56:30	168.0000	305.0000	0
14:56:30	166.0000	402.0000	0
14:56:30	163.0000	368.0000	0
14:56:30	165.0000	336.0000	0
14:56:30	163.0000	336.0000	0
14:56:30	166.0000	310.0000	0
14:56:30	166.0000	300.0000	0
14:56:30	165.0000	400.0000	0
14:56:30	175.0000	374.0000	0
14:56:30	166.0000	346.0000	0
14:56:30	171.0000	334.0000	0
14:56:30	169.0000	310.0000	0
14:56:30	174.0000	303.0000	0
14:56:30	175.0000	296.0000	0
14:56:30	167.0000	398.0000	0
14:56:30	173.0000	372.0000	0
14:56:30	166.0000	345.0000	0
14:56:30	170.0000	320.0000	0
14:56:30	170.0000	311.0000	0
14:56:30	167.0000	296.0000	0
14:56:30	165.0000	400.0000	0
14:56:30	166.0000	368.0000	0
14:56:30	171.0000	354.0000	0
14:56:30	173.0000	326.0000	0
14:56:30	153.0000	303.0000	0
14:56:30	169.0000	304.0000	0
14:56:30	165.0000	400.0000	0
14:56:30	172.0000	369.0000	0
14:56:30	170.0000	346.0000	0
14:56:30	173.0000	334.0000	0
14:56:30	171.0000	313.0000	0
14:56:30	175.0000	303.0000	0
14:56:30	174.0000	400.0000	0
14:56:30	173.0000	369.0000	0
14:56:30	175.0000	352.0000	0
14:56:30	174.0000	316.0000	0
14:56:30	176.0000	320.0000	0
14:56:30	176.0000	304.0000	0
14:56:30	174.0000	395.0000	0
14:56:30	176.0000	369.0000	0
14:56:30	176.0000	347.0000	0
14:56:30	176.0000	335.0000	0
14:56:30	182.0000	317.0000	0
14:56:30	190.0000	307.0000	0
14:56:30	176.0000	400.0000	0
14:56:30	175.0000	375.0000	0
14:56:30	173.0000	346.0000	0
14:56:30	174.0000	328.0000	0
14:56:30	175.0000	321.0000	0
14:56:30	176.0000	290.0000	0
14:56:30	178.0000	303.0000	0
14:56:30	179.0000	397.0000	0
14:56:30	177.0000	365.0000	0
14:56:30	180.0000	346.0000	0
14:56:30	187.0000	327.0000	0
14:56:30	189.0000	320.0000	0
14:56:30	179.0000	302.0000	0
14:56:30	176.0000	399.0000	0
14:56:30	160.0000	370.0000	0
14:56:30	170.0000	334.0000	0
14:56:30	176.0000	336.0000	0
14:56:30	174.0000	314.0000	0
14:56:30	182.0000	293.0000	0
14:56:30	166.0000	400.0000	0
14:56:30	176.0000	370.0000	0
14:56:30	174.0000	346.0000	0
14:56:30	176.0000	326.0000	0
14:56:30	187.0000	320.0000	0
14:56:30	181.0000	303.0000	0
14:56:30	186.0000	293.0000	0
14:56:30	182.0000	394.0000	0
14:56:30	183.0000	368.0000	0
14:56:30	194.0000	351.0000	0
14:56:30	188.0000	316.0000	0
14:56:30	195.0000	320.0000	0
14:56:30	192.0000	305.0000	0
14:56:30	182.0000	396.0000	0
14:56:30	182.0000	371.0000	0
14:56:30	185.0000	346.0000	0
14:56:30	190.0000	329.0000	0
14:56:31	186.0000	304.0000	0
14:56:31	191.0000	314.0000	0
14:56:31	180.0000	401.0000	0
14:56:31	184.0000	372.0000	0
14:56:31	181.0000	351.0000	0
14:56:31	182.0000	336.0000	0
14:56:31	192.0000	318.0000	0
14:56:31	186.0000	298.0000	0
14:56:31	182.0000	297.0000	0
14:56:31	181.0000	395.0000	0
14:56:31	179.0000	369.0000	0
14:56:31	186.0000	353.0000	0
14:56:31	186.0000	330.0000	0
14:56:31	187.0000	320.0000	0
14:56:31	181.0000	305.0000	0
14:56:31	182.0000	400.0000	0
14:56:31	182.0000	370.0000	0
14:56:31	185.0000	347.0000	0
14:56:31	198.0000	336.0000	0
14:56:31	192.0000	318.0000	0
14:56:31	191.0000	307.0000	0
14:56:31	179.0000	400.0000	0
14:56:31	191.0000	372.0000	0
14:56:31	186.0000	349.0000	0
14:56:31	188.0000	336.0000	0
14:56:31	198.0000	329.0000	0
14:56:31	185.0000	304.0000	0
14:56:31	178.0000	400.0000	0
14:56:31	177.0000	369.0000	0
14:56:31	176.0000	347.0000	0
14:56:31	177.0000	333.0000	0
14:56:31	176.0000	315.0000	0
14:56:31	177.0000	312.0000	0
14:56:31	176.0000	400.0000	0
14:56:31	167.0000	365.0000	0
14:56:31	187.0000	351.0000	0
14:56:31	179.0000	327.0000	0
14:56:31	182.0000	315.0000	0
14:56:31	187.0000	294.0000	0
14:56:31	178.0000	399.0000	0
14:56:31	165.0000	368.0000	0
14:56:31	165.0000	341.0000	0
14:56:31	176.0000	318.0000	0
14:56:31	177.0000	317.0000	0
14:56:31	182.0000	304.0000	0
14:56:31	177.0000	283.0000	0
14:56:31	176.0000	395.0000	0
14:56:31	182.0000	369.0000	0
14:56:31	178.0000	336.0000	0
14:56:31	186.0000	329.0000	0
14:56:31	190.0000	317.0000	0
14:56:31	187.0000	314.0000	0
14:56:31	181.0000	400.0000	0
14:56:31	176.0000	368.0000	0
14:56:31	180.0000	348.0000	0
14:56:31	181.0000	331.0000	0
14:56:31	181.0000	319.0000	0
14:56:31	179.0000	304.0000	0
14:56:31	176.0000	400.0000	0
14:56:31	175.0000	373.0000	0
14:56:31	175.0000	342.0000	0
14:56:31	176.0000	330.0000	0
14:56:31	181.0000	313.0000	0
14:56:31	184.0000	306.0000	0
14:56:31	179.0000	400.0000	0
14:56:31	177.0000	379.0000	0
14:56:31	178.0000	336.0000	0
14:56:31	181.0000	330.0000	0
14:56:31	177.0000	316.0000	0
14:56:31	174.0000	294.0000	0
14:56:31	176.0000	406.0000	0
14:56:31	181.0000	371.0000	0
14:56:31	185.0000	354.0000	0
14:56:31	181.0000	330.0000	0
14:56:31	187.0000	317.0000	0
14:56:31	187.0000	305.0000	0
14:56:31	185.0000	288.0000	0
14:56:31	186.0000	404.0000	0
14:56:31	177.0000	367.0000	0
14:56:31	182.0000	342.0000	0
14:56:31	184.0000	339.0000	0
14:56:31	181.0000	316.0000	0
14:56:31	183.0000	305.0000	0
14:56:31	176.0000	400.0000	0
14:56:31	182.0000	378.0000	0
14:56:31	182.0000	347.0000	0
14:56:31	182.0000	320.0000	0
14:56:31	182.0000	314.0000	0
14:56:31	181.0000	304.0000	0
14:56:31	178.0000	400.0000	0
14:56:31	179.0000	368.0000	0
14:56:31	187.0000	352.0000	0
14:56:31	183.0000	330.0000	0
14:56:31	181.0000	309.0000	0
14:56:31	208.0000	305.0000	0
14:56:31	176.0000	399.0000	0
14:56:31	181.0000	368.0000	0
14:56:31	179.0000	349.0000	0
14:56:31	191.0000	336.0000	0
14:56:31	185.0000	313.0000	0
14:56:31	190.0000	304.0000	0
14:56:31	192.0000	299.0000	0
14:56:31	181.0000	400.0000	0
14:56:31	192.0000	373.0000	0
14:56:31	189.0000	335.0000	0
14:56:31	189.0000	336.0000	0
14:56:31	194.0000	318.0000	0
14:56:31	187.0000	297.0000	0
14:56:31	180.0000	407.0000	0
14:56:31	185.0000	369.0000	0
14:56:31	192.0000	354.0000	0
14:56:31	175.0000	331.0000	0
14:56:31	192.0000	322.0000	0
14:56:31	190.0000	305.0000	0
14:56:31	183.0000	400.0000	0
14:56:31	192.0000	370.0000	0
14:56:31	185.0000	351.0000	0
14:56:31	195.0000	336.0000	0
14:56:31	186.0000	304.0000	0
14:56:31	190.0000	306.0000	0
14:56:31	178.0000	402.0000	0
14:56:31	177.0000	365.0000	0
14:56:31	183.0000	349.0000	0
14:56:31	192.0000	332.0000	0
14:56:31	195.0000	324.0000	0
14:56:31	187.0000	293.0000	0
14:56:31	189.0000	304.0000	0
14:56:31	182.0000	397.0000	0
14:56:31	187.0000	364.0000	0
14:56:31	186.0000	354.0000	0
14:56:31	188.0000	326.0000	0
14:56:31	188.0000	314.0000	0
14:56:31	183.0000	304.0000	0
14:56:31	183.0000	400.0000	0
14:56:31	182.0000	368.0000	0
14:56:31	187.0000	346.0000	0
14:56:31	186.0000	336.0000	0
14:56:31	190.0000	315.0000	0
14:56:31	190.0000	304.0000	0
14:56:31	182.0000	400.0000	0
14:56:31	181.0000	368.0000	0
14:56:31	187.0000	350.0000	0
14:56:31	185.0000	320.0000	0
14:56:31	195.0000	321.0000	0
14:56:31	189.0000	305.0000	0
14:56:31	187.0000	302.0000	0
14:56:31	181.0000	388.0000	0
14:56:31	179.0000	368.0000	0
14:56:31	187.0000	353.0000	0
14:56:31	188.0000	327.0000	0
14:56:31	192.0000	323.0000	0
14:56:31	192.0000	304.0000	0
14:56:31	185.0000	400.0000	0
14:56:31	181.0000	369.0000	0
14:56:31	187.0000	348.0000	0
14:56:31	186.0000	331.0000	0
14:56:31	184.0000	304.0000	0
14:56:31	190.0000	309.0000	0
14:56:31	176.0000	400.0000	0
14:56:31	176.0000	369.0000	0
14:56:31	181.0000	350.0000	0
14:56:31	179.0000	329.0000	0
14:56:31	191.0000	321.0000	0
14:56:31	180.0000	304.0000	0
14:56:31	176.0000	400.0000	0
14:56:31	173.0000	368.0000	0
14:56:31	176.0000	345.0000	0
14:56:31	176.0000	331.0000	0
14:56:31	175.0000	315.0000	0
14:56:31	183.0000	307.0000	0
14:56:31	176.0000	294.0000	0
14:56:31	176.0000	394.0000	0
14:56:31	179.0000	368.0000	0
14:56:31	185.0000	345.0000	0
14:56:31	190.0000	336.0000	0
14:56:31	189.0000	315.0000	0
14:56:31	187.0000	304.0000	0
14:56:31	189.0000	395.0000	0
14:56:31	188.0000	374.0000	0
14:56:31	193.0000	356.0000	0
14:56:31	186.0000	318.0000	0
14:56:31	190.0000	322.0000	0
14:56:31	188.0000	304.0000	0
14:56:31	182.0000	400.0000	0
14:56:31	179.0000	370.0000	0
14:56:31	181.0000	347.0000	0
14:56:31	182.0000	331.0000	0
14:56:31	208.0000	316.0000	0
14:56:31	178.0000	312.0000	0
14:56:31	175.0000	400.0000	0
14:56:31	176.0000	369.0000	0
14:56:31	176.0000	346.0000	0
14:56:31	176.0000	334.0000	0
14:56:31	179.0000	317.0000	0
14:56:31	178.0000	298.0000	0
14:56:31	177.0000	399.0000	0
14:56:31	179.0000	369.0000	0
14:56:31	165.0000	339.0000	0
14:56:31	185.0000	334.0000	0
14:56:31	185.0000	310.0000	0
14:56:31	186.0000	306.0000	0
14:56:31	197.0000	299.0000	0
14:56:31	175.0000	398.0000	0
14:56:31	175.0000	369.0000	0
14:56:31	177.0000	336.0000	0
14:56:31	183.0000	329.0000	0
14:56:31	188.0000	316.0000	0
14:56:31	183.0000	305.0000	0
14:56:31	178.0000	399.0000	0
14:56:31	179.0000	368.0000	0
14:56:31	180.0000	347.0000	0
14:56:31	186.0000	331.0000	0
14:56:31	187.0000	314.0000	0
14:56:31	193.0000	306.0000	0
14:56:31	187.0000	389.0000	0
14:56:31	185.0000	370.0000	0
14:56:31	180.0000	348.0000	0
14:56:31	189.0000	331.0000	0
14:56:31	181.0000	304.0000	0
14:56:31	194.0000	304.0000	0
14:56:31	179.0000	400.0000	0
14:56:31	177.0000	368.0000	0
14:56:31	180.0000	353.0000	0
14:56:31	181.0000	330.0000	0
14:56:31	178.0000	313.0000	0
14:56:31	179.0000	304.0000	0
14:56:31	176.0000	403.0000	0
14:56:31	178.0000	368.0000	0
14:56:31	179.0000	352.0000	0
14:56:31	182.0000	315.0000	0
14:56:31	186.0000	315.0000	0
14:56:31	187.0000	304.0000	0
14:56:31	192.0000	293.0000	0
14:56:31	182.0000	402.0000	0
14:56:31	176.0000	368.0000	0
14:56:31	178.0000	335.0000	0
14:56:31	176.0000	326.0000	0
14:56:31	179.0000	310.0000	0
14:56:32	177.0000	303.0000	0
14:56:32	176.0000	396.0000	0
14:56:32	176.0000	370.0000	0
14:56:32	179.0000	349.0000	0
14:56:32	180.0000	327.0000	0
14:56:32	182.0000	315.0000	0
14:56:32	179.0000	304.0000	0
14:56:32	175.0000	400.0000	0
14:56:32	175.0000	370.0000	0
14:56:32	176.0000	350.0000	0
14:56:32	176.0000	333.0000	0
14:56:32	176.0000	318.0000	0
14:56:32	176.0000	299.0000	0
14:56:32	173.0000	400.0000	0
14:56:32	176.0000	371.0000	0
14:56:32	182.0000	356.0000	0
14:56:32	180.0000	324.0000	0
14:56:32	187.0000	320.0000	0
14:56:32	185.0000	307.0000	0
14:56:32	180.0000	400.0000	0
14:56:32	186.0000	373.0000	0
14:56:32	182.0000	349.0000	0
14:56:32	181.0000	334.0000	0
14:56:32	182.0000	319.0000	0
14:56:32	181.0000	437.0000	0
14:56:32	183.0000	427.0000	0
14:56:32	189.0000	379.0000	0
14:56:32	183.0000	362.0000	0
14:56:32	179.0000	336.0000	0
14:56:32	182.0000	411.0000	0
14:56:32	186.0000	379.0000	0
14:56:32	181.0000	357.0000	0
14:56:32	183.0000	336.0000	0
14:56:32	181.0000	320.0000	0
14:56:32	177.0000	310.0000	0
14:56:32	178.0000	400.0000	0
14:56:32	186.0000	368.0000	0
14:56:32	178.0000	349.0000	0
14:56:32	176.0000	334.0000	0
14:56:32	177.0000	318.0000	0
14:56:32	176.0000	307.0000	0
14:56:32	176.0000	400.0000	0
14:56:32	179.0000	375.0000	0
14:56:32	177.0000	336.0000	0
14:56:32	184.0000	336.0000	0
14:56:32	180.0000	315.0000	0
14:56:32	180.0000	307.0000	0
14:56:32	178.0000	400.0000	0
14:56:32	176.0000	371.0000	0
14:56:32	176.0000	357.0000	0
14:56:32	178.0000	325.0000	0
14:56:32	178.0000	321.0000	0
14:56:32	176.0000	302.0000	0
14:56:32	176.0000	386.0000	0
14:56:32	179.0000	369.0000	0
14:56:32	182.0000	348.0000	0
14:56:32	178.0000	337.0000	0
14:56:32	176.0000	301.0000	0
14:56:32	190.0000	318.0000	0
14:56:32	176.0000	392.0000	0
14:56:32	169.0000	354.0000	0
14:56:32	176.0000	333.0000	0
14:56:32	177.0000	331.0000	0
14:56:32	178.0000	315.0000	0
14:56:32	176.0000	291.0000	0
14:56:32	185.0000	304.0000	0
14:56:32	178.0000	397.0000	0
14:56:32	176.0000	368.0000	0
14:56:32	182.0000	348.0000	0
14:56:32	179.0000	327.0000	0
14:56:32	179.0000	318.0000	0
14:56:32	179.0000	305.0000	0
14:56:32	176.0000	398.0000	0
14:56:32	176.0000	370.0000	0
14:56:32	176.0000	346.0000	0
14:56:32	174.0000	330.0000	0
14:56:32	176.0000	314.0000	0
14:56:32	176.0000	304.0000	0
14:56:32	185.0000	400.0000	0
14:56:32	174.0000	368.0000	0
14:56:32	176.0000	346.0000	0
14:56:32	176.0000	315.0000	0
14:56:32	178.0000	314.0000	0
14:56:32	178.0000	304.0000	0
14:56:32	173.0000	400.0000	0
14:56:32	175.0000	368.0000	0
14:56:32	176.0000	342.0000	0
14:56:32	177.0000	327.0000	0
14:56:32	176.0000	304.0000	0
14:56:32	179.0000	304.0000	0
14:56:32	176.0000	295.0000	0
14:56:32	177.0000	395.0000	0
14:56:32	177.0000	363.0000	0
14:56:32	177.0000	341.0000	0
14:56:32	180.0000	325.0000	0
14:56:32	176.0000	312.0000	0
14:56:32	179.0000	303.0000	0
14:56:32	182.0000	397.0000	0
14:56:32	179.0000	367.0000	0
14:56:32	199.0000	347.0000	0
14:56:32	179.0000	335.0000	0
14:56:32	182.0000	314.0000	0
14:56:32	208.0000	304.0000	0
14:56:32	176.0000	400.0000	0
14:56:32	176.0000	368.0000	0
14:56:32	175.0000	346.0000	0
14:56:32	173.0000	329.0000	0
14:56:32	177.0000	313.0000	0
14:56:32	174.0000	306.0000	0
14:56:32	170.0000	283.0000	0
14:56:32	176.0000	394.0000	0
14:56:32	183.0000	367.0000	0
14:56:32	181.0000	342.0000	0
14:56:32	182.0000	335.0000	0
14:56:32	191.0000	312.0000	0
14:56:32	187.0000	304.0000	0
14:56:32	191.0000	400.0000	0
14:56:32	190.0000	368.0000	0
14:56:32	199.0000	352.0000	0
14:56:32	192.0000	320.0000	0
14:56:32	195.0000	322.0000	0
14:56:32	192.0000	304.0000	0
14:56:32	189.0000	400.0000	0
14:56:32	182.0000	371.0000	0
14:56:32	188.0000	350.0000	0
14:56:32	192.0000	336.0000	0
14:56:32	187.0000	315.0000	0
14:56:32	187.0000	310.0000	0
14:56:32	185.0000	299.0000	0
14:56:32	182.0000	398.0000	0
14:56:32	181.0000	375.0000	0
14:56:32	183.0000	347.0000	0
14:56:32	182.0000	333.0000	0
14:56:32	178.0000	301.0000	0
14:56:32	181.0000	304.0000	0
14:56:32	182.0000	399.0000	0
14:56:32	185.0000	368.0000	0
14:56:32	182.0000	353.0000	0
14:56:32	182.0000	330.0000	0
14:56:32	178.0000	321.0000	0
14:56:32	178.0000	291.0000	0
14:56:32	191.0000	397.0000	0
14:56:32	190.0000	368.0000	0
14:56:32	189.0000	348.0000	0
14:56:32	190.0000	336.0000	0
14:56:32	187.0000	323.0000	0
14:56:32	189.0000	309.0000	0
14:56:32	181.0000	400.0000	0
14:56:32	179.0000	371.0000	0
14:56:32	181.0000	348.0000	0
14:56:32	177.0000	327.0000	0
14:56:32	181.0000	321.0000	0
14:56:32	176.0000	304.0000	0
14:56:32	182.0000	297.0000	0
14:56:32	188.0000	394.0000	0
14:56:32	193.0000	367.0000	0
14:56:32	186.0000	350.0000	0
14:56:32	181.0000	313.0000	0
14:56:32	183.0000	322.0000	0
14:56:32	182.0000	304.0000	0
14:56:32	178.0000	400.0000	0
14:56:32	179.0000	371.0000	0
14:56:32	181.0000	350.0000	0
14:56:32	182.0000	336.0000	0
14:56:32	178.0000	327.0000	0
14:56:32	178.0000	304.0000	0
14:56:32	179.0000	396.0000	0
14:56:32	179.0000	369.0000	0
14:56:32	180.0000	353.0000	0
14:56:32	179.0000	332.0000	0
14:56:32	179.0000	320.0000	0
14:56:32	176.0000	292.0000	0
14:56:32	175.0000	293.0000	0
14:56:32	180.0000	395.0000	0
14:56:32	190.0000	368.0000	0
14:56:32	193.0000	352.0000	0
14:56:32	185.0000	329.0000	0
14:56:32	181.0000	314.0000	0
14:56:32	181.0000	304.0000	0
14:56:32	182.0000	400.0000	0
14:56:32	179.0000	372.0000	0
14:56:32	178.0000	347.0000	0
14:56:32	185.0000	337.0000	0
14:56:32	176.0000	312.0000	0
14:56:32	176.0000	306.0000	0
14:56:32	176.0000	398.0000	0
14:56:32	176.0000	368.0000	0
14:56:32	176.0000	346.0000	0
14:56:32	176.0000	327.0000	0
14:56:32	179.0000	320.0000	0
14:56:32	176.0000	304.0000	0
14:56:32	179.0000	399.0000	0
14:56:32	181.0000	368.0000	0
14:56:32	181.0000	343.0000	0
14:56:32	183.0000	336.0000	0
14:56:32	180.0000	302.0000	0
14:56:32	192.0000	310.0000	0
14:56:32	185.0000	396.0000	0
14:56:32	177.0000	357.0000	0
14:56:32	178.0000	346.0000	0
14:56:32	180.0000	328.0000	0
14:56:32	179.0000	322.0000	0
14:56:32	181.0000	287.0000	0
14:56:32	192.0000	398.0000	0
14:56:32	207.0000	371.0000	0
14:56:32	202.0000	337.0000	0
14:56:32	208.0000	333.0000	0
14:56:32	205.0000	320.0000	0
14:56:32	208.0000	307.0000	0
14:56:32	208.0000	287.0000	0
14:56:32	231.0000	400.0000	0
14:56:32	233.0000	371.0000	0
14:56:32	225.0000	352.0000	0
14:56:32	226.0000	336.0000	0
14:56:32	235.0000	320.0000	0
14:56:32	226.0000	316.0000	0
14:56:32	209.0000	402.0000	0
14:56:32	208.0000	372.0000	0
14:56:32	211.0000	355.0000	0
14:56:32	218.0000	336.0000	0
14:56:32	223.0000	322.0000	0
14:56:32	234.0000	305.0000	0
14:56:32	288.0000	404.0000	0
14:56:32	299.0000	379.0000	0
14:56:32	320.0000	363.0000	0
14:56:32	362.0000	354.0000	0
14:56:32	400.0000	343.0000	0
14:56:32	416.0000	337.0000	0
14:56:32	441.0000	426.0000	0
14:56:33	432.0000	391.0000	0
14:56:33	432.0000	398.0000	0
14:56:33	433.0000	365.0000	0
14:56:33	433.0000	366.0000	0
14:56:33	434.0000	342.0000	0
14:56:33	435.0000	349.0000	0
14:56:33	426.0000	429.0000	0
14:56:33	418.0000	405.0000	0
14:56:33	432.0000	388.0000	0
14:56:33	441.0000	375.0000	0
14:56:33	441.0000	364.0000	0
14:56:33	439.0000	338.0000	0
14:56:33	496.0000	432.0000	0
14:56:33	478.0000	415.0000	0
14:56:33	464.0000	386.0000	0
14:56:33	452.0000	381.0000	0
14:56:33	461.0000	377.0000	0
14:56:33	464.0000	367.0000	0
14:56:33	445.0000	434.0000	0
14:56:33	466.0000	413.0000	0
14:56:33	453.0000	394.0000	0
14:56:33	448.0000	380.0000	0
14:56:33	461.0000	371.0000	0
14:56:33	464.0000	367.0000	0
14:56:33	469.0000	356.0000	0
14:56:33	627.0000	441.0000	0
14:56:33	662.0000	432.0000	0
14:56:33	721.0000	417.0000	0
14:56:33	752.0000	402.0000	0
14:56:33	782.0000	406.0000	0
14:56:33	817.0000	402.0000	0
14:56:33	794.0000	469.0000	0
14:56:33	772.0000	454.0000	0
14:56:33	757.0000	452.0000	0
14:56:33	736.0000	433.0000	0
14:56:33	720.0000	427.0000	0
14:56:33	702.0000	416.0000	0
14:56:33	715.0000	467.0000	0
14:56:33	751.0000	455.0000	0
14:56:33	752.0000	438.0000	0
14:56:33	742.0000	432.0000	0
14:56:33	739.0000	426.0000	0
14:56:33	768.0000	417.0000	0
14:56:33	983.0000	485.0000	0
14:56:33	1033.0000	477.0000	0
14:56:33	1138.0000	480.0000	0
14:56:33	1229.0000	469.0000	0
14:56:33	1244.0000	487.0000	0
14:56:33	1234.0000	493.0000	0
14:56:33	1418.0000	546.0000	0
14:56:33	1466.0000	551.0000	0
14:56:33	1485.0000	560.0000	0
14:56:33	1498.0000	565.0000	0
14:56:33	1533.0000	562.0000	0
14:56:33	1598.0000	576.0000	0
14:56:33	1632.0000	599.0000	0
14:56:33	1585.0000	602.0000	0
14:56:33	1535.0000	602.0000	0
14:56:33	1524.0000	601.0000	0
14:56:33	1508.0000	603.0000	0
14:56:33	1476.0000	589.0000	0
14:56:33	1427.0000	601.0000	0
14:56:33	1401.0000	593.0000	0
14:56:33	1423.0000	592.0000	0
14:56:33	1502.0000	589.0000	0
14:56:33	1491.0000	599.0000	0
14:56:33	1593.0000	599.0000	0
14:56:33	1903.0000	626.0000	0
14:56:33	1929.0000	646.0000	0
14:56:33	2063.0000	665.0000	0
14:56:33	2123.0000	687.0000	0
14:56:33	2103.0000	704.0000	0
14:56:33	2074.0000	718.0000	0
14:56:33	1776.0000	690.0000	0
14:56:33	1728.0000	689.0000	0
14:56:33	1680.0000	675.0000	0
14:56:33	1671.0000	687.0000	0
14:56:33	1698.0000	678.0000	0
14:56:33	1750.0000	667.0000	0
14:56:33	1815.0000	674.0000	0
14:56:33	1902.0000	683.0000	0
14:56:33	1888.0000	688.0000	0
14:56:33	1837.0000	693.0000	0
14:56:33	1887.0000	700.0000	0
14:56:33	1975.0000	706.0000	0
14:56:33	2163.0000	709.0000	0
14:56:33	2160.0000	726.0000	0
14:56:33	2118.0000	745.0000	0
14:56:33	2071.0000	749.0000	0
14:56:33	2142.0000	758.0000	0
14:56:33	2205.0000	771.0000	0
14:56:33	2412.0000	767.0000	0
14:56:33	2443.0000	794.0000	0
14:56:33	2514.0000	817.0000	0
14:56:33	2613.0000	848.0000	0
14:56:33	3731.0000	737.0000	0
14:56:33	3719.0000	831.0000	0
14:56:33	3722.0000	907.0000	1
14:56:33	3723.0000	969.0000	1
14:56:33	3719.0000	1027.0000	13
14:56:33	3741.0000	1043.0000	0
14:56:33	3725.0000	1090.0000	6
14:56:33	3722.0000	1130.0000	16
14:56:33	3719.0000	1173.0000	17
14:56:33	3718.0000	1203.0000	26
14:56:33	3725.0000	1238.0000	30
14:56:33	3711.0000	1222.0000	0
14:56:33	3719.0000	1249.0000	18
14:56:33	3725.0000	1272.0000	30
14:56:33	3693.0000	1292.0000	13
14:56:33	3715.0000	1311.0000	34
14:56:33	3725.0000	1340.0000	32
14:56:33	3728.0000	1325.0000	0
14:56:33	3721.0000	1327.0000	17
14:56:33	3718.0000	1345.0000	26
14:56:33	3729.0000	1357.0000	36
14:56:33	3718.0000	1371.0000	35
14:56:33	3729.0000	1357.0000	0
14:56:33	3725.0000	1356.0000	20
14:56:33	3706.0000	1363.0000	23
14:56:33	3719.0000	1380.0000	37
14:56:33	3717.0000	1390.0000	34
14:56:33	3727.0000	1406.0000	46
14:56:33	3711.0000	1397.0000	0
14:56:33	3724.0000	1385.0000	16
14:56:33	3727.0000	1393.0000	33
14:56:33	3689.0000	1403.0000	10
14:56:33	3723.0000	1415.0000	38
14:56:33	3723.0000	1419.0000	35
14:56:33	3729.0000	1399.0000	1
14:56:33	3722.0000	1399.0000	26
14:56:33	3717.0000	1408.0000	32
14:56:33	3723.0000	1411.0000	42
14:56:33	3715.0000	1422.0000	36
14:56:33	3727.0000	1398.0000	0
14:56:33	3727.0000	1395.0000	19
14:56:33	3723.0000	1397.0000	30
14:56:33	3724.0000	1402.0000	46
14:56:33	3719.0000	1410.0000	48
14:56:33	3742.0000	1426.0000	37
14:56:33	3718.0000	1400.0000	5
14:56:33	3728.0000	1397.0000	27
14:56:33	3744.0000	1402.0000	30
14:56:33	3695.0000	1408.0000	23
14:56:33	3728.0000	1425.0000	44
14:56:33	3724.0000	1427.0000	48
14:56:33	3728.0000	1410.0000	3
14:56:33	3727.0000	1403.0000	27
14:56:33	3721.0000	1408.0000	33
14:56:33	3721.0000	1417.0000	33
14:56:33	3719.0000	1424.0000	39
14:56:33	3737.0000	1400.0000	3
14:56:33	3726.0000	1404.0000	27
14:56:33	3697.0000	1404.0000	11
14:56:33	3728.0000	1417.0000	32
14:56:33	3719.0000	1424.0000	35
14:56:33	3749.0000	1443.0000	21
14:56:33	3728.0000	1400.0000	10
14:56:33	3727.0000	1407.0000	23
14:56:33	3728.0000	1413.0000	38
14:56:33	3727.0000	1418.0000	35
14:56:33	3734.0000	1438.0000	33
14:56:33	3726.0000	1438.0000	29
14:56:33	3728.0000	1412.0000	1
14:56:33	3748.0000	1409.0000	21
14:56:33	3723.0000	1414.0000	30
14:56:33	3728.0000	1424.0000	20
14:56:33	3726.0000	1430.0000	38
14:56:33	3724.0000	1404.0000	5
14:56:33	3726.0000	1399.0000	25
14:56:33	3717.0000	1408.0000	32
14:56:33	3731.0000	1421.0000	34
14:56:33	3727.0000	1427.0000	43
14:56:33	3694.0000	1433.0000	19
14:56:33	3743.0000	1419.0000	0
14:56:33	3741.0000	1413.0000	21
14:56:33	3722.0000	1413.0000	30
14:56:33	3695.0000	1422.0000	34
14:56:33	3716.0000	1423.0000	38
14:56:33	3724.0000	1439.0000	46
14:56:33	3730.0000	1416.0000	3
14:56:33	3723.0000	1412.0000	24
14:56:33	3724.0000	1415.0000	35
14:56:33	3722.0000	1419.0000	37
14:56:33	3723.0000	1428.0000	48
14:56:33	3728.0000	1403.0000	1
14:56:33	3729.0000	1403.0000	5
14:56:33	3698.0000	1392.0000	29
14:56:33	3728.0000	1421.0000	33
14:56:33	3745.0000	1423.0000	43
14:56:33	3694.0000	1435.0000	16
14:56:33	3716.0000	1410.0000	3
14:56:33	3747.0000	1404.0000	23
14:56:33	3697.0000	1408.0000	15
14:56:33	3722.0000	1418.0000	41
14:56:33	3729.0000	1430.0000	37
14:56:33	3735.0000	1439.0000	28
14:56:33	3729.0000	1415.0000	0
14:56:33	3717.0000	1412.0000	26
14:56:33	3722.0000	1403.0000	46
14:56:33	3690.0000	1417.0000	48
14:56:33	3734.0000	1425.0000	46
14:56:33	3728.0000	1404.0000	1
14:56:33	3728.0000	1396.0000	20
14:56:33	3718.0000	1413.0000	34
14:56:33	3721.0000	1422.0000	31
14:56:33	3739.0000	1446.0000	18
14:56:33	3728.0000	1431.0000	33
14:56:33	3721.0000	1408.0000	6
14:56:33	3726.0000	1408.0000	26
14:56:33	3719.0000	1413.0000	27
14:56:33	3730.0000	1421.0000	34
14:56:33	3719.0000	1420.0000	41
14:56:33	3723.0000	1437.0000	38
14:56:33	3735.0000	1419.0000	0
14:56:33	3719.0000	1402.0000	19
14:56:33	3717.0000	1413.0000	30
14:56:33	3726.0000	1420.0000	35
14:56:33	3717.0000	1426.0000	40
14:56:33	3719.0000	1411.0000	2
14:56:33	3693.0000	1397.0000	8
14:56:33	3735.0000	1420.0000	27
14:56:33	3727.0000	1419.0000	36
14:56:33	3726.0000	1427.0000	39
14:56:33	3719.0000	1436.0000	43
14:56:33	3719.0000	1411.0000	1
14:56:33	3745.0000	1409.0000	3
14:56:33	3710.0000	1413.0000	28
14:56:33	3721.0000	1419.0000	39
14:56:33	3728.0000	1431.0000	47
14:56:33	3690.0000	1439.0000	16
14:56:33	3726.0000	1414.0000	1
14:56:33	3723.0000	1405.0000	22
14:56:34	3691.0000	1410.0000	14
14:56:34	3713.0000	1423.0000	42
14:56:34	3719.0000	1438.0000	37
14:56:34	3728.0000	1408.0000	2
14:56:34	3723.0000	1402.0000	19
14:56:34	3716.0000	1405.0000	28
14:56:34	3727.0000	1415.0000	35
14:56:34	3687.0000	1404.0000	32
14:56:34	3718.0000	1426.0000	42
14:56:34	3728.0000	1414.0000	0
14:56:34	3728.0000	1403.0000	17
14:56:34	3734.0000	1413.0000	38
14:56:34	3722.0000	1424.0000	45
14:56:34	3728.0000	1418.0000	52
14:56:34	3718.0000	1428.0000	46
14:56:34	3725.0000	1415.0000	0
14:56:34	3725.0000	1408.0000	20
14:56:34	3722.0000	1414.0000	26
14:56:34	3727.0000	1424.0000	43
14:56:34	3728.0000	1428.0000	38
14:56:34	3728.0000	1405.0000	4
14:56:34	3717.0000	1398.0000	19
14:56:34	3728.0000	1403.0000	31
14:56:34	3721.0000	1419.0000	34
14:56:34	3718.0000	1425.0000	41
14:56:34	3738.0000	1436.0000	39
14:56:34	3693.0000	1405.0000	5
14:56:34	3690.0000	1410.0000	1
14:56:34	3724.0000	1402.0000	34
14:56:34	3721.0000	1419.0000	35
14:56:34	3728.0000	1429.0000	24
14:56:34	3683.0000	1439.0000	43
14:56:34	3717.0000	1417.0000	0
14:56:34	3726.0000	1411.0000	26
14:56:34	3725.0000	1416.0000	27
14:56:34	3733.0000	1431.0000	27
14:56:34	3727.0000	1429.0000	39
14:56:34	3728.0000	1407.0000	3
14:56:34	3716.0000	1390.0000	39
14:56:34	3723.0000	1400.0000	38
14:56:34	3735.0000	1412.0000	32
14:56:34	3715.0000	1415.0000	48
14:56:34	3730.0000	1433.0000	43
14:56:34	3723.0000	1411.0000	2
14:56:34	3717.0000	1401.0000	22
14:56:34	3731.0000	1415.0000	30
14:56:34	3725.0000	1421.0000	34
14:56:34	3737.0000	1435.0000	17
14:56:34	3687.0000	1445.0000	36
14:56:34	3726.0000	1409.0000	0
14:56:34	3718.0000	1403.0000	18
14:56:34	3728.0000	1413.0000	30
14:56:34	3719.0000	1428.0000	33
14:56:34	3724.0000	1424.0000	33
14:56:34	3728.0000	1408.0000	3
14:56:34	3723.0000	1392.0000	30
14:56:34	3727.0000	1408.0000	33
14:56:34	3724.0000	1417.0000	30
14:56:34	3717.0000	1422.0000	35
14:56:34	3745.0000	1428.0000	43
14:56:34	3723.0000	1412.0000	4
14:56:34	3719.0000	1410.0000	18
14:56:34	3724.0000	1413.0000	37
14:56:34	3728.0000	1419.0000	37
14:56:34	3715.0000	1427.0000	41
14:56:34	3715.0000	1432.0000	44
14:56:34	3725.0000	1416.0000	3
14:56:34	3718.0000	1405.0000	22
14:56:34	3695.0000	1412.0000	14
14:56:34	3722.0000	1413.0000	41
14:56:34	3722.0000	1433.0000	37
14:56:34	3711.0000	1404.0000	0
14:56:34	3716.0000	1397.0000	31
14:56:34	3718.0000	1401.0000	38
14:56:34	3722.0000	1408.0000	48
14:56:34	3653.0000	1423.0000	16
14:56:34	3743.0000	1440.0000	35
14:56:34	3730.0000	1417.0000	0
14:56:34	3697.0000	1415.0000	0
14:56:34	3717.0000	1421.0000	20
14:56:34	3721.0000	1427.0000	27
14:56:34	3724.0000	1429.0000	39
14:56:34	3722.0000	1443.0000	33
14:56:34	3723.0000	1410.0000	10
14:56:34	3747.0000	1407.0000	32
14:56:34	3693.0000	1407.0000	19
14:56:34	3717.0000	1412.0000	44
14:56:34	3733.0000	1426.0000	43
14:56:34	3728.0000	1409.0000	1
14:56:34	3723.0000	1409.0000	19
14:56:34	3716.0000	1412.0000	34
14:56:34	3728.0000	1415.0000	44
14:56:34	3719.0000	1421.0000	45
14:56:34	3721.0000	1433.0000	48
14:56:34	3727.0000	1415.0000	3
14:56:34	3725.0000	1404.0000	28
14:56:34	3717.0000	1403.0000	47
14:56:34	3719.0000	1411.0000	50
14:56:34	3720.0000	1422.0000	54
14:56:34	3719.0000	1426.0000	49
14:56:34	3730.0000	1415.0000	1
14:56:34	3728.0000	1403.0000	27
14:56:34	3729.0000	1415.0000	18
14:56:34	3728.0000	1415.0000	39
14:56:34	3728.0000	1425.0000	48
14:56:34	3739.0000	1415.0000	0
14:56:34	3685.0000	1394.0000	36
14:56:34	3728.0000	1412.0000	34
14:56:34	3719.0000	1416.0000	48
14:56:34	3728.0000	1419.0000	49
14:56:34	3726.0000	1428.0000	50
14:56:34	3728.0000	1410.0000	0
14:56:34	3733.0000	1402.0000	16
14:56:34	3710.0000	1380.0000	41
14:56:34	3739.0000	1419.0000	46
14:56:34	3721.0000	1420.0000	48
14:56:34	3701.0000	1424.0000	37
14:56:34	3714.0000	1410.0000	7
14:56:34	3709.0000	1405.0000	26
14:56:34	3734.0000	1432.0000	16
14:56:34	3691.0000	1383.0000	37
14:56:34	3715.0000	1426.0000	36
14:56:34	3725.0000	1393.0000	9
14:56:34	3728.0000	1393.0000	30
14:56:34	3735.0000	1400.0000	42
14:56:34	3716.0000	1408.0000	48
14:56:34	3719.0000	1421.0000	45
14:56:34	3721.0000	1430.0000	42
14:56:34	3718.0000	1410.0000	0
14:56:34	3728.0000	1398.0000	26
14:56:34	3718.0000	1409.0000	41
14:56:34	3721.0000	1415.0000	42
14:56:34	3723.0000	1428.0000	44
14:56:34	3723.0000	1431.0000	49
14:56:34	3728.0000	1410.0000	4
14:56:34	3726.0000	1406.0000	22
14:56:34	3728.0000	1415.0000	34
14:56:34	3728.0000	1418.0000	39
14:56:34	3727.0000	1430.0000	47
14:56:34	3728.0000	1407.0000	1
14:56:34	3733.0000	1403.0000	14
14:56:34	3726.0000	1412.0000	31
14:56:34	3734.0000	1431.0000	35
14:56:34	3731.0000	1427.0000	43
14:56:34	3737.0000	1435.0000	36
14:56:34	3718.0000	1411.0000	3
14:56:34	3727.0000	1405.0000	29
14:56:34	3719.0000	1409.0000	47
14:56:34	3728.0000	1417.0000	44
14:56:34	3723.0000	1426.0000	43
14:56:34	3727.0000	1437.0000	46
14:56:34	3714.0000	1411.0000	0
14:56:34	3725.0000	1415.0000	19
14:56:34	3721.0000	1378.0000	0
14:56:34	3706.0000	1379.0000	18
14:56:34	3718.0000	1388.0000	41
14:56:34	3723.0000	1387.0000	44
14:56:34	3722.0000	1403.0000	48
14:56:34	3735.0000	1386.0000	0
14:56:34	3728.0000	1382.0000	26
14:56:34	3725.0000	1384.0000	39
14:56:34	3722.0000	1395.0000	48
14:56:34	3719.0000	1404.0000	48
14:56:34	3726.0000	1417.0000	50
14:56:34	3682.0000	1381.0000	0
14:56:34	3728.0000	1402.0000	16
14:56:34	3728.0000	1406.0000	30
14:56:34	3731.0000	1431.0000	16
14:56:34	3691.0000	1426.0000	11
14:56:34	3726.0000	1408.0000	0
14:56:34	3735.0000	1398.0000	8
14:56:34	3680.0000	1404.0000	2
14:56:34	3732.0000	1422.0000	30
14:56:34	3722.0000	1428.0000	32
14:56:34	3723.0000	1440.0000	26
14:56:34	3731.0000	1404.0000	5
14:56:34	3707.0000	1414.0000	16
14:56:34	3742.0000	1420.0000	16
14:56:34	3700.0000	1423.0000	32
14:56:34	3728.0000	1433.0000	35
14:56:34	3718.0000	1433.0000	42
14:56:34	3726.0000	1415.0000	2
14:56:34	3725.0000	1401.0000	30
14:56:34	3721.0000	1405.0000	41
14:56:34	3721.0000	1415.0000	46
14:56:34	3723.0000	1422.0000	48
14:56:34	3722.0000	1408.0000	0
14:56:34	3721.0000	1397.0000	22
14:56:34	3719.0000	1408.0000	34
14:56:34	3733.0000	1421.0000	27
14:56:34	3725.0000	1426.0000	35
14:56:34	3726.0000	1436.0000	35
14:56:34	3738.0000	1424.0000	0
14:56:34	3722.0000	1411.0000	18
14:56:34	3726.0000	1417.0000	27
14:56:34	3728.0000	1422.0000	34
14:56:34	3728.0000	1435.0000	40
14:56:34	3729.0000	1437.0000	48
14:56:34	3707.0000	1410.0000	0
14:56:34	3730.0000	1422.0000	16
14:56:34	3723.0000	1420.0000	28
14:56:34	3698.0000	1424.0000	16
14:56:34	3687.0000	1435.0000	31
14:56:34	3722.0000	1410.0000	3
14:56:34	3726.0000	1401.0000	21
14:56:34	3722.0000	1413.0000	32
14:56:34	3733.0000	1423.0000	28
14:56:34	3722.0000	1433.0000	35
14:56:34	3696.0000	1440.0000	14
14:56:34	3739.0000	1423.0000	0
14:56:34	3742.0000	1407.0000	19
14:56:34	3724.0000	1416.0000	29
14:56:34	3686.0000	1423.0000	30
14:56:34	3690.0000	1429.0000	36
14:56:34	3703.0000	1436.0000	45
14:56:34	3722.0000	1414.0000	1
14:56:34	3719.0000	1400.0000	28
14:56:34	3722.0000	1404.0000	48
14:56:34	3682.0000	1414.0000	21
14:56:34	3718.0000	1421.0000	48
14:56:34	3727.0000	1410.0000	1
14:56:34	3722.0000	1402.0000	18
14:56:34	3684.0000	1410.0000	27
14:56:34	3718.0000	1414.0000	34
14:56:34	3722.0000	1419.0000	42
14:56:34	3730.0000	1437.0000	33
14:56:34	3722.0000	1414.0000	0
14:56:34	3726.0000	1405.0000	21
14:56:34	3721.0000	1411.0000	31
14:56:34	3714.0000	1410.0000	44
14:56:34	3726.0000	1428.0000	39
14:56:34	3726.0000	1440.0000	35
14:56:34	3724.0000	1415.0000	2
14:56:34	3728.0000	1414.0000	20
14:56:34	3713.0000	1417.0000	38
14:56:34	3679.0000	1427.0000	30
14:56:34	3731.0000	1442.0000	30
14:56:34	3728.0000	1406.0000	2
14:56:34	3721.0000	1405.0000	17
14:56:34	3726.0000	1416.0000	29
14:56:34	3728.0000	1420.0000	33
14:56:34	3727.0000	1432.0000	35
14:56:35	3728.0000	1436.0000	39
14:56:35	3726.0000	1416.0000	1
14:56:35	3744.0000	1405.0000	23
14:56:35	3717.0000	1413.0000	31
14:56:35	3739.0000	1416.0000	40
14:56:35	3726.0000	1431.0000	43
14:56:35	3682.0000	1437.0000	46
14:56:35	3723.0000	1420.0000	0
14:56:35	3723.0000	1414.0000	20
14:56:35	3733.0000	1437.0000	15
14:56:35	3693.0000	1409.0000	29
14:56:35	3728.0000	1429.0000	31
14:56:35	3722.0000	1409.0000	0
14:56:35	3718.0000	1408.0000	17
14:56:35	3737.0000	1417.0000	28
14:56:35	3728.0000	1417.0000	33
14:56:35	3730.0000	1437.0000	16
14:56:35	3718.0000	1442.0000	36
14:56:35	3719.0000	1405.0000	3
14:56:35	3721.0000	1397.0000	24
14:56:35	3724.0000	1408.0000	33
14:56:35	3723.0000	1422.0000	37
14:56:35	3718.0000	1420.0000	46
14:56:35	3713.0000	1431.0000	45
14:56:35	3728.0000	1399.0000	11
14:56:35	3725.0000	1404.0000	21
14:56:35	3721.0000	1416.0000	28
14:56:35	3721.0000	1422.0000	33
14:56:35	3728.0000	1437.0000	34
14:56:35	3727.0000	1402.0000	10
14:56:35	3696.0000	1398.0000	0
14:56:35	3715.0000	1403.0000	30
14:56:35	3724.0000	1423.0000	29
14:56:35	3737.0000	1430.0000	18
14:56:35	3702.0000	1436.0000	32
14:56:35	3719.0000	1410.0000	0
14:56:35	3714.0000	1403.0000	20
14:56:35	3681.0000	1411.0000	11
14:56:35	3712.0000	1416.0000	39
14:56:35	3718.0000	1430.0000	34
14:56:35	3733.0000	1434.0000	29
14:56:35	3719.0000	1414.0000	0
14:56:35	3717.0000	1396.0000	23
14:56:35	3723.0000	1398.0000	44
14:56:35	3727.0000	1413.0000	41
14:56:35	3713.0000	1422.0000	49
14:56:35	3726.0000	1407.0000	0
14:56:35	3715.0000	1404.0000	24
14:56:35	3714.0000	1404.0000	43
14:56:35	3719.0000	1408.0000	42
14:56:35	3725.0000	1422.0000	51
14:56:35	3723.0000	1430.0000	40
14:56:35	3723.0000	1412.0000	3
14:56:35	3750.0000	1403.0000	22
14:56:35	3716.0000	1409.0000	33
14:56:35	3719.0000	1411.0000	39
14:56:35	3739.0000	1419.0000	46
14:56:35	3726.0000	1432.0000	44
14:56:35	3717.0000	1417.0000	8
14:56:35	3719.0000	1408.0000	22
14:56:35	3727.0000	1407.0000	25
14:56:35	3687.0000	1415.0000	45
14:56:35	3729.0000	1432.0000	43
14:56:35	3725.0000	1402.0000	6
14:56:35	3723.0000	1401.0000	27
14:56:35	3713.0000	1402.0000	46
14:56:35	3719.0000	1411.0000	46
14:56:35	3733.0000	1436.0000	27
14:56:35	3673.0000	1430.0000	39
14:56:35	3715.0000	1407.0000	5
14:56:35	3723.0000	1402.0000	22
14:56:35	3680.0000	1410.0000	10
14:56:35	3741.0000	1423.0000	32
14:56:35	3707.0000	1429.0000	33
14:56:35	3680.0000	1443.0000	32
14:56:35	3733.0000	1415.0000	0
14:56:35	3713.0000	1416.0000	18
14:56:35	3714.0000	1419.0000	28
14:56:35	3713.0000	1430.0000	33
14:56:35	3715.0000	1427.0000	38
14:56:35	3721.0000	1406.0000	3
14:56:35	3703.0000	1406.0000	21
14:56:35	3712.0000	1410.0000	37
14:56:35	3716.0000	1420.0000	39
14:56:35	3686.0000	1436.0000	33
14:56:35	3712.0000	1425.0000	39
14:56:35	3717.0000	1417.0000	0
14:56:35	3680.0000	1393.0000	26
14:56:35	3707.0000	1405.0000	34
14:56:35	3719.0000	1419.0000	34
14:56:35	3722.0000	1424.0000	36
14:56:35	3713.0000	1439.0000	38
14:56:35	3710.0000	1421.0000	3
14:56:35	3711.0000	1404.0000	28
14:56:35	3681.0000	1403.0000	21
14:56:35	3710.0000	1419.0000	38
14:56:35	3713.0000	1433.0000	36
14:56:35	3697.0000	1401.0000	0
14:56:35	3713.0000	1405.0000	16
14:56:35	3706.0000	1401.0000	30
14:56:35	3714.0000	1412.0000	43
14:56:35	3665.0000	1415.0000	9
14:56:35	3702.0000	1443.0000	32
14:56:35	3711.0000	1411.0000	0
14:56:35	3707.0000	1398.0000	21
14:56:35	3703.0000	1410.0000	27
14:56:35	3696.0000	1420.0000	33
14:56:35	3707.0000	1425.0000	41
14:56:35	3702.0000	1441.0000	29
14:56:35	3458.0000	1399.0000	0
14:56:35	3343.0000	1386.0000	18
14:56:35	3189.0000	1373.0000	27
14:56:35	3056.0000	1362.0000	33
14:56:35	2922.0000	1352.0000	29
14:56:35	2535.0000	1283.0000	0
14:56:35	2534.0000	1248.0000	14
14:56:35	2480.0000	1225.0000	13
14:56:35	2494.0000	1203.0000	20
14:56:35	2513.0000	1194.0000	15
14:56:35	2509.0000	1179.0000	16
14:56:35	2095.0000	1104.0000	0
14:56:35	2062.0000	1073.0000	0
14:56:35	2005.0000	1049.0000	0
14:56:35	1950.0000	1022.0000	0
14:56:35	1920.0000	997.0000	0
14:56:35	1885.0000	970.0000	0
14:56:35	1797.0000	903.0000	0
14:56:35	1846.0000	884.0000	0
14:56:35	1835.0000	853.0000	0
14:56:35	1951.0000	859.0000	0
14:56:35	2128.0000	859.0000	0
14:56:35	2254.0000	864.0000	0
14:56:35	2276.0000	835.0000	0
14:56:35	2247.0000	845.0000	0
14:56:35	2226.0000	854.0000	0
14:56:35	2182.0000	845.0000	0
14:56:35	2115.0000	855.0000	0
14:56:35	2070.0000	859.0000	0
14:56:35	1795.0000	807.0000	0
14:56:35	1754.0000	791.0000	0
14:56:35	1708.0000	773.0000	0
14:56:35	1670.0000	760.0000	0
14:56:35	1621.0000	727.0000	0
14:56:35	1586.0000	731.0000	0
14:56:35	1299.0000	691.0000	0
14:56:35	1280.0000	676.0000	0
14:56:35	1255.0000	631.0000	0
14:56:35	1219.0000	625.0000	0
14:56:35	1197.0000	610.0000	0
14:56:35	1174.0000	578.0000	0
14:56:35	1034.0000	598.0000	0
14:56:35	1011.0000	572.0000	0
14:56:35	1009.0000	556.0000	0
14:56:35	1023.0000	539.0000	0
14:56:35	1078.0000	528.0000	0
14:56:35	1092.0000	524.0000	0
14:56:35	1403.0000	572.0000	0
14:56:35	1411.0000	569.0000	0
14:56:35	1402.0000	569.0000	0
14:56:35	1373.0000	569.0000	0
14:56:35	1333.0000	566.0000	0
14:56:35	1296.0000	561.0000	0
14:56:35	1073.0000	575.0000	0
14:56:35	1040.0000	559.0000	0
14:56:35	1034.0000	543.0000	0
14:56:35	1021.0000	528.0000	0
14:56:35	1002.0000	511.0000	0
14:56:35	982.0000	501.0000	0
14:56:35	796.0000	530.0000	0
14:56:35	774.0000	494.0000	0
14:56:35	752.0000	468.0000	0
14:56:35	735.0000	464.0000	0
14:56:35	720.0000	453.0000	0
14:56:35	698.0000	425.0000	0
14:56:35	607.0000	495.0000	0
14:56:35	580.0000	464.0000	0
14:56:35	570.0000	440.0000	0
14:56:35	555.0000	415.0000	0
14:56:35	534.0000	410.0000	0
14:56:35	528.0000	399.0000	0
14:56:35	439.0000	464.0000	0
14:56:35	432.0000	445.0000	0
14:56:35	427.0000	414.0000	0
14:56:35	410.0000	395.0000	0
14:56:35	400.0000	365.0000	0
14:56:35	398.0000	366.0000	0
14:56:35	383.0000	356.0000	0
14:56:35	333.0000	435.0000	0
14:56:35	327.0000	417.0000	0
14:56:35	318.0000	384.0000	0
14:56:35	309.0000	368.0000	0
14:56:35	305.0000	353.0000	0
14:56:35	298.0000	344.0000	0
14:56:35	272.0000	431.0000	0
14:56:35	272.0000	400.0000	0
14:56:35	272.0000	384.0000	0
14:56:35	260.0000	359.0000	0
14:56:35	257.0000	342.0000	0
14:56:35	254.0000	335.0000	0
14:56:35	238.0000	425.0000	0
14:56:35	240.0000	393.0000	0
14:56:35	233.0000	371.0000	0
14:56:35	235.0000	362.0000	0
14:56:35	227.0000	337.0000	0
14:56:35	223.0000	327.0000	0
14:56:35	213.0000	417.0000	0
14:56:35	209.0000	386.0000	0
14:56:35	218.0000	370.0000	0
14:56:35	208.0000	334.0000	0
14:56:35	208.0000	337.0000	0
14:56:35	206.0000	321.0000	0
14:56:35	195.0000	400.0000	0
14:56:35	202.0000	384.0000	0
14:56:35	197.0000	363.0000	0
14:56:35	195.0000	349.0000	0
14:56:35	192.0000	311.0000	0
14:56:35	195.0000	325.0000	0
14:56:35	194.0000	308.0000	0
14:56:35	197.0000	405.0000	0
14:56:35	195.0000	391.0000	0
14:56:35	192.0000	356.0000	0
14:56:35	196.0000	346.0000	0
14:56:35	191.0000	323.0000	0
14:56:35	193.0000	313.0000	0
14:56:35	195.0000	411.0000	0
14:56:35	201.0000	381.0000	0
14:56:35	195.0000	368.0000	0
14:56:35	194.0000	340.0000	0
14:56:35	196.0000	336.0000	0
14:56:35	192.0000	317.0000	0
14:56:35	195.0000	409.0000	0
14:56:35	193.0000	383.0000	0
14:56:35	193.0000	361.0000	0
14:56:35	191.0000	348.0000	0
14:56:35	187.0000	332.0000	0
14:56:35	190.0000	316.0000	0
14:56:36	190.0000	413.0000	0
14:56:36	193.0000	386.0000	0
14:56:36	192.0000	362.0000	0
14:56:36	188.0000	339.0000	0
14:56:36	188.0000	336.0000	0
14:56:36	186.0000	314.0000	0
14:56:36	177.0000	405.0000	0
14:56:36	189.0000	384.0000	0
14:56:36	191.0000	362.0000	0
14:56:36	192.0000	339.0000	0
14:56:36	191.0000	326.0000	0
14:56:36	190.0000	320.0000	0
14:56:36	191.0000	413.0000	0
14:56:36	189.0000	382.0000	0
14:56:36	192.0000	363.0000	0
14:56:36	192.0000	345.0000	0
14:56:36	190.0000	329.0000	0
14:56:36	188.0000	319.0000	0
14:56:36	189.0000	411.0000	0
14:56:36	192.0000	382.0000	0
14:56:36	192.0000	361.0000	0
14:56:36	192.0000	341.0000	0
14:56:36	190.0000	320.0000	0
14:56:36	192.0000	314.0000	0
14:56:36	191.0000	412.0000	0
14:56:36	194.0000	382.0000	0
14:56:36	193.0000	358.0000	0
14:56:36	198.0000	344.0000	0
14:56:36	197.0000	327.0000	0
14:56:36	196.0000	310.0000	0
14:56:36	193.0000	409.0000	0
14:56:36	197.0000	384.0000	0
14:56:36	197.0000	358.0000	0
14:56:36	196.0000	339.0000	0
14:56:36	198.0000	327.0000	0
14:56:36	198.0000	316.0000	0
14:56:36	194.0000	306.0000	0
14:56:36	191.0000	406.0000	0
14:56:36	192.0000	378.0000	0
14:56:36	191.0000	354.0000	0
14:56:36	195.0000	336.0000	0
14:56:36	192.0000	338.0000	0
14:56:36	192.0000	317.0000	0
14:56:36	185.0000	406.0000	0
14:56:36	180.0000	378.0000	0
14:56:36	183.0000	358.0000	0
14:56:36	183.0000	325.0000	0
14:56:36	183.0000	322.0000	0
14:56:36	181.0000	311.0000	0
14:56:36	183.0000	406.0000	0
14:56:36	185.0000	377.0000	0
14:56:36	179.0000	355.0000	0
14:56:36	179.0000	336.0000	0
14:56:36	180.0000	320.0000	0
14:56:36	178.0000	311.0000	0
14:56:36	179.0000	412.0000	0
14:56:36	178.0000	381.0000	0
14:56:36	177.0000	355.0000	0
14:56:36	178.0000	336.0000	0
14:56:36	186.0000	324.0000	0
14:56:36	176.0000	319.0000	0
14:56:36	171.0000	409.0000	0
14:56:36	174.0000	379.0000	0
14:56:36	175.0000	357.0000	0
14:56:36	175.0000	333.0000	0
14:56:36	173.0000	321.0000	0
14:56:36	170.0000	309.0000	0
14:56:36	164.0000	407.0000	0
14:56:36	166.0000	379.0000	0
14:56:36	172.0000	364.0000	0
14:56:36	169.0000	338.0000	0
14:56:36	166.0000	325.0000	0
14:56:36	169.0000	311.0000	0
14:56:36	163.0000	411.0000	0
14:56:36	163.0000	381.0000	0
14:56:36	161.0000	354.0000	0
14:56:36	171.0000	336.0000	0
14:56:36	168.0000	321.0000	0
14:56:36	167.0000	311.0000	0
14:56:36	175.0000	418.0000	0
14:56:36	169.0000	368.0000	0
14:56:36	174.0000	359.0000	0
14:56:36	175.0000	337.0000	0
14:56:36	160.0000	314.0000	0
14:56:36	163.0000	420.0000	0
14:56:36	169.0000	384.0000	0
14:56:36	172.0000	367.0000	0
14:56:36	173.0000	340.0000	0
14:56:36	170.0000	302.0000	0
14:56:36	170.0000	308.0000	0
14:56:36	171.0000	302.0000	0
14:56:36	176.0000	412.0000	0
14:56:36	170.0000	376.0000	0
14:56:36	173.0000	352.0000	0
14:56:36	174.0000	336.0000	0
14:56:36	173.0000	319.0000	0
14:56:36	174.0000	306.0000	0
14:56:36	174.0000	411.0000	0
14:56:36	187.0000	384.0000	0
14:56:36	177.0000	353.0000	0
14:56:36	187.0000	323.0000	0
14:56:36	187.0000	321.0000	0
14:56:36	189.0000	310.0000	0
14:56:36	187.0000	413.0000	0
14:56:36	192.0000	384.0000	0
14:56:36	202.0000	367.0000	0
14:56:36	192.0000	340.0000	0
14:56:36	193.0000	325.0000	0
14:56:36	193.0000	314.0000	0
14:56:36	191.0000	414.0000	0
14:56:36	192.0000	388.0000	0
14:56:36	189.0000	345.0000	0
14:56:36	196.0000	343.0000	0
14:56:36	194.0000	325.0000	0
14:56:36	194.0000	321.0000	0
14:56:36	190.0000	413.0000	0
14:56:36	189.0000	384.0000	0
14:56:36	196.0000	368.0000	0
14:56:36	195.0000	324.0000	0
14:56:36	205.0000	335.0000	0
14:56:36	209.0000	319.0000	0
14:56:36	203.0000	307.0000	0
14:56:36	197.0000	405.0000	0
14:56:36	198.0000	379.0000	0
14:56:36	202.0000	359.0000	0
14:56:36	202.0000	337.0000	0
14:56:36	205.0000	334.0000	0
14:56:36	203.0000	317.0000	0
14:56:36	197.0000	414.0000	0
14:56:36	202.0000	384.0000	0
14:56:36	207.0000	358.0000	0
14:56:36	210.0000	346.0000	0
14:56:36	205.0000	311.0000	0
14:56:36	208.0000	322.0000	0
14:56:36	197.0000	415.0000	0
14:56:36	207.0000	382.0000	0
14:56:36	208.0000	357.0000	0
14:56:36	206.0000	343.0000	0
14:56:36	207.0000	334.0000	0
14:56:36	205.0000	315.0000	0
14:56:36	198.0000	413.0000	0
14:56:36	203.0000	384.0000	0
14:56:36	206.0000	359.0000	0
14:56:36	208.0000	345.0000	0
14:56:36	209.0000	327.0000	0
14:56:36	208.0000	320.0000	0
14:56:36	207.0000	307.0000	0
14:56:36	196.0000	411.0000	0
14:56:36	204.0000	384.0000	0
14:56:36	208.0000	355.0000	0
14:56:36	208.0000	339.0000	0
14:56:36	217.0000	327.0000	0
14:56:36	214.0000	315.0000	0
14:56:36	208.0000	415.0000	0
14:56:36	206.0000	391.0000	0
14:56:36	208.0000	362.0000	0
14:56:36	208.0000	342.0000	0
14:56:36	208.0000	341.0000	0
14:56:36	208.0000	321.0000	0
14:56:36	193.0000	400.0000	0
14:56:36	209.0000	383.0000	0
14:56:36	206.0000	358.0000	0
14:56:36	218.0000	337.0000	0
14:56:36	208.0000	310.0000	0
14:56:36	205.0000	302.0000	0
14:56:36	199.0000	415.0000	0
14:56:36	198.0000	385.0000	0
14:56:36	201.0000	360.0000	0
14:56:36	202.0000	339.0000	0
14:56:36	205.0000	328.0000	0
14:56:36	199.0000	302.0000	0
14:56:36	199.0000	423.0000	0
14:56:36	194.0000	383.0000	0
14:56:36	198.0000	359.0000	0
14:56:36	197.0000	341.0000	0
14:56:36	198.0000	326.0000	0
14:56:36	206.0000	317.0000	0
14:56:36	198.0000	298.0000	0
14:56:36	201.0000	406.0000	0
14:56:36	206.0000	379.0000	0
14:56:36	208.0000	359.0000	0
14:56:36	208.0000	342.0000	0
14:56:36	208.0000	330.0000	0
14:56:36	208.0000	318.0000	0
14:56:36	198.0000	409.0000	0
14:56:36	202.0000	384.0000	0
14:56:36	204.0000	364.0000	0
14:56:36	193.0000	331.0000	0
14:56:36	208.0000	327.0000	0
14:56:36	207.0000	317.0000	0
14:56:36	202.0000	415.0000	0
14:56:36	199.0000	385.0000	0
14:56:36	207.0000	367.0000	0
14:56:36	203.0000	342.0000	0
14:56:36	194.0000	314.0000	0
14:56:36	226.0000	317.0000	0
14:56:36	205.0000	415.0000	0
14:56:36	213.0000	386.0000	0
14:56:36	205.0000	348.0000	0
14:56:36	210.0000	346.0000	0
14:56:36	211.0000	330.0000	0
14:56:36	207.0000	304.0000	0
14:56:36	223.0000	306.0000	0
14:56:36	208.0000	411.0000	0
14:56:36	209.0000	382.0000	0
14:56:36	208.0000	361.0000	0
14:56:36	208.0000	339.0000	0
14:56:36	210.0000	333.0000	0
14:56:36	191.0000	311.0000	0
14:56:36	203.0000	400.0000	0
14:56:36	208.0000	386.0000	0
14:56:36	208.0000	368.0000	0
14:56:36	208.0000	325.0000	0
14:56:36	218.0000	335.0000	0
14:56:36	207.0000	318.0000	0
14:56:36	204.0000	416.0000	0
14:56:36	192.0000	384.0000	0
14:56:36	203.0000	361.0000	0
14:56:36	208.0000	341.0000	0
14:56:36	208.0000	331.0000	0
14:56:36	208.0000	316.0000	0
14:56:36	206.0000	417.0000	0
14:56:36	208.0000	388.0000	0
14:56:36	210.0000	361.0000	0
14:56:36	208.0000	338.0000	0
14:56:36	211.0000	327.0000	0
14:56:36	205.0000	302.0000	0
14:56:36	213.0000	306.0000	0
14:56:36	208.0000	412.0000	0
14:56:36	205.0000	382.0000	0
14:56:36	208.0000	371.0000	0
14:56:36	208.0000	340.0000	0
14:56:36	213.0000	330.0000	0
14:56:36	209.0000	317.0000	0
14:56:36	208.0000	420.0000	0
14:56:36	208.0000	384.0000	0
14:56:36	210.0000	362.0000	0
14:56:36	211.0000	341.0000	0
14:56:36	209.0000	334.0000	0
14:56:36	214.0000	321.0000	0
14:56:36	209.0000	414.0000	0
14:56:36	212.0000	390.0000	0
14:56:36	211.0000	363.0000	0
14:56:37	209.0000	337.0000	0
14:56:37	208.0000	329.0000	0
14:56:37	204.0000	312.0000	0
14:56:37	199.0000	414.0000	0
14:56:37	204.0000	382.0000	0
14:56:37	212.0000	368.0000	0
14:56:37	214.0000	347.0000	0
14:56:37	223.0000	321.0000	0
14:56:37	222.0000	330.0000	0
14:56:37	225.0000	311.0000	0
14:56:37	302.0000	416.0000	0
14:56:37	303.0000	392.0000	0
14:56:37	320.0000	382.0000	0
14:56:37	320.0000	359.0000	0
14:56:37	325.0000	349.0000	0
14:56:37	318.0000	336.0000	0
14:56:37	285.0000	421.0000	0
14:56:37	285.0000	396.0000	0
14:56:37	290.0000	371.0000	0
14:56:37	286.0000	353.0000	0
14:56:37	291.0000	344.0000	0
14:56:37	302.0000	338.0000	0
14:56:37	300.0000	425.0000	0
14:56:37	300.0000	397.0000	0
14:56:37	313.0000	378.0000	0
14:56:37	336.0000	343.0000	0
14:56:37	338.0000	356.0000	0
14:56:37	336.0000	342.0000	0
14:56:37	380.0000	432.0000	0
14:56:37	401.0000	409.0000	0
14:56:37	407.0000	388.0000	0
14:56:37	419.0000	374.0000	0
14:56:37	414.0000	359.0000	0
14:56:37	407.0000	354.0000	0
14:56:37	400.0000	349.0000	0
14:56:37	386.0000	434.0000	0
14:56:37	398.0000	410.0000	0
14:56:37	429.0000	391.0000	0
14:56:37	433.0000	380.0000	0
14:56:37	432.0000	356.0000	0
14:56:37	443.0000	363.0000	0
14:56:37	549.0000	448.0000	0
14:56:37	554.0000	426.0000	0
14:56:37	542.0000	409.0000	0
14:56:37	528.0000	400.0000	0
14:56:37	511.0000	390.0000	0
14:56:37	498.0000	370.0000	0
14:56:37	432.0000	446.0000	0
14:56:37	425.0000	427.0000	0
14:56:37	421.0000	404.0000	0
14:56:37	422.0000	389.0000	0
14:56:37	432.0000	371.0000	0
14:56:37	419.0000	368.0000	0
14:56:37	381.0000	438.0000	0
14:56:37	373.0000	421.0000	0
14:56:37	368.0000	394.0000	0
14:56:37	375.0000	381.0000	0
14:56:37	387.0000	360.0000	0
14:56:37	400.0000	361.0000	0
14:56:37	384.0000	437.0000	0
14:56:37	375.0000	411.0000	0
14:56:37	370.0000	390.0000	0
14:56:37	363.0000	371.0000	0
14:56:37	358.0000	369.0000	0
14:56:37	353.0000	350.0000	0
14:56:37	313.0000	432.0000	0
14:56:37	306.0000	405.0000	0
14:56:37	307.0000	382.0000	0
14:56:37	307.0000	369.0000	0
14:56:37	311.0000	351.0000	0
14:56:37	320.0000	341.0000	0
14:56:37	317.0000	431.0000	0
14:56:37	317.0000	406.0000	0
14:56:37	318.0000	380.0000	0
14:56:37	320.0000	353.0000	0
14:56:37	316.0000	350.0000	0
14:56:37	311.0000	336.0000	0
14:56:37	290.0000	431.0000	0
14:56:37	294.0000	400.0000	0
14:56:37	305.0000	386.0000	0
14:56:37	293.0000	361.0000	0
14:56:37	303.0000	355.0000	0
14:56:37	284.0000	336.0000	0
14:56:37	272.0000	426.0000	0
14:56:37	274.0000	400.0000	0
14:56:37	275.0000	375.0000	0
14:56:37	275.0000	362.0000	0
14:56:37	273.0000	345.0000	0
14:56:37	279.0000	336.0000	0
14:56:37	278.0000	419.0000	0
14:56:37	282.0000	400.0000	0
14:56:37	273.0000	370.0000	0
14:56:37	273.0000	359.0000	0
14:56:37	269.0000	334.0000	0
14:56:37	274.0000	333.0000	0
14:56:37	274.0000	320.0000	0
14:56:37	281.0000	419.0000	0
14:56:37	287.0000	398.0000	0
14:56:37	283.0000	373.0000	0
14:56:37	283.0000	356.0000	0
14:56:37	288.0000	342.0000	0
14:56:37	285.0000	339.0000	0
14:56:37	273.0000	421.0000	0
14:56:37	272.0000	395.0000	0
14:56:37	272.0000	375.0000	0
14:56:37	270.0000	355.0000	0
14:56:37	274.0000	343.0000	0
14:56:37	272.0000	334.0000	0
14:56:37	290.0000	432.0000	0
14:56:37	286.0000	399.0000	0
14:56:37	295.0000	377.0000	0
14:56:37	297.0000	362.0000	0
14:56:37	305.0000	356.0000	0
14:56:37	320.0000	337.0000	0
14:56:37	1222.0000	635.0000	0
14:56:37	1278.0000	627.0000	0
14:56:37	1293.0000	619.0000	0
14:56:37	1288.0000	601.0000	0
14:56:37	1264.0000	591.0000	0
14:56:37	1527.0000	613.0000	0
14:56:37	1520.0000	610.0000	0
14:56:37	1641.0000	606.0000	0
14:56:37	1821.0000	627.0000	0
14:56:37	1968.0000	635.0000	0
14:56:37	2011.0000	675.0000	0
14:56:37	1930.0000	679.0000	0
14:56:37	1931.0000	687.0000	0
14:56:37	1931.0000	699.0000	0
14:56:37	1890.0000	692.0000	0
14:56:37	1841.0000	704.0000	0
14:56:37	1808.0000	704.0000	0
14:56:37	1509.0000	682.0000	0
14:56:37	1475.0000	667.0000	0
14:56:37	1441.0000	653.0000	0
14:56:37	1414.0000	642.0000	0
14:56:37	1378.0000	640.0000	0
14:56:37	1341.0000	617.0000	0
14:56:37	1118.0000	609.0000	0
14:56:37	1095.0000	586.0000	0
14:56:37	1108.0000	571.0000	0
14:56:37	1098.0000	558.0000	0
14:56:37	1104.0000	546.0000	0
14:56:37	1159.0000	535.0000	0
14:56:37	1433.0000	576.0000	0
14:56:37	1423.0000	582.0000	0
14:56:37	1509.0000	574.0000	0
14:56:37	1657.0000	598.0000	0
14:56:37	1751.0000	607.0000	0
14:56:37	1777.0000	622.0000	0
14:56:37	1581.0000	624.0000	0
14:56:37	1563.0000	624.0000	0
14:56:37	1534.0000	624.0000	0
14:56:37	1520.0000	621.0000	0
14:56:37	1500.0000	624.0000	0
14:56:37	1444.0000	608.0000	0
14:56:37	1269.0000	612.0000	0
14:56:37	1264.0000	603.0000	0
14:56:37	1248.0000	585.0000	0
14:56:37	1221.0000	577.0000	0
14:56:37	1198.0000	546.0000	0
14:56:37	1183.0000	551.0000	0
14:56:37	1308.0000	577.0000	0
14:56:37	1459.0000	566.0000	0
14:56:37	1502.0000	583.0000	0
14:56:37	1520.0000	588.0000	0
14:56:37	1677.0000	601.0000	0
14:56:37	1856.0000	616.0000	0
14:56:37	1692.0000	633.0000	0
14:56:37	1673.0000	637.0000	0
14:56:37	1749.0000	630.0000	0
14:56:37	1792.0000	657.0000	0
14:56:37	1779.0000	656.0000	0
14:56:37	1738.0000	663.0000	0
14:56:37	1849.0000	670.0000	0
14:56:37	1914.0000	681.0000	0
14:56:37	1906.0000	688.0000	0
14:56:37	1853.0000	674.0000	0
14:56:37	1805.0000	702.0000	0
14:56:37	1751.0000	691.0000	0
14:56:37	1660.0000	681.0000	0
14:56:37	1738.0000	679.0000	0
14:56:37	1746.0000	679.0000	0
14:56:37	1726.0000	679.0000	0
14:56:37	1778.0000	663.0000	0
14:56:37	1872.0000	693.0000	0
14:56:37	1669.0000	675.0000	0
14:56:37	1631.0000	671.0000	0
14:56:37	1599.0000	665.0000	0
14:56:37	1582.0000	658.0000	0
14:56:37	1562.0000	652.0000	0
14:56:37	1535.0000	646.0000	0
14:56:37	1535.0000	647.0000	0
14:56:37	1491.0000	639.0000	0
14:56:37	1445.0000	629.0000	0
14:56:37	1415.0000	615.0000	0
14:56:37	1394.0000	615.0000	0
14:56:37	1386.0000	615.0000	0
14:56:37	1414.0000	615.0000	0
14:56:37	1460.0000	607.0000	0
14:56:37	1476.0000	609.0000	0
14:56:37	1446.0000	602.0000	0
14:56:37	1467.0000	597.0000	0
14:56:37	1504.0000	597.0000	0
14:56:37	1503.0000	618.0000	0
14:56:37	1510.0000	613.0000	0
14:56:37	1513.0000	609.0000	0
14:56:37	1489.0000	611.0000	0
14:56:37	1451.0000	609.0000	0
14:56:37	1424.0000	608.0000	0
14:56:37	1274.0000	604.0000	0
14:56:37	1233.0000	592.0000	0
14:56:37	1199.0000	576.0000	0
14:56:37	1166.0000	573.0000	0
14:56:37	1136.0000	557.0000	0
14:56:37	1111.0000	526.0000	0
14:56:37	1234.0000	565.0000	0
14:56:37	1258.0000	560.0000	0
14:56:37	1232.0000	541.0000	0
14:56:37	1249.0000	549.0000	0
14:56:37	1241.0000	544.0000	0
14:56:37	1255.0000	543.0000	0
14:56:37	1321.0000	573.0000	0
14:56:37	1302.0000	570.0000	0
14:56:37	1296.0000	561.0000	0
14:56:37	1309.0000	560.0000	0
14:56:37	1327.0000	557.0000	0
14:56:37	1329.0000	556.0000	0
14:56:37	1335.0000	582.0000	0
14:56:37	1425.0000	577.0000	0
14:56:37	1432.0000	578.0000	0
14:56:37	1454.0000	581.0000	0
14:56:38	1579.0000	587.0000	0
14:56:38	1693.0000	595.0000	0
14:56:38	1490.0000	614.0000	0
14:56:38	1472.0000	615.0000	0
14:56:38	1451.0000	587.0000	0
14:56:38	1437.0000	598.0000	0
14:56:38	1465.0000	595.0000	0
14:56:38	1595.0000	590.0000	0
14:56:38	1808.0000	626.0000	0
14:56:38	1792.0000	640.0000	0
14:56:38	1846.0000	639.0000	0
14:56:38	1923.0000	659.0000	0
14:56:38	1935.0000	675.0000	0
14:56:38	1909.0000	687.0000	0
14:56:38	2032.0000	693.0000	0
14:56:38	2015.0000	702.0000	0
14:56:38	2027.0000	715.0000	0
14:56:38	2071.0000	727.0000	0
14:56:38	2144.0000	741.0000	0
14:56:38	2176.0000	753.0000	0
14:56:38	2029.0000	733.0000	0
14:56:38	1995.0000	747.0000	0
14:56:38	2011.0000	752.0000	0
14:56:38	2061.0000	756.0000	0
14:56:38	2098.0000	749.0000	0
14:56:38	2091.0000	776.0000	0
14:56:38	2240.0000	765.0000	0
14:56:38	2288.0000	779.0000	0
14:56:38	2240.0000	791.0000	0
14:56:38	2251.0000	803.0000	0
14:56:38	2295.0000	816.0000	0
14:56:38	2337.0000	829.0000	0
14:56:38	2305.0000	809.0000	0
14:56:38	2335.0000	819.0000	0
14:56:38	2345.0000	833.0000	0
14:56:38	2306.0000	843.0000	1
14:56:38	2288.0000	852.0000	0
14:56:38	2369.0000	865.0000	0
14:56:38	2835.0000	873.0000	0
14:56:38	2883.0000	899.0000	0
14:56:38	2826.0000	932.0000	5
14:56:38	2745.0000	943.0000	0
14:56:38	2671.0000	968.0000	3
14:56:38	2583.0000	983.0000	0
14:56:38	3165.0000	976.0000	0
14:56:38	3209.0000	1020.0000	9
14:56:38	3433.0000	1061.0000	12
14:56:38	3611.0000	1108.0000	16
14:56:38	3551.0000	1137.0000	0
14:56:38	3664.0000	1186.0000	19
14:56:38	3711.0000	1172.0000	0
14:56:38	3711.0000	1207.0000	10
14:56:38	3713.0000	1233.0000	27
14:56:38	3696.0000	1257.0000	26
14:56:38	3696.0000	1279.0000	29
14:56:38	3713.0000	1308.0000	29
14:56:38	3710.0000	1285.0000	0
14:56:38	3707.0000	1296.0000	20
14:56:38	3675.0000	1322.0000	0
14:56:38	3699.0000	1342.0000	21
14:56:38	3701.0000	1359.0000	26
14:56:38	3690.0000	1317.0000	0
14:56:38	3702.0000	1336.0000	27
14:56:38	3697.0000	1358.0000	21
14:56:38	3621.0000	1356.0000	32
14:56:38	3568.0000	1366.0000	34
14:56:38	3632.0000	1378.0000	38
14:56:38	3714.0000	1356.0000	0
14:56:38	3709.0000	1357.0000	18
14:56:38	3709.0000	1367.0000	35
14:56:38	3712.0000	1377.0000	34
14:56:38	3715.0000	1395.0000	31
14:56:38	3671.0000	1402.0000	9
14:56:38	3710.0000	1377.0000	4
14:56:38	3667.0000	1374.0000	19
14:56:38	3679.0000	1374.0000	12
14:56:38	3711.0000	1382.0000	41
14:56:38	3710.0000	1396.0000	47
14:56:38	3714.0000	1379.0000	0
14:56:38	3718.0000	1376.0000	18
14:56:38	3706.0000	1385.0000	25
14:56:38	3696.0000	1390.0000	37
14:56:38	3677.0000	1411.0000	37
14:56:38	3719.0000	1413.0000	34
14:56:38	3713.0000	1394.0000	1
14:56:38	3711.0000	1386.0000	26
14:56:38	3713.0000	1383.0000	37
14:56:38	3715.0000	1398.0000	45
14:56:38	3722.0000	1405.0000	52
14:56:38	3685.0000	1415.0000	16
14:56:38	3727.0000	1394.0000	10
14:56:38	3719.0000	1393.0000	26
14:56:38	3723.0000	1395.0000	38
14:56:38	3712.0000	1401.0000	48
14:56:38	3689.0000	1415.0000	42
14:56:38	3723.0000	1396.0000	1
14:56:38	3702.0000	1398.0000	20
14:56:38	3721.0000	1391.0000	26
14:56:38	3723.0000	1406.0000	40
14:56:38	3714.0000	1425.0000	30
14:56:38	3728.0000	1431.0000	36
14:56:38	3727.0000	1396.0000	2
14:56:38	3721.0000	1400.0000	23
14:56:38	3718.0000	1406.0000	33
14:56:38	3712.0000	1411.0000	40
14:56:38	3728.0000	1415.0000	41
14:56:38	3714.0000	1429.0000	38
14:56:38	3721.0000	1401.0000	0
14:56:38	3719.0000	1403.0000	22
14:56:38	3682.0000	1408.0000	2
14:56:38	3714.0000	1412.0000	31
14:56:38	3723.0000	1431.0000	32
14:56:38	3697.0000	1380.0000	0
14:56:38	3715.0000	1393.0000	17
14:56:38	3703.0000	1401.0000	30
14:56:38	3715.0000	1404.0000	41
14:56:38	3679.0000	1419.0000	11
14:56:38	3728.0000	1425.0000	45
14:56:38	3721.0000	1403.0000	0
14:56:38	3712.0000	1389.0000	20
14:56:38	3712.0000	1396.0000	34
14:56:38	3717.0000	1416.0000	31
14:56:38	3738.0000	1423.0000	47
14:56:38	3713.0000	1433.0000	33
14:56:38	3717.0000	1408.0000	0
14:56:38	3733.0000	1401.0000	22
14:56:38	3686.0000	1404.0000	12
14:56:38	3722.0000	1411.0000	34
14:56:38	3714.0000	1426.0000	33
14:56:38	3711.0000	1393.0000	0
14:56:38	3721.0000	1405.0000	19
14:56:38	3719.0000	1410.0000	27
14:56:38	3710.0000	1407.0000	32
14:56:38	3718.0000	1418.0000	36
14:56:38	3728.0000	1433.0000	39
14:56:38	3723.0000	1404.0000	3
14:56:38	3717.0000	1401.0000	25
14:56:38	3719.0000	1413.0000	43
14:56:38	3730.0000	1415.0000	42
14:56:38	3722.0000	1424.0000	40
14:56:38	3722.0000	1427.0000	46
14:56:38	3728.0000	1409.0000	1
14:56:38	3716.0000	1406.0000	17
14:56:38	3722.0000	1418.0000	28
14:56:38	3728.0000	1407.0000	48
14:56:38	3721.0000	1423.0000	46
14:56:38	3728.0000	1397.0000	0
14:56:38	3728.0000	1401.0000	33
14:56:38	3729.0000	1405.0000	35
14:56:38	3728.0000	1413.0000	46
14:56:38	3709.0000	1423.0000	28
14:56:38	3726.0000	1429.0000	45
14:56:38	3724.0000	1408.0000	0
14:56:38	3739.0000	1411.0000	0
14:56:38	3728.0000	1412.0000	23
14:56:38	3716.0000	1419.0000	33
14:56:38	3728.0000	1428.0000	41
14:56:38	3716.0000	1436.0000	35
14:56:38	3719.0000	1408.0000	3
14:56:38	3728.0000	1408.0000	26
14:56:38	3686.0000	1412.0000	5
14:56:38	3676.0000	1422.0000	5
14:56:38	3759.0000	1433.0000	30
14:56:38	3703.0000	1389.0000	0
14:56:38	3742.0000	1408.0000	16
14:56:38	3727.0000	1411.0000	31
14:56:38	3705.0000	1419.0000	39
14:56:38	3698.0000	1434.0000	32
14:56:38	3713.0000	1432.0000	36
14:56:38	3728.0000	1408.0000	1
14:56:38	3728.0000	1405.0000	28
14:56:38	3719.0000	1402.0000	45
14:56:38	3728.0000	1411.0000	42
14:56:38	3717.0000	1427.0000	35
14:56:38	3729.0000	1432.0000	37
14:56:38	3722.0000	1407.0000	3
14:56:38	3723.0000	1405.0000	26
14:56:38	3693.0000	1413.0000	5
14:56:38	3714.0000	1413.0000	33
14:56:38	3718.0000	1434.0000	31
14:56:38	3726.0000	1406.0000	0
14:56:38	3728.0000	1406.0000	21
14:56:38	3717.0000	1398.0000	32
14:56:38	3728.0000	1406.0000	48
14:56:38	3703.0000	1412.0000	37
14:56:38	3711.0000	1428.0000	46
14:56:38	3728.0000	1413.0000	0
14:56:38	3723.0000	1402.0000	17
14:56:38	3713.0000	1403.0000	30
14:56:38	3742.0000	1422.0000	29
14:56:38	3737.0000	1434.0000	17
14:56:38	3718.0000	1440.0000	32
14:56:38	3727.0000	1410.0000	1
14:56:38	3722.0000	1404.0000	16
14:56:38	3726.0000	1412.0000	28
14:56:38	3741.0000	1420.0000	29
14:56:38	3724.0000	1434.0000	33
14:56:38	3725.0000	1408.0000	1
14:56:38	3722.0000	1395.0000	28
14:56:38	3722.0000	1415.0000	27
14:56:38	3734.0000	1421.0000	19
14:56:38	3719.0000	1425.0000	34
14:56:38	3734.0000	1439.0000	31
14:56:38	3727.0000	1413.0000	0
14:56:38	3729.0000	1410.0000	17
14:56:38	3735.0000	1417.0000	28
14:56:39	3724.0000	1422.0000	31
14:56:39	3723.0000	1434.0000	41
14:56:39	3725.0000	1433.0000	38
14:56:39	3728.0000	1417.0000	2
14:56:39	3721.0000	1409.0000	21
14:56:39	3723.0000	1410.0000	30
14:56:39	3741.0000	1418.0000	37
14:56:39	3721.0000	1425.0000	40
14:56:39	3728.0000	1406.0000	1
14:56:39	3732.0000	1397.0000	21
14:56:39	3723.0000	1407.0000	30
14:56:39	3728.0000	1414.0000	39
14:56:39	3723.0000	1420.0000	37
14:56:39	3728.0000	1435.0000	37
14:56:39	3744.0000	1414.0000	6
14:56:39	3682.0000	1404.0000	0
14:56:39	3730.0000	1415.0000	31
14:56:39	3723.0000	1415.0000	39
14:56:39	3742.0000	1434.0000	18
14:56:39	3717.0000	1429.0000	42
14:56:39	3728.0000	1419.0000	0
14:56:39	3722.0000	1405.0000	23
14:56:39	3722.0000	1417.0000	22
14:56:39	3717.0000	1429.0000	23
14:56:39	3682.0000	1441.0000	27
14:56:39	3730.0000	1408.0000	0
14:56:39	3741.0000	1395.0000	29
14:56:39	3728.0000	1410.0000	25
14:56:39	3734.0000	1416.0000	17
14:56:39	3719.0000	1430.0000	25
14:56:39	3731.0000	1447.0000	30
14:56:39	3727.0000	1411.0000	0
14:56:39	3723.0000	1404.0000	19
14:56:39	3728.0000	1415.0000	26
14:56:39	3721.0000	1421.0000	34
14:56:39	3717.0000	1425.0000	34
14:56:39	3727.0000	1433.0000	35
14:56:39	3726.0000	1412.0000	2
14:56:39	3723.0000	1410.0000	26
14:56:39	3691.0000	1409.0000	7
14:56:39	3738.0000	1417.0000	32
14:56:39	3719.0000	1431.0000	36
14:56:39	3712.0000	1394.0000	0
14:56:39	3720.0000	1387.0000	33
14:56:39	3726.0000	1401.0000	37
14:56:39	3729.0000	1409.0000	27
14:56:39	3679.0000	1418.0000	15
14:56:39	3734.0000	1436.0000	42
14:56:39	3723.0000	1406.0000	1
14:56:39	3757.0000	1397.0000	24
14:56:39	3714.0000	1401.0000	37
14:56:39	3722.0000	1423.0000	32
14:56:39	3735.0000	1427.0000	22
14:56:39	3690.0000	1429.0000	20
14:56:39	3725.0000	1410.0000	9
14:56:39	3722.0000	1399.0000	27
14:56:39	3722.0000	1410.0000	31
14:56:39	3728.0000	1428.0000	41
14:56:39	3726.0000	1428.0000	39
14:56:39	3728.0000	1407.0000	0
14:56:39	3719.0000	1403.0000	19
14:56:39	3718.0000	1408.0000	31
14:56:39	3723.0000	1417.0000	34
14:56:39	3717.0000	1429.0000	29
14:56:39	3734.0000	1449.0000	27
14:56:39	3722.0000	1410.0000	0
14:56:39	3726.0000	1403.0000	18
14:56:39	3722.0000	1406.0000	33
14:56:39	3726.0000	1419.0000	31
14:56:39	3722.0000	1425.0000	35
14:56:39	3726.0000	1430.0000	35
14:56:39	3727.0000	1414.0000	1
14:56:39	3719.0000	1398.0000	27
14:56:39	3728.0000	1408.0000	35
14:56:39	3719.0000	1416.0000	50
14:56:39	3725.0000	1421.0000	48
14:56:39	3728.0000	1407.0000	1
14:56:39	3712.0000	1405.0000	23
14:56:39	3719.0000	1423.0000	27
14:56:39	3759.0000	1423.0000	36
14:56:39	3678.0000	1430.0000	5
14:56:39	3733.0000	1438.0000	32
14:56:39	3727.0000	1413.0000	0
14:56:39	3681.0000	1408.0000	0
14:56:39	3675.0000	1404.0000	30
14:56:39	3725.0000	1411.0000	41
14:56:39	3741.0000	1424.0000	41
14:56:39	3686.0000	1433.0000	16
14:56:39	3725.0000	1413.0000	0
14:56:39	3728.0000	1404.0000	19
14:56:39	3722.0000	1406.0000	35
14:56:39	3719.0000	1413.0000	36
14:56:39	3723.0000	1428.0000	35
14:56:39	3728.0000	1408.0000	0
14:56:39	3723.0000	1409.0000	26
14:56:39	3715.0000	1410.0000	28
14:56:39	3724.0000	1418.0000	38
14:56:39	3721.0000	1430.0000	28
14:56:39	3728.0000	1447.0000	32
14:56:39	3728.0000	1412.0000	1
14:56:39	3734.0000	1401.0000	21
14:56:39	3714.0000	1420.0000	34
14:56:39	3723.0000	1422.0000	34
14:56:39	3726.0000	1430.0000	33
14:56:39	3721.0000	1440.0000	37
14:56:39	3722.0000	1413.0000	0
14:56:39	3725.0000	1407.0000	22
14:56:39	3723.0000	1410.0000	29
14:56:39	3733.0000	1418.0000	37
14:56:39	3727.0000	1422.0000	43
14:56:39	3705.0000	1392.0000	0
14:56:39	3714.0000	1401.0000	16
14:56:39	3728.0000	1408.0000	27
14:56:39	3734.0000	1441.0000	16
14:56:39	3682.0000	1409.0000	27
14:56:39	3718.0000	1432.0000	39
14:56:39	3727.0000	1408.0000	1
14:56:39	3727.0000	1398.0000	33
14:56:39	3735.0000	1412.0000	32
14:56:39	3719.0000	1412.0000	44
14:56:39	3698.0000	1418.0000	45
14:56:39	3715.0000	1432.0000	48
14:56:39	3725.0000	1414.0000	2
14:56:39	3726.0000	1403.0000	26
14:56:39	3682.0000	1400.0000	30
14:56:39	3730.0000	1415.0000	37
14:56:39	3717.0000	1423.0000	43
14:56:39	3730.0000	1406.0000	0
14:56:39	3759.0000	1397.0000	26
14:56:39	3722.0000	1401.0000	38
14:56:39	3733.0000	1418.0000	17
14:56:39	3723.0000	1417.0000	39
14:56:39	3717.0000	1424.0000	35
14:56:39	3726.0000	1411.0000	1
14:56:39	3717.0000	1403.0000	20
14:56:39	3730.0000	1415.0000	20
14:56:39	3722.0000	1422.0000	32
14:56:39	3689.0000	1425.0000	10
14:56:39	3725.0000	1440.0000	37
14:56:39	3728.0000	1412.0000	0
14:56:39	3721.0000	1409.0000	19
14:56:39	3722.0000	1412.0000	30
14:56:39	3728.0000	1424.0000	42
14:56:39	3725.0000	1428.0000	35
14:56:39	3705.0000	1394.0000	0
14:56:39	3731.0000	1408.0000	16
14:56:39	3722.0000	1415.0000	26
14:56:39	3730.0000	1427.0000	9
14:56:39	3709.0000	1438.0000	26
14:56:39	3716.0000	1438.0000	37
14:56:39	3723.0000	1413.0000	0
14:56:39	3691.0000	1410.0000	19
14:56:39	3727.0000	1417.0000	23
14:56:39	3728.0000	1423.0000	31
14:56:39	3678.0000	1411.0000	27
14:56:39	3715.0000	1435.0000	37
14:56:39	3725.0000	1411.0000	0
14:56:39	3719.0000	1408.0000	18
14:56:39	3725.0000	1416.0000	26
14:56:39	3726.0000	1418.0000	34
14:56:39	3723.0000	1429.0000	42
14:56:39	3726.0000	1407.0000	0
14:56:39	3720.0000	1402.0000	17
14:56:39	3721.0000	1411.0000	29
14:56:39	3683.0000	1401.0000	26
14:56:39	3719.0000	1420.0000	36
14:56:39	3719.0000	1441.0000	31
14:56:39	3726.0000	1409.0000	0
14:56:39	3723.0000	1408.0000	17
14:56:39	3726.0000	1411.0000	25
14:56:39	3729.0000	1420.0000	39
14:56:39	3724.0000	1433.0000	29
14:56:39	3714.0000	1439.0000	32
14:56:39	3728.0000	1417.0000	0
14:56:39	3728.0000	1412.0000	19
14:56:39	3710.0000	1415.0000	38
14:56:39	3741.0000	1421.0000	33
14:56:39	3724.0000	1432.0000	34
14:56:39	3728.0000	1406.0000	0
14:56:39	3718.0000	1408.0000	16
14:56:39	3728.0000	1409.0000	40
14:56:39	3679.0000	1413.0000	13
14:56:39	3713.0000	1411.0000	48
14:56:39	3730.0000	1436.0000	38
14:56:39	3729.0000	1415.0000	0
14:56:39	3750.0000	1413.0000	16
14:56:39	3723.0000	1413.0000	23
14:56:39	3723.0000	1430.0000	33
14:56:39	3719.0000	1441.0000	30
14:56:39	3723.0000	1442.0000	39
14:56:39	3725.0000	1419.0000	1
14:56:39	3725.0000	1413.0000	19
14:56:39	3682.0000	1423.0000	22
14:56:39	3716.0000	1426.0000	31
14:56:39	3723.0000	1437.0000	42
14:56:39	3705.0000	1417.0000	0
14:56:39	3719.0000	1408.0000	16
14:56:39	3729.0000	1412.0000	25
14:56:39	3723.0000	1423.0000	30
14:56:39	3722.0000	1420.0000	39
14:56:39	3758.0000	1439.0000	27
14:56:39	3728.0000	1410.0000	1
14:56:39	3719.0000	1409.0000	18
14:56:39	3718.0000	1409.0000	26
14:56:39	3728.0000	1418.0000	35
14:56:39	3712.0000	1431.0000	27
14:56:39	3730.0000	1443.0000	32
14:56:39	3715.0000	1407.0000	0
14:56:39	3682.0000	1410.0000	18
14:56:39	3718.0000	1407.0000	35
14:56:39	3722.0000	1422.0000	34
14:56:39	3715.0000	1429.0000	37
14:56:39	3731.0000	1402.0000	1
14:56:39	3714.0000	1405.0000	17
14:56:39	3723.0000	1402.0000	33
14:56:39	3677.0000	1418.0000	2
14:56:39	3728.0000	1432.0000	27
14:56:39	3728.0000	1436.0000	33
14:56:39	3723.0000	1408.0000	1
14:56:39	3723.0000	1393.0000	26
14:56:40	3720.0000	1406.0000	28
14:56:40	3733.0000	1413.0000	12
14:56:40	3719.0000	1431.0000	31
14:56:40	3716.0000	1435.0000	38
14:56:40	3728.0000	1412.0000	0
14:56:40	3723.0000	1406.0000	22
14:56:40	3731.0000	1422.0000	26
14:56:40	3718.0000	1423.0000	29
14:56:40	3726.0000	1432.0000	35
14:56:40	3719.0000	1407.0000	1
14:56:40	3723.0000	1412.0000	16
14:56:40	3735.0000	1429.0000	11
14:56:40	3678.0000	1417.0000	22
14:56:40	3728.0000	1433.0000	29
14:56:40	3726.0000	1436.0000	34
14:56:40	3727.0000	1414.0000	0
14:56:40	3751.0000	1411.0000	25
14:56:40	3722.0000	1417.0000	25
14:56:40	3734.0000	1446.0000	7
14:56:40	3715.0000	1436.0000	31
14:56:40	3728.0000	1445.0000	31
14:56:40	3722.0000	1415.0000	1
14:56:40	3722.0000	1401.0000	18
14:56:40	3719.0000	1415.0000	37
14:56:40	3725.0000	1423.0000	33
14:56:40	3725.0000	1434.0000	36
14:56:40	3722.0000	1398.0000	10
14:56:40	3723.0000	1405.0000	19
14:56:40	3734.0000	1408.0000	37
14:56:40	3683.0000	1412.0000	14
14:56:40	3728.0000	1430.0000	37
14:56:40	3725.0000	1436.0000	37
14:56:40	3728.0000	1413.0000	0
14:56:40	3743.0000	1413.0000	16
14:56:40	3723.0000	1409.0000	32
14:56:40	3730.0000	1422.0000	16
14:56:40	3718.0000	1429.0000	35
14:56:40	3722.0000	1427.0000	42
14:56:40	3727.0000	1408.0000	9
14:56:40	3730.0000	1400.0000	29
14:56:40	3730.0000	1410.0000	35
14:56:40	3722.0000	1415.0000	38
14:56:40	3695.0000	1425.0000	39
14:56:40	3738.0000	1412.0000	0
14:56:40	3709.0000	1402.0000	21
14:56:40	3730.0000	1419.0000	10
14:56:40	3728.0000	1424.0000	29
14:56:40	3725.0000	1429.0000	40
14:56:40	3724.0000	1434.0000	48
14:56:40	3726.0000	1412.0000	1
14:56:40	3733.0000	1402.0000	19
14:56:40	3722.0000	1411.0000	30
14:56:40	3726.0000	1412.0000	45
14:56:40	3727.0000	1423.0000	57
14:56:40	3728.0000	1429.0000	50
14:56:40	3728.0000	1417.0000	0
14:56:40	3710.0000	1408.0000	31
14:56:40	3729.0000	1425.0000	27
14:56:40	3721.0000	1420.0000	34
14:56:40	3723.0000	1433.0000	38
14:56:40	3723.0000	1409.0000	0
14:56:40	3724.0000	1405.0000	22
14:56:40	3727.0000	1412.0000	35
14:56:40	3725.0000	1415.0000	41
14:56:40	3724.0000	1425.0000	44
14:56:40	3727.0000	1430.0000	46
14:56:40	3724.0000	1413.0000	0
14:56:40	3719.0000	1408.0000	19
14:56:40	3719.0000	1410.0000	33
14:56:40	3717.0000	1417.0000	38
14:56:40	3722.0000	1429.0000	39
14:56:40	3727.0000	1408.0000	0
14:56:40	3722.0000	1406.0000	16
14:56:40	3678.0000	1415.0000	0
14:56:40	3727.0000	1422.0000	27
14:56:40	3718.0000	1428.0000	32
14:56:40	3717.0000	1437.0000	38
14:56:40	3703.0000	1392.0000	0
14:56:40	3722.0000	1415.0000	15
14:56:40	3719.0000	1413.0000	26
14:56:40	3725.0000	1411.0000	43
14:56:40	3686.0000	1428.0000	15
14:56:40	3716.0000	1437.0000	47
14:56:40	3727.0000	1405.0000	8
14:56:40	3682.0000	1399.0000	30
14:56:40	3717.0000	1394.0000	45
14:56:40	3722.0000	1413.0000	44
14:56:40	3745.0000	1421.0000	26
14:56:40	3728.0000	1408.0000	0
14:56:40	3719.0000	1403.0000	20
14:56:40	3728.0000	1407.0000	35
14:56:40	3684.0000	1413.0000	6
14:56:40	3728.0000	1428.0000	30
14:56:40	3737.0000	1433.0000	34
14:56:40	3726.0000	1409.0000	1
14:56:40	3723.0000	1395.0000	26
14:56:40	3723.0000	1411.0000	26
14:56:40	3727.0000	1421.0000	34
14:56:40	3727.0000	1428.0000	38
14:56:40	3742.0000	1439.0000	36
14:56:40	3728.0000	1416.0000	1
14:56:40	3726.0000	1404.0000	22
14:56:40	3728.0000	1415.0000	31
14:56:40	3734.0000	1433.0000	37
14:56:40	3725.0000	1428.0000	35
14:56:40	3725.0000	1407.0000	2
14:56:40	3717.0000	1405.0000	19
14:56:40	3724.0000	1413.0000	32
14:56:40	3733.0000	1416.0000	28
14:56:40	3705.0000	1424.0000	29
14:56:40	3699.0000	1437.0000	23
14:56:40	3727.0000	1416.0000	0
14:56:40	3726.0000	1410.0000	21
14:56:40	3722.0000	1416.0000	32
14:56:40	3728.0000	1418.0000	37
14:56:40	3727.0000	1428.0000	41
14:56:40	3723.0000	1437.0000	43
14:56:40	3732.0000	1418.0000	2
14:56:40	3729.0000	1412.0000	25
14:56:40	3728.0000	1418.0000	33
14:56:40	3728.0000	1428.0000	39
14:56:40	3728.0000	1438.0000	38
14:56:40	3728.0000	1410.0000	0
14:56:40	3724.0000	1410.0000	16
14:56:40	3719.0000	1418.0000	25
14:56:40	3743.0000	1435.0000	26
14:56:40	3731.0000	1430.0000	39
14:56:40	3707.0000	1442.0000	33
14:56:40	3726.0000	1411.0000	0
14:56:40	3726.0000	1403.0000	18
14:56:40	3728.0000	1412.0000	32
14:56:40	3728.0000	1418.0000	48
14:56:40	3725.0000	1429.0000	43
14:56:40	3728.0000	1431.0000	43
14:56:40	3685.0000	1395.0000	0
14:56:40	3702.0000	1418.0000	16
14:56:40	3723.0000	1420.0000	29
14:56:40	3702.0000	1422.0000	14
14:56:40	3680.0000	1429.0000	6
14:56:40	3726.0000	1408.0000	0
14:56:40	3724.0000	1405.0000	18
14:56:40	3728.0000	1411.0000	27
14:56:40	3733.0000	1415.0000	32
14:56:40	3729.0000	1424.0000	41
14:56:40	3735.0000	1432.0000	26
14:56:40	3725.0000	1407.0000	7
14:56:40	3728.0000	1409.0000	19
14:56:40	3735.0000	1419.0000	14
14:56:40	3715.0000	1425.0000	28
14:56:40	3731.0000	1433.0000	31
14:56:40	3724.0000	1445.0000	33
14:56:40	3712.0000	1412.0000	0
14:56:40	3721.0000	1409.0000	26
14:56:40	3725.0000	1416.0000	32
14:56:40	3730.0000	1421.0000	33
14:56:40	3728.0000	1430.0000	41
14:56:40	3721.0000	1403.0000	0
14:56:40	3729.0000	1405.0000	22
14:56:40	3728.0000	1408.0000	33
14:56:40	3728.0000	1418.0000	35
14:56:40	3727.0000	1426.0000	39
14:56:40	3730.0000	1434.0000	44
14:56:40	3727.0000	1415.0000	1
14:56:40	3739.0000	1411.0000	16
14:56:40	3728.0000	1417.0000	32
14:56:40	3728.0000	1423.0000	41
14:56:40	3727.0000	1432.0000	42
14:56:40	3723.0000	1408.0000	0
14:56:40	3728.0000	1403.0000	22
14:56:40	259.0000	604.0000	0
14:56:40	256.0000	532.0000	0
14:56:40	250.0000	478.0000	0
14:56:40	254.0000	451.0000	0
14:56:40	251.0000	400.0000	0
14:56:40	250.0000	470.0000	0
14:56:40	243.0000	428.0000	0
14:56:40	243.0000	400.0000	0
14:56:40	240.0000	362.0000	0
14:56:40	234.0000	353.0000	0
14:56:40	240.0000	343.0000	0
14:56:40	237.0000	317.0000	0
14:56:40	240.0000	432.0000	0
14:56:40	223.0000	394.0000	0
14:56:40	235.0000	370.0000	0
14:56:40	227.0000	353.0000	0
14:56:40	221.0000	338.0000	0
14:56:40	227.0000	327.0000	0
14:56:40	210.0000	417.0000	0
14:56:40	213.0000	397.0000	0
14:56:40	208.0000	367.0000	0
14:56:40	208.0000	348.0000	0
14:56:40	208.0000	336.0000	0
14:56:40	208.0000	329.0000	0
14:56:40	226.0000	417.0000	0
14:56:40	230.0000	389.0000	0
14:56:40	225.0000	368.0000	0
14:56:40	227.0000	350.0000	0
14:56:40	221.0000	320.0000	0
14:56:40	226.0000	322.0000	0
14:56:40	235.0000	421.0000	0
14:56:40	235.0000	384.0000	0
14:56:40	229.0000	351.0000	0
14:56:40	228.0000	352.0000	0
14:56:40	227.0000	336.0000	0
14:56:40	227.0000	324.0000	0
14:56:40	235.0000	426.0000	0
14:56:40	224.0000	391.0000	0
14:56:40	225.0000	368.0000	0
14:56:40	223.0000	347.0000	0
14:56:40	222.0000	335.0000	0
14:56:40	220.0000	323.0000	0
14:56:40	222.0000	417.0000	0
14:56:40	222.0000	389.0000	0
14:56:40	222.0000	368.0000	0
14:56:40	219.0000	349.0000	0
14:56:40	217.0000	336.0000	0
14:56:40	214.0000	323.0000	0
14:56:40	214.0000	413.0000	0
14:56:40	218.0000	391.0000	0
14:56:40	217.0000	359.0000	0
14:56:40	218.0000	352.0000	0
14:56:40	199.0000	330.0000	0
14:56:40	209.0000	311.0000	0
14:56:40	208.0000	414.0000	0
14:56:40	213.0000	384.0000	0
14:56:40	208.0000	363.0000	0
14:56:40	208.0000	346.0000	0
14:56:40	214.0000	336.0000	0
14:56:40	206.0000	320.0000	0
14:56:40	219.0000	407.0000	0
14:56:41	222.0000	384.0000	0
14:56:41	214.0000	364.0000	0
14:56:41	223.0000	345.0000	0
14:56:41	208.0000	310.0000	0
14:56:41	221.0000	329.0000	0
14:56:41	214.0000	411.0000	0
14:56:41	208.0000	367.0000	0
14:56:41	215.0000	363.0000	0
14:56:41	214.0000	351.0000	0
14:56:41	215.0000	337.0000	0
14:56:41	215.0000	317.0000	0
14:56:41	199.0000	411.0000	0
14:56:41	208.0000	384.0000	0
14:56:41	204.0000	345.0000	0
14:56:41	214.0000	343.0000	0
14:56:41	208.0000	331.0000	0
14:56:41	208.0000	320.0000	0
14:56:41	208.0000	417.0000	0
14:56:41	203.0000	389.0000	0
14:56:41	208.0000	362.0000	0
14:56:41	201.0000	345.0000	0
14:56:41	207.0000	330.0000	0
14:56:41	208.0000	318.0000	0
14:56:41	208.0000	416.0000	0
14:56:41	208.0000	384.0000	0
14:56:41	208.0000	362.0000	0
14:56:41	208.0000	345.0000	0
14:56:41	209.0000	335.0000	0
14:56:41	206.0000	316.0000	0
14:56:41	211.0000	416.0000	0
14:56:41	217.0000	385.0000	0
14:56:41	213.0000	368.0000	0
14:56:41	213.0000	350.0000	0
14:56:41	208.0000	336.0000	0
14:56:41	209.0000	324.0000	0
14:56:41	209.0000	410.0000	0
14:56:41	208.0000	394.0000	0
14:56:41	220.0000	366.0000	0
14:56:41	215.0000	354.0000	0
14:56:41	213.0000	322.0000	0
14:56:41	209.0000	320.0000	0
14:56:41	208.0000	412.0000	0
14:56:41	204.0000	368.0000	0
14:56:41	208.0000	362.0000	0
14:56:41	214.0000	343.0000	0
14:56:41	218.0000	336.0000	0
14:56:41	209.0000	301.0000	0
14:56:41	215.0000	413.0000	0
14:56:41	218.0000	384.0000	0
14:56:41	211.0000	345.0000	0
14:56:41	215.0000	322.0000	0
14:56:41	213.0000	333.0000	0
14:56:41	216.0000	320.0000	0
14:56:41	210.0000	416.0000	0
14:56:41	206.0000	384.0000	0
14:56:41	209.0000	365.0000	0
14:56:41	211.0000	343.0000	0
14:56:41	211.0000	334.0000	0
14:56:41	219.0000	323.0000	0
14:56:41	208.0000	402.0000	0
14:56:41	208.0000	368.0000	0
14:56:41	203.0000	361.0000	0
14:56:41	208.0000	344.0000	0
14:56:41	205.0000	315.0000	0
14:56:41	208.0000	318.0000	0
14:56:41	206.0000	414.0000	0
14:56:41	193.0000	387.0000	0
14:56:41	208.0000	362.0000	0
14:56:41	205.0000	342.0000	0
14:56:41	206.0000	331.0000	0
14:56:41	206.0000	323.0000	0
14:56:41	197.0000	418.0000	0
14:56:41	199.0000	385.0000	0
14:56:41	207.0000	372.0000	0
14:56:41	202.0000	321.0000	0
14:56:41	208.0000	330.0000	0
14:56:41	208.0000	320.0000	0
14:56:41	204.0000	412.0000	0
14:56:41	202.0000	389.0000	0
14:56:41	199.0000	358.0000	0
14:56:41	203.0000	352.0000	0
14:56:41	198.0000	304.0000	0
14:56:41	194.0000	317.0000	0
14:56:41	201.0000	307.0000	0
14:56:41	200.0000	410.0000	0
14:56:41	207.0000	386.0000	0
14:56:41	202.0000	355.0000	0
14:56:41	202.0000	339.0000	0
14:56:41	197.0000	336.0000	0
14:56:41	201.0000	319.0000	0
14:56:41	194.0000	414.0000	0
14:56:41	194.0000	383.0000	0
14:56:41	198.0000	368.0000	0
14:56:41	196.0000	339.0000	0
14:56:41	195.0000	317.0000	0
14:56:41	193.0000	307.0000	0
14:56:41	191.0000	412.0000	0
14:56:41	199.0000	386.0000	0
14:56:41	199.0000	361.0000	0
14:56:41	212.0000	350.0000	0
14:56:41	203.0000	329.0000	0
14:56:41	203.0000	304.0000	0
14:56:41	194.0000	415.0000	0
14:56:41	192.0000	386.0000	0
14:56:41	197.0000	363.0000	0
14:56:41	198.0000	341.0000	0
14:56:41	201.0000	336.0000	0
14:56:41	196.0000	316.0000	0
14:56:41	195.0000	307.0000	0
14:56:41	192.0000	416.0000	0
14:56:41	202.0000	375.0000	0
14:56:41	192.0000	365.0000	0
14:56:41	191.0000	336.0000	0
14:56:41	197.0000	325.0000	0
14:56:41	192.0000	315.0000	0
14:56:41	190.0000	413.0000	0
14:56:41	198.0000	383.0000	0
14:56:41	192.0000	363.0000	0
14:56:41	200.0000	347.0000	0
14:56:41	189.0000	306.0000	0
14:56:41	197.0000	322.0000	0
14:56:41	196.0000	416.0000	0
14:56:41	198.0000	384.0000	0
14:56:41	203.0000	359.0000	0
14:56:41	202.0000	342.0000	0
14:56:41	199.0000	335.0000	0
14:56:41	190.0000	299.0000	0
14:56:41	196.0000	413.0000	0
14:56:41	199.0000	384.0000	0
14:56:41	199.0000	343.0000	0
14:56:41	199.0000	350.0000	0
14:56:41	207.0000	326.0000	0
14:56:41	199.0000	320.0000	0
14:56:41	194.0000	288.0000	0
14:56:41	190.0000	405.0000	0
14:56:41	192.0000	381.0000	0
14:56:41	186.0000	357.0000	0
14:56:41	192.0000	355.0000	0
14:56:41	185.0000	328.0000	0
14:56:41	186.0000	304.0000	0
14:56:41	192.0000	409.0000	0
14:56:41	203.0000	383.0000	0
14:56:41	203.0000	361.0000	0
14:56:41	205.0000	339.0000	0
14:56:41	214.0000	336.0000	0
14:56:41	208.0000	320.0000	0
14:56:41	208.0000	400.0000	0
14:56:41	218.0000	381.0000	0
14:56:41	217.0000	359.0000	0
14:56:41	218.0000	351.0000	0
14:56:41	223.0000	311.0000	0
14:56:41	224.0000	330.0000	0
14:56:41	209.0000	416.0000	0
14:56:41	211.0000	383.0000	0
14:56:41	217.0000	365.0000	0
14:56:41	225.0000	343.0000	0
14:56:41	214.0000	338.0000	0
14:56:41	208.0000	303.0000	0
14:56:41	221.0000	317.0000	0
14:56:41	208.0000	410.0000	0
14:56:41	208.0000	381.0000	0
14:56:41	207.0000	361.0000	0
14:56:41	208.0000	342.0000	0
14:56:41	208.0000	336.0000	0
14:56:41	205.0000	301.0000	0
14:56:41	202.0000	413.0000	0
14:56:41	203.0000	384.0000	0
14:56:41	199.0000	346.0000	0
14:56:41	206.0000	341.0000	0
14:56:41	198.0000	332.0000	0
14:56:41	207.0000	321.0000	0
14:56:41	202.0000	415.0000	0
14:56:41	198.0000	385.0000	0
14:56:41	206.0000	363.0000	0
14:56:41	202.0000	343.0000	0
14:56:41	198.0000	336.0000	0
14:56:41	201.0000	320.0000	0
14:56:41	199.0000	307.0000	0
14:56:41	203.0000	407.0000	0
14:56:41	206.0000	383.0000	0
14:56:41	203.0000	361.0000	0
14:56:41	206.0000	346.0000	0
14:56:41	205.0000	338.0000	0
14:56:41	206.0000	317.0000	0
14:56:41	183.0000	407.0000	0
14:56:41	208.0000	384.0000	0
14:56:41	201.0000	362.0000	0
14:56:41	208.0000	351.0000	0
14:56:41	197.0000	305.0000	0
14:56:41	208.0000	323.0000	0
14:56:41	202.0000	413.0000	0
14:56:41	201.0000	386.0000	0
14:56:41	206.0000	358.0000	0
14:56:41	208.0000	340.0000	0
14:56:41	203.0000	336.0000	0
14:56:41	203.0000	315.0000	0
14:56:41	194.0000	413.0000	0
14:56:41	204.0000	384.0000	0
14:56:41	203.0000	361.0000	0
14:56:41	206.0000	343.0000	0
14:56:41	203.0000	327.0000	0
14:56:41	203.0000	325.0000	0
14:56:41	197.0000	414.0000	0
14:56:41	204.0000	383.0000	0
14:56:41	203.0000	359.0000	0
14:56:41	192.0000	325.0000	0
14:56:41	206.0000	327.0000	0
14:56:41	204.0000	326.0000	0
14:56:41	201.0000	314.0000	0
14:56:41	201.0000	410.0000	0
14:56:41	195.0000	380.0000	0
14:56:41	205.0000	360.0000	0
14:56:41	198.0000	330.0000	0
14:56:41	205.0000	329.0000	0
14:56:41	199.0000	320.0000	0
14:56:41	198.0000	415.0000	0
14:56:41	202.0000	384.0000	0
14:56:41	199.0000	359.0000	0
14:56:41	203.0000	346.0000	0
14:56:41	195.0000	318.0000	0
14:56:41	202.0000	318.0000	0
14:56:41	201.0000	415.0000	0
14:56:41	199.0000	368.0000	0
14:56:41	199.0000	339.0000	0
14:56:41	201.0000	336.0000	0
14:56:41	202.0000	330.0000	0
14:56:42	196.0000	302.0000	0
14:56:42	201.0000	419.0000	0
14:56:42	196.0000	381.0000	0
14:56:42	204.0000	352.0000	0
14:56:42	227.0000	339.0000	0
14:56:42	202.0000	326.0000	0
14:56:42	204.0000	318.0000	0
14:56:42	200.0000	293.0000	0
14:56:42	202.0000	405.0000	0
14:56:42	203.0000	380.0000	0
14:56:42	201.0000	357.0000	0
14:56:42	226.0000	340.0000	0
14:56:42	201.0000	324.0000	0
14:56:42	199.0000	314.0000	0
14:56:42	199.0000	412.0000	0
14:56:42	202.0000	380.0000	0
14:56:42	199.0000	359.0000	0
14:56:42	193.0000	339.0000	0
14:56:42	208.0000	326.0000	0
14:56:42	195.0000	317.0000	0
14:56:42	198.0000	413.0000	0
14:56:42	195.0000	384.0000	0
14:56:42	198.0000	363.0000	0
14:56:42	193.0000	339.0000	0
14:56:42	194.0000	326.0000	0
14:56:42	192.0000	317.0000	0
14:56:42	194.0000	415.0000	0
14:56:42	202.0000	391.0000	0
14:56:42	201.0000	359.0000	0
14:56:42	202.0000	349.0000	0
14:56:42	200.0000	329.0000	0
14:56:42	195.0000	317.0000	0
14:56:42	194.0000	414.0000	0
14:56:42	198.0000	383.0000	0
14:56:42	199.0000	361.0000	0
14:56:42	198.0000	339.0000	0
14:56:42	204.0000	333.0000	0
14:56:42	198.0000	318.0000	0
14:56:42	201.0000	403.0000	0
14:56:42	201.0000	382.0000	0
14:56:42	206.0000	359.0000	0
14:56:42	206.0000	352.0000	0
14:56:42	208.0000	310.0000	0
14:56:42	202.0000	324.0000	0
14:56:42	198.0000	413.0000	0
14:56:42	194.0000	368.0000	0
14:56:42	203.0000	362.0000	0
14:56:42	203.0000	341.0000	0
14:56:42	205.0000	329.0000	0
14:56:42	197.0000	302.0000	0
14:56:42	197.0000	409.0000	0
14:56:42	194.0000	383.0000	0
14:56:42	180.0000	341.0000	0
14:56:42	194.0000	339.0000	0
14:56:42	198.0000	329.0000	0
14:56:42	205.0000	320.0000	0
14:56:42	194.0000	411.0000	0
14:56:42	202.0000	389.0000	0
14:56:42	199.0000	359.0000	0
14:56:42	198.0000	342.0000	0
14:56:42	197.0000	327.0000	0
14:56:42	196.0000	317.0000	0
14:56:42	198.0000	309.0000	0
14:56:42	198.0000	411.0000	0
14:56:42	202.0000	381.0000	0
14:56:42	199.0000	361.0000	0
14:56:42	199.0000	343.0000	0
14:56:42	196.0000	327.0000	0
14:56:42	193.0000	319.0000	0
14:56:42	202.0000	410.0000	0
14:56:42	196.0000	381.0000	0
14:56:42	190.0000	363.0000	0
14:56:42	195.0000	341.0000	0
14:56:42	202.0000	329.0000	0
14:56:42	203.0000	316.0000	0
14:56:42	201.0000	410.0000	0
14:56:42	205.0000	386.0000	0
14:56:42	203.0000	339.0000	0
14:56:42	201.0000	337.0000	0
14:56:42	202.0000	331.0000	0
14:56:42	196.0000	298.0000	0
14:56:42	205.0000	304.0000	0
14:56:42	198.0000	411.0000	0
14:56:42	197.0000	367.0000	0
14:56:42	201.0000	357.0000	0
14:56:42	197.0000	338.0000	0
14:56:42	201.0000	326.0000	0
14:56:42	197.0000	303.0000	0
14:56:42	199.0000	405.0000	0
14:56:42	198.0000	379.0000	0
14:56:42	190.0000	342.0000	0
14:56:42	196.0000	340.0000	0
14:56:42	200.0000	327.0000	0
14:56:42	205.0000	320.0000	0
14:56:42	195.0000	413.0000	0
14:56:42	202.0000	384.0000	0
14:56:42	195.0000	357.0000	0
14:56:42	202.0000	341.0000	0
14:56:42	195.0000	329.0000	0
14:56:42	194.0000	320.0000	0
14:56:42	192.0000	309.0000	0
14:56:42	190.0000	410.0000	0
14:56:42	187.0000	378.0000	0
14:56:42	191.0000	359.0000	0
14:56:42	183.0000	323.0000	0
14:56:42	198.0000	332.0000	0
14:56:42	202.0000	318.0000	0
14:56:42	207.0000	400.0000	0
14:56:42	211.0000	382.0000	0
14:56:42	202.0000	358.0000	0
14:56:42	210.0000	345.0000	0
14:56:42	202.0000	313.0000	0
14:56:42	208.0000	317.0000	0
14:56:42	211.0000	415.0000	0
14:56:42	209.0000	383.0000	0
14:56:42	209.0000	345.0000	0
14:56:42	208.0000	341.0000	0
14:56:42	210.0000	332.0000	0
14:56:42	206.0000	300.0000	0
14:56:42	213.0000	420.0000	0
14:56:42	208.0000	382.0000	0
14:56:42	208.0000	368.0000	0
14:56:42	208.0000	345.0000	0
14:56:42	205.0000	330.0000	0
14:56:42	208.0000	320.0000	0
14:56:42	199.0000	292.0000	0
14:56:42	206.0000	418.0000	0
14:56:42	205.0000	382.0000	0
14:56:42	210.0000	358.0000	0
14:56:42	205.0000	340.0000	0
14:56:42	203.0000	326.0000	0
14:56:42	204.0000	321.0000	0
14:56:42	205.0000	410.0000	0
14:56:42	208.0000	393.0000	0
14:56:42	207.0000	362.0000	0
14:56:42	203.0000	339.0000	0
14:56:42	201.0000	333.0000	0
14:56:42	202.0000	317.0000	0
14:56:42	203.0000	421.0000	0
14:56:42	207.0000	368.0000	0
14:56:42	208.0000	368.0000	0
14:56:42	202.0000	341.0000	0
14:56:42	205.0000	320.0000	0
14:56:42	227.0000	314.0000	0
14:56:42	193.0000	413.0000	0
14:56:42	201.0000	383.0000	0
14:56:42	202.0000	339.0000	0
14:56:42	206.0000	351.0000	0
14:56:42	203.0000	330.0000	0
14:56:42	197.0000	306.0000	0
14:56:42	203.0000	413.0000	0
14:56:42	203.0000	381.0000	0
14:56:42	206.0000	368.0000	0
14:56:42	202.0000	323.0000	0
14:56:42	213.0000	335.0000	0
14:56:42	204.0000	315.0000	0
14:56:42	205.0000	415.0000	0
14:56:42	228.0000	384.0000	0
14:56:42	213.0000	362.0000	0
14:56:42	205.0000	338.0000	0
14:56:42	208.0000	327.0000	0
14:56:42	203.0000	317.0000	0
14:56:42	197.0000	410.0000	0
14:56:42	199.0000	379.0000	0
14:56:42	201.0000	358.0000	0
14:56:42	201.0000	338.0000	0
14:56:42	199.0000	326.0000	0
14:56:42	201.0000	318.0000	0
14:56:42	198.0000	413.0000	0
14:56:42	196.0000	383.0000	0
14:56:42	197.0000	360.0000	0
14:56:42	200.0000	345.0000	0
14:56:42	198.0000	330.0000	0
14:56:42	194.0000	321.0000	0
14:56:42	195.0000	400.0000	0
14:56:42	206.0000	390.0000	0
14:56:42	206.0000	362.0000	0
14:56:42	209.0000	336.0000	0
14:56:42	207.0000	329.0000	0
14:56:42	203.0000	317.0000	0
14:56:42	208.0000	418.0000	0
14:56:42	197.0000	363.0000	0
14:56:42	208.0000	367.0000	0
14:56:42	206.0000	343.0000	0
14:56:42	208.0000	318.0000	0
14:56:42	198.0000	320.0000	0
14:56:42	199.0000	306.0000	0
14:56:42	205.0000	416.0000	0
14:56:42	203.0000	361.0000	0
14:56:42	206.0000	357.0000	0
14:56:42	211.0000	338.0000	0
14:56:42	195.0000	305.0000	0
14:56:42	210.0000	313.0000	0
14:56:42	207.0000	414.0000	0
14:56:42	208.0000	381.0000	0
14:56:42	203.0000	362.0000	0
14:56:42	208.0000	341.0000	0
14:56:42	208.0000	327.0000	0
14:56:42	193.0000	303.0000	0
14:56:42	201.0000	414.0000	0
14:56:42	201.0000	382.0000	0
14:56:42	203.0000	368.0000	0
14:56:42	204.0000	320.0000	0
14:56:42	203.0000	327.0000	0
14:56:42	203.0000	318.0000	0
14:56:42	197.0000	417.0000	0
14:56:42	202.0000	383.0000	0
14:56:42	202.0000	363.0000	0
14:56:42	205.0000	342.0000	0
14:56:42	204.0000	329.0000	0
14:56:42	205.0000	318.0000	0
14:56:42	199.0000	306.0000	0
14:56:42	196.0000	413.0000	0
14:56:42	193.0000	388.0000	0
14:56:42	198.0000	359.0000	0
14:56:42	205.0000	346.0000	0
14:56:42	199.0000	305.0000	0
14:56:42	198.0000	313.0000	0
14:56:42	195.0000	419.0000	0
14:56:42	193.0000	366.0000	0
14:56:42	198.0000	362.0000	0
14:56:42	197.0000	345.0000	0
14:56:42	193.0000	327.0000	0
14:56:42	196.0000	320.0000	0
14:56:42	198.0000	415.0000	0
14:56:42	202.0000	386.0000	0
14:56:42	205.0000	366.0000	0
14:56:42	202.0000	344.0000	0
14:56:42	197.0000	332.0000	0
14:56:42	199.0000	320.0000	0
14:56:42	200.0000	408.0000	0
14:56:42	198.0000	390.0000	0
14:56:42	207.0000	364.0000	0
14:56:42	203.0000	349.0000	0
14:56:42	202.0000	320.0000	0
14:56:42	202.0000	320.0000	0
14:56:42	196.0000	409.0000	0
14:56:42	202.0000	365.0000	0
14:56:42	201.0000	367.0000	0
14:56:42	205.0000	339.0000	0
14:56:42	208.0000	333.0000	0
14:56:42	201.0000	297.0000	0
14:56:42	194.0000	417.0000	0
14:56:42	201.0000	383.0000	0
14:56:42	202.0000	361.0000	0
14:56:42	203.0000	341.0000	0
14:56:42	207.0000	325.0000	0
14:56:42	202.0000	320.0000	0
14:56:42	203.0000	308.0000	0
14:56:42	196.0000	416.0000	0
14:56:42	201.0000	389.0000	0
14:56:42	203.0000	357.0000	0
14:56:42	204.0000	341.0000	0
14:56:42	201.0000	324.0000	0
14:56:42	202.0000	320.0000	0
14:56:43	198.0000	405.0000	0
14:56:43	199.0000	382.0000	0
14:56:43	199.0000	366.0000	0
14:56:43	194.0000	319.0000	0
14:56:43	201.0000	331.0000	0
14:56:43	199.0000	314.0000	0
14:56:43	203.0000	412.0000	0
14:56:43	215.0000	384.0000	0
14:56:43	214.0000	368.0000	0
14:56:43	222.0000	348.0000	0
14:56:43	213.0000	327.0000	0
14:56:43	225.0000	325.0000	0
14:56:43	211.0000	306.0000	0
14:56:43	215.0000	411.0000	0
14:56:43	218.0000	381.0000	0
14:56:43	223.0000	362.0000	0
14:56:43	233.0000	350.0000	0
14:56:43	222.0000	308.0000	0
14:56:43	226.0000	325.0000	0
14:56:43	208.0000	411.0000	0
14:56:43	212.0000	380.0000	0
14:56:43	212.0000	359.0000	0
14:56:43	215.0000	343.0000	0
14:56:43	213.0000	331.0000	0
14:56:43	211.0000	304.0000	0
14:56:43	208.0000	419.0000	0
14:56:43	209.0000	387.0000	0
14:56:43	211.0000	362.0000	0
14:56:43	211.0000	344.0000	0
14:56:43	211.0000	336.0000	0
14:56:43	208.0000	316.0000	0
14:56:43	218.0000	410.0000	0
14:56:43	209.0000	382.0000	0
14:56:43	210.0000	362.0000	0
14:56:43	207.0000	321.0000	0
14:56:43	209.0000	336.0000	0
14:56:43	209.0000	320.0000	0
14:56:43	209.0000	314.0000	0
14:56:43	206.0000	406.0000	0
14:56:43	222.0000	381.0000	0
14:56:43	208.0000	361.0000	0
14:56:43	208.0000	340.0000	0
14:56:43	216.0000	332.0000	0
14:56:43	208.0000	316.0000	0
14:56:43	194.0000	410.0000	0
14:56:43	195.0000	383.0000	0
14:56:43	192.0000	366.0000	0
14:56:43	193.0000	345.0000	0
14:56:43	191.0000	304.0000	0
14:56:43	202.0000	319.0000	0
14:56:43	201.0000	411.0000	0
14:56:43	205.0000	381.0000	0
14:56:43	209.0000	357.0000	0
14:56:43	219.0000	343.0000	0
14:56:43	209.0000	327.0000	0
14:56:43	208.0000	304.0000	0
14:56:43	210.0000	415.0000	0
14:56:43	218.0000	386.0000	0
14:56:43	209.0000	346.0000	0
14:56:43	217.0000	341.0000	0
14:56:43	219.0000	333.0000	0
14:56:43	219.0000	325.0000	0
14:56:43	221.0000	310.0000	0
14:56:43	212.0000	415.0000	0
14:56:43	215.0000	382.0000	0
14:56:43	213.0000	362.0000	0
14:56:43	215.0000	345.0000	0
14:56:43	208.0000	331.0000	0
14:56:43	218.0000	320.0000	0
14:56:43	247.0000	414.0000	0
14:56:43	227.0000	383.0000	0
14:56:43	225.0000	364.0000	0
14:56:43	225.0000	326.0000	0
14:56:43	231.0000	336.0000	0
14:56:43	218.0000	320.0000	0
14:56:43	214.0000	415.0000	0
14:56:43	221.0000	384.0000	0
14:56:43	215.0000	362.0000	0
14:56:43	221.0000	346.0000	0
14:56:43	214.0000	320.0000	0
14:56:43	222.0000	329.0000	0
14:56:43	216.0000	415.0000	0
14:56:43	217.0000	381.0000	0
14:56:43	210.0000	363.0000	0
14:56:43	208.0000	343.0000	0
14:56:43	218.0000	332.0000	0
14:56:43	210.0000	304.0000	0
14:56:43	212.0000	305.0000	0
14:56:43	211.0000	412.0000	0
14:56:43	211.0000	381.0000	0
14:56:43	240.0000	361.0000	0
14:56:43	219.0000	341.0000	0
14:56:43	220.0000	329.0000	0
14:56:43	240.0000	317.0000	0
14:56:43	196.0000	414.0000	0
14:56:43	208.0000	384.0000	0
14:56:43	208.0000	363.0000	0
14:56:43	207.0000	345.0000	0
14:56:43	210.0000	330.0000	0
14:56:43	206.0000	315.0000	0
14:56:43	198.0000	414.0000	0
14:56:43	201.0000	384.0000	0
14:56:43	203.0000	361.0000	0
14:56:43	202.0000	342.0000	0
14:56:43	203.0000	326.0000	0
14:56:43	203.0000	317.0000	0
14:56:43	197.0000	418.0000	0
14:56:43	195.0000	371.0000	0
14:56:43	199.0000	361.0000	0
14:56:43	195.0000	340.0000	0
14:56:43	188.0000	309.0000	0
14:56:43	213.0000	314.0000	0
14:56:43	196.0000	304.0000	0
14:56:43	204.0000	400.0000	0
14:56:43	195.0000	377.0000	0
14:56:43	193.0000	352.0000	0
14:56:43	198.0000	338.0000	0
14:56:43	197.0000	304.0000	0
14:56:43	198.0000	311.0000	0
14:56:43	192.0000	413.0000	0
14:56:43	192.0000	383.0000	0
14:56:43	192.0000	358.0000	0
14:56:43	189.0000	338.0000	0
14:56:43	192.0000	326.0000	0
14:56:43	184.0000	295.0000	0
14:56:43	208.0000	418.0000	0
14:56:43	207.0000	382.0000	0
14:56:43	203.0000	361.0000	0
14:56:43	205.0000	340.0000	0
14:56:43	205.0000	327.0000	0
14:56:43	208.0000	319.0000	0
14:56:43	204.0000	412.0000	0
14:56:43	214.0000	385.0000	0
14:56:43	208.0000	359.0000	0
14:56:43	207.0000	349.0000	0
14:56:43	207.0000	326.0000	0
14:56:43	203.0000	315.0000	0
14:56:43	207.0000	309.0000	0
14:56:43	208.0000	411.0000	0
14:56:43	211.0000	387.0000	0
14:56:43	214.0000	359.0000	0
14:56:43	208.0000	342.0000	0
14:56:43	197.0000	326.0000	0
14:56:43	208.0000	318.0000	0
14:56:43	221.0000	422.0000	0
14:56:43	209.0000	366.0000	0
14:56:43	226.0000	369.0000	0
14:56:43	216.0000	343.0000	0
14:56:43	222.0000	320.0000	0
14:56:43	214.0000	319.0000	0
14:56:43	207.0000	417.0000	0
14:56:43	208.0000	383.0000	0
14:56:43	209.0000	362.0000	0
14:56:43	208.0000	350.0000	0
14:56:43	208.0000	327.0000	0
14:56:43	190.0000	304.0000	0
14:56:43	208.0000	414.0000	0
14:56:43	205.0000	383.0000	0
14:56:43	203.0000	367.0000	0
14:56:43	202.0000	321.0000	0
14:56:43	208.0000	334.0000	0
14:56:43	202.0000	315.0000	0
14:56:43	208.0000	413.0000	0
14:56:43	210.0000	382.0000	0
14:56:43	208.0000	359.0000	0
14:56:43	208.0000	348.0000	0
14:56:43	208.0000	330.0000	0
14:56:43	207.0000	322.0000	0
14:56:43	207.0000	304.0000	0
14:56:43	202.0000	411.0000	0
14:56:43	201.0000	380.0000	0
14:56:43	200.0000	361.0000	0
14:56:43	206.0000	343.0000	0
14:56:43	204.0000	330.0000	0
14:56:43	206.0000	318.0000	0
14:56:43	196.0000	410.0000	0
14:56:43	200.0000	381.0000	0
14:56:43	195.0000	359.0000	0
14:56:43	197.0000	350.0000	0
14:56:43	195.0000	326.0000	0
14:56:43	197.0000	316.0000	0
14:56:43	205.0000	417.0000	0
14:56:43	207.0000	383.0000	0
14:56:43	208.0000	359.0000	0
14:56:43	206.0000	337.0000	0
14:56:43	201.0000	322.0000	0
14:56:43	208.0000	314.0000	0
14:56:43	203.0000	403.0000	0
14:56:43	206.0000	381.0000	0
14:56:43	198.0000	361.0000	0
14:56:43	189.0000	320.0000	0
14:56:43	222.0000	326.0000	0
14:56:43	199.0000	315.0000	0
14:56:43	194.0000	412.0000	0
14:56:43	192.0000	381.0000	0
14:56:43	195.0000	359.0000	0
14:56:43	194.0000	338.0000	0
14:56:43	181.0000	311.0000	0
14:56:43	202.0000	315.0000	0
14:56:43	192.0000	304.0000	0
14:56:43	192.0000	406.0000	0
14:56:43	198.0000	379.0000	0
14:56:43	191.0000	354.0000	0
14:56:43	188.0000	336.0000	0
14:56:43	178.0000	305.0000	0
14:56:43	191.0000	315.0000	0
14:56:43	185.0000	411.0000	0
14:56:43	180.0000	384.0000	0
14:56:43	189.0000	362.0000	0
14:56:43	191.0000	336.0000	0
14:56:43	190.0000	329.0000	0
14:56:43	186.0000	315.0000	0
14:56:43	196.0000	409.0000	0
14:56:43	189.0000	381.0000	0
14:56:43	195.0000	359.0000	0
14:56:43	219.0000	343.0000	0
14:56:43	244.0000	336.0000	0
14:56:43	248.0000	321.0000	0
14:56:43	290.0000	419.0000	0
14:56:43	307.0000	395.0000	0
14:56:43	308.0000	374.0000	0
14:56:43	326.0000	359.0000	0
14:56:43	327.0000	346.0000	0
14:56:43	340.0000	336.0000	0
14:56:43	399.0000	432.0000	0
14:56:43	411.0000	405.0000	0
14:56:43	432.0000	390.0000	0
14:56:43	428.0000	374.0000	0
14:56:43	423.0000	368.0000	0
14:56:43	407.0000	336.0000	0
14:56:43	408.0000	349.0000	0
14:56:43	361.0000	433.0000	0
14:56:43	362.0000	400.0000	0
14:56:43	365.0000	387.0000	0
14:56:43	383.0000	369.0000	0
14:56:43	387.0000	361.0000	0
14:56:43	372.0000	332.0000	0
14:56:43	482.0000	437.0000	0
14:56:44	493.0000	417.0000	0
14:56:44	495.0000	401.0000	0
14:56:44	531.0000	389.0000	0
14:56:44	569.0000	384.0000	0
14:56:44	598.0000	381.0000	0
14:56:44	720.0000	462.0000	0
14:56:44	750.0000	456.0000	0
14:56:44	752.0000	438.0000	0
14:56:44	751.0000	432.0000	0
14:56:44	748.0000	427.0000	0
14:56:44	752.0000	429.0000	0
14:56:44	803.0000	482.0000	0
14:56:44	832.0000	464.0000	0
14:56:44	863.0000	463.0000	0
14:56:44	870.0000	457.0000	0
14:56:44	862.0000	448.0000	0
14:56:44	875.0000	445.0000	0
14:56:44	1166.0000	524.0000	0
14:56:44	1271.0000	511.0000	0
14:56:44	1397.0000	528.0000	0
14:56:44	1462.0000	534.0000	0
14:56:44	1469.0000	554.0000	0
14:56:44	3729.0000	753.0000	0
14:56:44	3725.0000	839.0000	0
14:56:44	3679.0000	889.0000	0
14:56:44	3718.0000	970.0000	11
14:56:44	3675.0000	1008.0000	0
14:56:44	3730.0000	1038.0000	0
14:56:44	3725.0000	1082.0000	11
14:56:44	3695.0000	1122.0000	0
14:56:44	3716.0000	1168.0000	25
14:56:44	3728.0000	1200.0000	24
14:56:44	3728.0000	1234.0000	32
14:56:44	3725.0000	1218.0000	0
14:56:44	3720.0000	1249.0000	16
14:56:44	3726.0000	1271.0000	18
14:56:44	3722.0000	1291.0000	27
14:56:44	3719.0000	1312.0000	27
14:56:44	3726.0000	1327.0000	31
14:56:44	3705.0000	1302.0000	0
14:56:44	3670.0000	1314.0000	16
14:56:44	3697.0000	1337.0000	22
14:56:44	3738.0000	1354.0000	15
14:56:44	3691.0000	1373.0000	31
14:56:44	3728.0000	1344.0000	0
14:56:44	3719.0000	1348.0000	16
14:56:44	3683.0000	1355.0000	1
14:56:44	3719.0000	1376.0000	38
14:56:44	3723.0000	1391.0000	31
14:56:44	3735.0000	1423.0000	11
14:56:44	3729.0000	1366.0000	7
14:56:44	3731.0000	1375.0000	23
14:56:44	3736.0000	1388.0000	13
14:56:44	3722.0000	1397.0000	23
14:56:44	3729.0000	1417.0000	28
14:56:44	3723.0000	1421.0000	32
14:56:44	3728.0000	1391.0000	0
14:56:44	3727.0000	1390.0000	16
14:56:44	3719.0000	1398.0000	23
14:56:44	3725.0000	1403.0000	30
14:56:44	3748.0000	1410.0000	33
14:56:44	3727.0000	1388.0000	0
14:56:44	3725.0000	1387.0000	16
14:56:44	3728.0000	1396.0000	29
14:56:44	3729.0000	1408.0000	31
14:56:44	3722.0000	1411.0000	38
14:56:44	3699.0000	1422.0000	20
14:56:44	3739.0000	1405.0000	0
14:56:44	3724.0000	1392.0000	17
14:56:44	3722.0000	1400.0000	29
14:56:44	3728.0000	1414.0000	34
14:56:44	3721.0000	1411.0000	37
14:56:44	3724.0000	1425.0000	42
14:56:44	3703.0000	1391.0000	0
14:56:44	3731.0000	1410.0000	17
14:56:44	3734.0000	1403.0000	30
14:56:44	3711.0000	1415.0000	11
14:56:44	3725.0000	1423.0000	29
14:56:44	3679.0000	1398.0000	0
14:56:44	3731.0000	1420.0000	0
14:56:44	3678.0000	1389.0000	18
14:56:44	3728.0000	1416.0000	30
14:56:44	3726.0000	1422.0000	33
14:56:44	3683.0000	1437.0000	5
14:56:44	3726.0000	1402.0000	1
14:56:44	3723.0000	1404.0000	17
14:56:44	3735.0000	1430.0000	10
14:56:44	3676.0000	1415.0000	23
14:56:44	3718.0000	1421.0000	35
14:56:44	3728.0000	1426.0000	45
14:56:44	3725.0000	1407.0000	2
14:56:44	3743.0000	1398.0000	23
14:56:44	3719.0000	1400.0000	38
14:56:44	3685.0000	1409.0000	30
14:56:44	3723.0000	1420.0000	48
14:56:44	3725.0000	1402.0000	0
14:56:44	3728.0000	1393.0000	21
14:56:44	3723.0000	1401.0000	27
14:56:44	3714.0000	1411.0000	30
14:56:44	3723.0000	1419.0000	35
14:56:44	3725.0000	1428.0000	35
14:56:44	3728.0000	1404.0000	0
14:56:44	3724.0000	1401.0000	16
14:56:44	3725.0000	1406.0000	25
14:56:44	3725.0000	1405.0000	43
14:56:44	3728.0000	1422.0000	36
14:56:44	3721.0000	1432.0000	42
14:56:44	3723.0000	1411.0000	7
14:56:44	3722.0000	1403.0000	22
14:56:44	3721.0000	1402.0000	44
14:56:44	3701.0000	1408.0000	14
14:56:44	3725.0000	1419.0000	38
14:56:44	3726.0000	1403.0000	2
14:56:44	3683.0000	1392.0000	0
14:56:44	3712.0000	1395.0000	27
14:56:44	3728.0000	1415.0000	30
14:56:44	3731.0000	1427.0000	29
14:56:44	3671.0000	1436.0000	4
14:56:44	3718.0000	1400.0000	0
14:56:44	3726.0000	1408.0000	16
14:56:44	3679.0000	1410.0000	1
14:56:44	3729.0000	1422.0000	33
14:56:44	3728.0000	1430.0000	33
14:56:44	3729.0000	1461.0000	3
14:56:44	3726.0000	1405.0000	5
14:56:44	3727.0000	1407.0000	19
14:56:44	3723.0000	1414.0000	34
14:56:44	3715.0000	1424.0000	27
14:56:44	3728.0000	1434.0000	30
14:56:44	3715.0000	1405.0000	0
14:56:44	3725.0000	1405.0000	17
14:56:44	3716.0000	1397.0000	30
14:56:44	3722.0000	1408.0000	28
14:56:44	3730.0000	1419.0000	16
14:56:44	3696.0000	1424.0000	37
14:56:44	3731.0000	1405.0000	0
14:56:44	3728.0000	1389.0000	26
14:56:44	3725.0000	1403.0000	33
14:56:44	3738.0000	1409.0000	40
14:56:44	3718.0000	1416.0000	43
14:56:44	3754.0000	1423.0000	48
14:56:44	3724.0000	1397.0000	9
14:56:44	3722.0000	1405.0000	17
14:56:44	3727.0000	1411.0000	26
14:56:44	3721.0000	1417.0000	32
14:56:44	3738.0000	1436.0000	34
14:56:44	3725.0000	1402.0000	0
14:56:44	3682.0000	1393.0000	0
14:56:44	3721.0000	1407.0000	26
14:56:44	3723.0000	1418.0000	29
14:56:44	3731.0000	1432.0000	16
14:56:44	3667.0000	1436.0000	30
14:56:44	3723.0000	1413.0000	0
14:56:44	3730.0000	1400.0000	21
14:56:44	3664.0000	1410.0000	0
14:56:44	3712.0000	1427.0000	30
14:56:44	3718.0000	1434.0000	30
14:56:44	3741.0000	1436.0000	35
14:56:44	3728.0000	1407.0000	0
14:56:44	3726.0000	1401.0000	19
14:56:44	3728.0000	1407.0000	33
14:56:44	3715.0000	1424.0000	24
14:56:44	3731.0000	1435.0000	26
14:56:44	3726.0000	1407.0000	0
14:56:44	3729.0000	1403.0000	16
14:56:44	3712.0000	1417.0000	29
14:56:44	3722.0000	1423.0000	28
14:56:44	3739.0000	1455.0000	8
14:56:44	3685.0000	1425.0000	25
14:56:44	3725.0000	1407.0000	0
14:56:44	3723.0000	1407.0000	17
14:56:44	3723.0000	1410.0000	29
14:56:44	3732.0000	1416.0000	34
14:56:44	3725.0000	1419.0000	47
14:56:44	3724.0000	1427.0000	47
14:56:44	3741.0000	1423.0000	0
14:56:44	3723.0000	1402.0000	29
14:56:44	3722.0000	1401.0000	43
14:56:44	3728.0000	1408.0000	46
14:56:44	3728.0000	1419.0000	45
14:56:44	3742.0000	1405.0000	0
14:56:44	3680.0000	1384.0000	11
14:56:44	3734.0000	1431.0000	19
14:56:44	3728.0000	1420.0000	28
14:56:44	3711.0000	1434.0000	5
14:56:44	3674.0000	1447.0000	19
14:56:44	3722.0000	1407.0000	1
14:56:44	3725.0000	1402.0000	17
14:56:44	3683.0000	1408.0000	6
14:56:44	3742.0000	1426.0000	27
14:56:44	3731.0000	1430.0000	32
14:56:44	3695.0000	1441.0000	35
14:56:44	3728.0000	1409.0000	0
14:56:44	3726.0000	1399.0000	16
14:56:44	3718.0000	1415.0000	19
14:56:44	3715.0000	1424.0000	30
14:56:44	3717.0000	1434.0000	26
14:56:44	3728.0000	1407.0000	0
14:56:44	3685.0000	1397.0000	0
14:56:44	3715.0000	1409.0000	35
14:56:44	3723.0000	1419.0000	31
14:56:44	3728.0000	1420.0000	44
14:56:44	3674.0000	1423.0000	44
14:56:44	3729.0000	1411.0000	0
14:56:44	3730.0000	1406.0000	17
14:56:44	3678.0000	1409.0000	3
14:56:44	3717.0000	1422.0000	34
14:56:44	3728.0000	1433.0000	29
14:56:44	3726.0000	1439.0000	28
14:56:44	3726.0000	1406.0000	10
14:56:44	3721.0000	1406.0000	16
14:56:44	3721.0000	1407.0000	27
14:56:44	3727.0000	1425.0000	29
14:56:44	3729.0000	1428.0000	38
14:56:44	3727.0000	1407.0000	0
14:56:44	3726.0000	1406.0000	16
14:56:44	3728.0000	1411.0000	30
14:56:44	3728.0000	1422.0000	33
14:56:44	3723.0000	1428.0000	32
14:56:44	3728.0000	1435.0000	38
14:56:44	3734.0000	1424.0000	0
14:56:44	3723.0000	1406.0000	16
14:56:44	3707.0000	1413.0000	5
14:56:44	3725.0000	1425.0000	25
14:56:44	3713.0000	1427.0000	32
14:56:44	3726.0000	1445.0000	41
14:56:44	3747.0000	1407.0000	0
14:56:45	3724.0000	1412.0000	20
14:56:45	3726.0000	1416.0000	32
14:56:45	3679.0000	1423.0000	1
14:56:45	3714.0000	1423.0000	33
14:56:45	3727.0000	1402.0000	0
14:56:45	3731.0000	1403.0000	0
14:56:45	3675.0000	1404.0000	0
14:56:45	3715.0000	1426.0000	22
14:56:45	3725.0000	1430.0000	35
14:56:45	3667.0000	1440.0000	6
14:56:45	3739.0000	1419.0000	0
14:56:45	3722.0000	1404.0000	17
14:56:45	3706.0000	1404.0000	11
14:56:45	3712.0000	1421.0000	29
14:56:45	3717.0000	1415.0000	35
14:56:45	3728.0000	1430.0000	42
14:56:45	3731.0000	1408.0000	0
14:56:45	3723.0000	1397.0000	25
14:56:45	3728.0000	1401.0000	37
14:56:45	3721.0000	1410.0000	43
14:56:45	3725.0000	1415.0000	48
14:56:45	3728.0000	1405.0000	0
14:56:45	3707.0000	1403.0000	0
14:56:45	3725.0000	1407.0000	26
14:56:45	3721.0000	1424.0000	30
14:56:45	3728.0000	1425.0000	36
14:56:45	3728.0000	1436.0000	34
14:56:45	3726.0000	1409.0000	0
14:56:45	3728.0000	1405.0000	19
14:56:45	3691.0000	1396.0000	7
14:56:45	3715.0000	1424.0000	34
14:56:45	3728.0000	1433.0000	32
14:56:45	3726.0000	1442.0000	28
14:56:45	3702.0000	1423.0000	0
14:56:45	3718.0000	1412.0000	16
14:56:45	3728.0000	1418.0000	29
14:56:45	3722.0000	1430.0000	25
14:56:45	3722.0000	1430.0000	32
14:56:45	3726.0000	1407.0000	0
14:56:45	3696.0000	1407.0000	0
14:56:45	3725.0000	1416.0000	19
14:56:45	3721.0000	1429.0000	27
14:56:45	3725.0000	1439.0000	25
14:56:45	3712.0000	1443.0000	29
14:56:45	3728.0000	1413.0000	0
14:56:45	3728.0000	1408.0000	22
14:56:45	3728.0000	1414.0000	34
14:56:45	3728.0000	1419.0000	39
14:56:45	3730.0000	1426.0000	43
14:56:45	3729.0000	1438.0000	42
14:56:45	3728.0000	1414.0000	0
14:56:45	3728.0000	1409.0000	29
14:56:45	3726.0000	1410.0000	32
14:56:45	3722.0000	1420.0000	36
14:56:45	3728.0000	1429.0000	37
14:56:45	3740.0000	1413.0000	0
14:56:45	3726.0000	1405.0000	18
14:56:45	3733.0000	1414.0000	15
14:56:45	3733.0000	1423.0000	28
14:56:45	3723.0000	1427.0000	30
14:56:45	3728.0000	1444.0000	32
14:56:45	3677.0000	1381.0000	0
14:56:45	3728.0000	1420.0000	13
14:56:45	3728.0000	1420.0000	22
14:56:45	3729.0000	1426.0000	3
14:56:45	3677.0000	1433.0000	25
14:56:45	3726.0000	1446.0000	32
14:56:45	3691.0000	1391.0000	0
14:56:45	3670.0000	1383.0000	12
14:56:45	3712.0000	1423.0000	20
14:56:45	3726.0000	1420.0000	37
14:56:45	3717.0000	1428.0000	33
14:56:45	3745.0000	1405.0000	0
14:56:45	3727.0000	1395.0000	28
14:56:45	3696.0000	1401.0000	6
14:56:45	3714.0000	1419.0000	21
14:56:45	3724.0000	1426.0000	27
14:56:45	3725.0000	1426.0000	44
14:56:45	3728.0000	1407.0000	0
14:56:45	3726.0000	1404.0000	23
14:56:45	3725.0000	1404.0000	32
14:56:45	3692.0000	1396.0000	34
14:56:45	3699.0000	1418.0000	34
14:56:45	3725.0000	1439.0000	32
14:56:45	3726.0000	1410.0000	0
14:56:45	3716.0000	1405.0000	18
14:56:45	3719.0000	1408.0000	27
14:56:45	3723.0000	1421.0000	29
14:56:45	3725.0000	1428.0000	33
14:56:45	3741.0000	1397.0000	0
14:56:45	3722.0000	1397.0000	24
14:56:45	3686.0000	1394.0000	7
14:56:45	3725.0000	1416.0000	35
14:56:45	3715.0000	1426.0000	39
14:56:45	3724.0000	1433.0000	47
14:56:45	3728.0000	1403.0000	0
14:56:45	3694.0000	1401.0000	22
14:56:45	3715.0000	1407.0000	32
14:56:45	3686.0000	1414.0000	6
14:56:45	3725.0000	1433.0000	26
14:56:45	3712.0000	1429.0000	41
14:56:45	3727.0000	1411.0000	0
14:56:45	3727.0000	1402.0000	20
14:56:45	3731.0000	1411.0000	32
14:56:45	3721.0000	1419.0000	34
14:56:45	3686.0000	1425.0000	11
14:56:45	3741.0000	1408.0000	0
14:56:45	3719.0000	1398.0000	16
14:56:45	3730.0000	1414.0000	0
14:56:45	3713.0000	1421.0000	21
14:56:45	3719.0000	1425.0000	26
14:56:45	3727.0000	1432.0000	32
14:56:45	3729.0000	1407.0000	0
14:56:45	3737.0000	1405.0000	16
14:56:45	3723.0000	1405.0000	31
14:56:45	3678.0000	1388.0000	31
14:56:45	3713.0000	1428.0000	38
14:56:45	3727.0000	1436.0000	34
14:56:45	3726.0000	1409.0000	0
14:56:45	3725.0000	1405.0000	16
14:56:45	3728.0000	1412.0000	26
14:56:45	3721.0000	1418.0000	33
14:56:45	3721.0000	1423.0000	37
14:56:45	3719.0000	1407.0000	0
14:56:45	3723.0000	1401.0000	22
14:56:45	3681.0000	1395.0000	10
14:56:45	3699.0000	1407.0000	44
14:56:45	3716.0000	1419.0000	41
14:56:45	3727.0000	1434.0000	47
14:56:45	3729.0000	1408.0000	2
14:56:45	3722.0000	1408.0000	14
14:56:45	3728.0000	1414.0000	29
14:56:45	3673.0000	1424.0000	0
14:56:45	3737.0000	1435.0000	23
14:56:45	3725.0000	1447.0000	27
14:56:45	3730.0000	1412.0000	0
14:56:45	3727.0000	1398.0000	28
14:56:45	3726.0000	1413.0000	25
14:56:45	3731.0000	1427.0000	9
14:56:45	3671.0000	1437.0000	27
14:56:45	3721.0000	1411.0000	1
14:56:45	3712.0000	1402.0000	18
14:56:45	3682.0000	1405.0000	0
14:56:45	3714.0000	1420.0000	24
14:56:45	3728.0000	1431.0000	30
14:56:45	3735.0000	1466.0000	8
14:56:45	3722.0000	1412.0000	6
14:56:45	3728.0000	1409.0000	17
14:56:45	3734.0000	1417.0000	12
14:56:45	3675.0000	1401.0000	16
14:56:45	3735.0000	1438.0000	23
14:56:45	3747.0000	1446.0000	29
14:56:45	3726.0000	1406.0000	2
14:56:45	3738.0000	1412.0000	18
14:56:45	3726.0000	1409.0000	28
14:56:45	3716.0000	1422.0000	30
14:56:45	3723.0000	1426.0000	37
14:56:45	3722.0000	1403.0000	0
14:56:45	3718.0000	1404.0000	17
14:56:45	3721.0000	1407.0000	27
14:56:45	3732.0000	1416.0000	31
14:56:45	3726.0000	1431.0000	35
14:56:45	3721.0000	1436.0000	38
14:56:45	3721.0000	1415.0000	5
14:56:45	3726.0000	1410.0000	17
14:56:45	3728.0000	1416.0000	6
14:56:45	3669.0000	1421.0000	18
14:56:45	3725.0000	1439.0000	25
14:56:45	3713.0000	1440.0000	27
14:56:45	3719.0000	1408.0000	0
14:56:45	3728.0000	1417.0000	9
14:56:45	3712.0000	1417.0000	23
14:56:45	3693.0000	1427.0000	16
14:56:45	3711.0000	1439.0000	30
14:56:45	3721.0000	1401.0000	0
14:56:45	3723.0000	1401.0000	22
14:56:45	3669.0000	1403.0000	22
14:56:45	3729.0000	1416.0000	24
14:56:45	3717.0000	1423.0000	30
14:56:45	3673.0000	1427.0000	27
14:56:45	3729.0000	1413.0000	0
14:56:45	3713.0000	1405.0000	18
14:56:45	3719.0000	1413.0000	23
14:56:45	3715.0000	1413.0000	27
14:56:45	3714.0000	1440.0000	33
14:56:45	3712.0000	1440.0000	38
14:56:45	3712.0000	1408.0000	1
14:56:45	3709.0000	1406.0000	21
14:56:45	3706.0000	1413.0000	34
14:56:45	3658.0000	1426.0000	21
14:56:45	3697.0000	1421.0000	33
14:56:45	3467.0000	1391.0000	0
14:56:45	3566.0000	1389.0000	21
14:56:45	3625.0000	1393.0000	23
14:56:45	3536.0000	1401.0000	29
14:56:45	3366.0000	1399.0000	29
14:56:45	3198.0000	1395.0000	27
14:56:45	2587.0000	1311.0000	0
14:56:45	2555.0000	1289.0000	11
14:56:45	2512.0000	1239.0000	0
14:56:45	2439.0000	1224.0000	14
14:56:45	2366.0000	1206.0000	5
14:56:45	2306.0000	1190.0000	0
14:56:45	1952.0000	1097.0000	0
14:56:45	1897.0000	1063.0000	0
14:56:45	1865.0000	1039.0000	0
14:56:45	1837.0000	990.0000	0
14:56:45	1794.0000	974.0000	0
14:56:45	1737.0000	936.0000	0
14:56:45	1727.0000	876.0000	0
14:56:45	1776.0000	863.0000	0
14:56:45	1844.0000	839.0000	0
14:56:45	1834.0000	827.0000	0
14:56:45	1781.0000	814.0000	0
14:56:45	1731.0000	795.0000	0
14:56:45	1556.0000	762.0000	0
14:56:45	1579.0000	720.0000	0
14:56:45	1563.0000	729.0000	0
14:56:45	1519.0000	708.0000	0
14:56:45	1525.0000	700.0000	0
14:56:45	1535.0000	679.0000	0
14:56:45	1322.0000	661.0000	0
14:56:45	1277.0000	646.0000	0
14:56:45	1243.0000	625.0000	0
14:56:45	1206.0000	618.0000	0
14:56:45	1202.0000	595.0000	0
14:56:45	1189.0000	583.0000	0
14:56:45	1023.0000	591.0000	0
14:56:45	997.0000	563.0000	0
14:56:45	963.0000	547.0000	0
14:56:45	935.0000	528.0000	0
14:56:45	914.0000	511.0000	0
14:56:45	880.0000	496.0000	0
14:56:45	727.0000	525.0000	0
14:56:45	715.0000	499.0000	0
14:56:45	688.0000	477.0000	0
14:56:45	675.0000	464.0000	0
14:56:45	651.0000	422.0000	0
14:56:45	635.0000	435.0000	0
14:56:45	537.0000	483.0000	0
14:56:45	528.0000	458.0000	0
14:56:45	511.0000	437.0000	0
14:56:46	499.0000	421.0000	0
14:56:46	486.0000	411.0000	0
14:56:46	474.0000	386.0000	0
14:56:46	399.0000	459.0000	0
14:56:46	400.0000	432.0000	0
14:56:46	393.0000	407.0000	0
14:56:46	384.0000	390.0000	0
14:56:46	370.0000	378.0000	0
14:56:46	368.0000	363.0000	0
14:56:46	361.0000	354.0000	0
14:56:46	310.0000	438.0000	0
14:56:46	307.0000	410.0000	0
14:56:46	301.0000	386.0000	0
14:56:46	300.0000	369.0000	0
14:56:46	293.0000	352.0000	0
14:56:46	304.0000	352.0000	0
14:56:46	286.0000	429.0000	0
14:56:46	256.0000	399.0000	0
14:56:46	253.0000	375.0000	0
14:56:46	245.0000	336.0000	0
14:56:46	246.0000	348.0000	0
14:56:46	246.0000	329.0000	0
14:56:46	225.0000	426.0000	0
14:56:46	222.0000	397.0000	0
14:56:46	217.0000	368.0000	0
14:56:46	219.0000	354.0000	0
14:56:46	217.0000	336.0000	0
14:56:46	226.0000	317.0000	0
14:56:46	208.0000	420.0000	0
14:56:46	205.0000	376.0000	0
14:56:46	201.0000	370.0000	0
14:56:46	206.0000	347.0000	0
14:56:46	208.0000	334.0000	0
14:56:46	198.0000	304.0000	0
14:56:46	197.0000	426.0000	0
14:56:46	197.0000	385.0000	0
14:56:46	194.0000	351.0000	0
14:56:46	212.0000	341.0000	0
14:56:46	198.0000	330.0000	0
14:56:46	203.0000	319.0000	0
14:56:46	201.0000	294.0000	0
14:56:46	204.0000	410.0000	0
14:56:46	208.0000	384.0000	0
14:56:46	195.0000	359.0000	0
14:56:46	192.0000	343.0000	0
14:56:46	194.0000	326.0000	0
14:56:46	205.0000	317.0000	0
14:56:46	185.0000	405.0000	0
14:56:46	191.0000	385.0000	0
14:56:46	195.0000	362.0000	0
14:56:46	189.0000	325.0000	0
14:56:46	206.0000	329.0000	0
14:56:46	208.0000	320.0000	0
14:56:46	223.0000	417.0000	0
14:56:46	227.0000	388.0000	0
14:56:46	228.0000	365.0000	0
14:56:46	230.0000	350.0000	0
14:56:46	228.0000	334.0000	0
14:56:46	234.0000	322.0000	0
14:56:46	235.0000	315.0000	0
14:56:46	223.0000	418.0000	0
14:56:46	219.0000	387.0000	0
14:56:46	218.0000	364.0000	0
14:56:46	224.0000	350.0000	0
14:56:46	213.0000	317.0000	0
14:56:46	221.0000	320.0000	0
14:56:46	208.0000	415.0000	0
14:56:46	214.0000	378.0000	0
14:56:46	208.0000	365.0000	0
14:56:46	208.0000	345.0000	0
14:56:46	212.0000	335.0000	0
14:56:46	207.0000	301.0000	0
14:56:46	204.0000	423.0000	0
14:56:46	202.0000	386.0000	0
14:56:46	207.0000	354.0000	0
14:56:46	213.0000	342.0000	0
14:56:46	209.0000	327.0000	0
14:56:46	210.0000	320.0000	0
14:56:46	212.0000	301.0000	0
14:56:46	210.0000	416.0000	0
14:56:46	212.0000	384.0000	0
14:56:46	217.0000	365.0000	0
14:56:46	226.0000	345.0000	0
14:56:46	234.0000	337.0000	0
14:56:46	230.0000	321.0000	0
14:56:46	225.0000	419.0000	0
14:56:46	227.0000	386.0000	0
14:56:46	233.0000	368.0000	0
14:56:46	229.0000	328.0000	0
14:56:46	261.0000	333.0000	0
14:56:46	238.0000	320.0000	0
14:56:46	236.0000	421.0000	0
14:56:46	236.0000	390.0000	0
14:56:46	238.0000	367.0000	0
14:56:46	240.0000	350.0000	0
14:56:46	247.0000	336.0000	0
14:56:46	253.0000	325.0000	0
14:56:46	263.0000	425.0000	0
14:56:46	266.0000	394.0000	0
14:56:46	265.0000	373.0000	0
14:56:46	271.0000	353.0000	0
14:56:46	270.0000	339.0000	0
14:56:46	256.0000	311.0000	0
14:56:46	272.0000	432.0000	0
14:56:46	277.0000	399.0000	0
14:56:46	284.0000	380.0000	0
14:56:46	279.0000	357.0000	0
14:56:46	289.0000	350.0000	0
14:56:46	289.0000	334.0000	0
14:56:46	287.0000	429.0000	0
14:56:46	285.0000	400.0000	0
14:56:46	289.0000	375.0000	0
14:56:46	304.0000	368.0000	0
14:56:46	288.0000	326.0000	0
14:56:46	299.0000	341.0000	0
14:56:46	293.0000	329.0000	0
14:56:46	278.0000	426.0000	0
14:56:46	281.0000	404.0000	0
14:56:46	281.0000	374.0000	0
14:56:46	285.0000	365.0000	0
14:56:46	285.0000	340.0000	0
14:56:46	281.0000	332.0000	0
14:56:46	260.0000	427.0000	0
14:56:46	256.0000	398.0000	0
14:56:46	254.0000	382.0000	0
14:56:46	251.0000	355.0000	0
14:56:46	254.0000	347.0000	0
14:56:46	245.0000	327.0000	0
14:56:46	229.0000	430.0000	0
14:56:46	225.0000	395.0000	0
14:56:46	228.0000	368.0000	0
14:56:46	229.0000	358.0000	0
14:56:46	234.0000	336.0000	0
14:56:46	236.0000	326.0000	0
14:56:46	224.0000	421.0000	0
14:56:46	225.0000	388.0000	0
14:56:46	233.0000	371.0000	0
14:56:46	236.0000	331.0000	0
14:56:46	245.0000	336.0000	0
14:56:46	238.0000	326.0000	0
14:56:46	225.0000	416.0000	0
14:56:46	247.0000	401.0000	0
14:56:46	252.0000	368.0000	0
14:56:46	253.0000	350.0000	0
14:56:46	262.0000	341.0000	0
14:56:46	267.0000	327.0000	0
14:56:46	272.0000	426.0000	0
14:56:46	277.0000	393.0000	0
14:56:46	281.0000	372.0000	0
14:56:46	286.0000	356.0000	0
14:56:46	289.0000	343.0000	0
14:56:46	291.0000	336.0000	0
14:56:46	292.0000	437.0000	0
14:56:46	290.0000	401.0000	0
14:56:46	291.0000	366.0000	0
14:56:46	288.0000	336.0000	0
14:56:46	291.0000	341.0000	0
14:56:46	296.0000	336.0000	0
14:56:46	285.0000	417.0000	0
14:56:46	292.0000	402.0000	0
14:56:46	286.0000	380.0000	0
14:56:46	283.0000	348.0000	0
14:56:46	282.0000	322.0000	0
14:56:46	285.0000	335.0000	0
14:56:46	291.0000	326.0000	0
14:56:46	268.0000	425.0000	0
14:56:46	264.0000	400.0000	0
14:56:46	264.0000	369.0000	0
14:56:46	267.0000	358.0000	0
14:56:46	272.0000	340.0000	0
14:56:46	273.0000	336.0000	0
14:56:46	266.0000	432.0000	0
14:56:46	267.0000	381.0000	0
14:56:46	265.0000	377.0000	0
14:56:46	265.0000	359.0000	0
14:56:46	269.0000	342.0000	0
14:56:46	267.0000	333.0000	0
14:56:46	263.0000	427.0000	0
14:56:46	261.0000	394.0000	0
14:56:46	266.0000	374.0000	0
14:56:46	269.0000	354.0000	0
14:56:46	266.0000	343.0000	0
14:56:46	256.0000	314.0000	0
14:56:46	299.0000	430.0000	0
14:56:46	299.0000	400.0000	0
14:56:46	309.0000	381.0000	0
14:56:46	294.0000	334.0000	0
14:56:46	302.0000	343.0000	0
14:56:46	304.0000	334.0000	0
14:56:46	330.0000	429.0000	0
14:56:46	336.0000	400.0000	0
14:56:46	338.0000	382.0000	0
14:56:46	345.0000	373.0000	0
14:56:46	347.0000	332.0000	0
14:56:46	366.0000	353.0000	0
14:56:46	358.0000	434.0000	0
14:56:46	361.0000	406.0000	0
14:56:46	366.0000	387.0000	0
14:56:46	357.0000	370.0000	0
14:56:46	366.0000	358.0000	0
14:56:46	368.0000	347.0000	0
14:56:46	346.0000	432.0000	0
14:56:46	347.0000	407.0000	0
14:56:46	342.0000	391.0000	0
14:56:46	336.0000	369.0000	0
14:56:46	337.0000	361.0000	0
14:56:46	336.0000	350.0000	0
14:56:46	320.0000	433.0000	0
14:56:46	320.0000	408.0000	0
14:56:46	318.0000	389.0000	0
14:56:46	317.0000	368.0000	0
14:56:46	318.0000	348.0000	0
14:56:46	320.0000	342.0000	0
14:56:46	323.0000	440.0000	0
14:56:46	323.0000	402.0000	0
14:56:46	320.0000	391.0000	0
14:56:46	317.0000	367.0000	0
14:56:46	324.0000	358.0000	0
14:56:46	322.0000	334.0000	0
14:56:46	325.0000	430.0000	0
14:56:46	318.0000	400.0000	0
14:56:46	311.0000	358.0000	0
14:56:46	314.0000	369.0000	0
14:56:46	313.0000	352.0000	0
14:56:46	317.0000	343.0000	0
14:56:46	289.0000	423.0000	0
14:56:46	283.0000	374.0000	0
14:56:46	285.0000	373.0000	0
14:56:46	279.0000	357.0000	0
14:56:46	278.0000	341.0000	0
14:56:46	275.0000	334.0000	0
14:56:46	259.0000	425.0000	0
14:56:46	256.0000	397.0000	0
14:56:46	255.0000	368.0000	0
14:56:46	256.0000	352.0000	0
14:56:46	254.0000	319.0000	0
14:56:46	261.0000	327.0000	0
14:56:46	263.0000	320.0000	0
14:56:46	272.0000	419.0000	0
14:56:46	275.0000	392.0000	0
14:56:46	272.0000	375.0000	0
14:56:46	275.0000	355.0000	0
14:56:46	275.0000	340.0000	0
14:56:46	275.0000	331.0000	0
14:56:47	272.0000	427.0000	0
14:56:47	272.0000	396.0000	0
14:56:47	291.0000	371.0000	0
14:56:47	269.0000	357.0000	0
14:56:47	270.0000	341.0000	0
14:56:47	268.0000	310.0000	0
14:56:47	256.0000	418.0000	0
14:56:47	256.0000	393.0000	0
14:56:47	244.0000	354.0000	0
14:56:47	257.0000	354.0000	0
14:56:47	256.0000	343.0000	0
14:56:47	241.0000	329.0000	0
14:56:47	246.0000	421.0000	0
14:56:47	250.0000	391.0000	0
14:56:47	243.0000	369.0000	0
14:56:47	235.0000	334.0000	0
14:56:47	270.0000	337.0000	0
14:56:47	245.0000	325.0000	0
14:56:47	249.0000	319.0000	0
14:56:47	247.0000	417.0000	0
14:56:47	243.0000	387.0000	0
14:56:47	247.0000	368.0000	0
14:56:47	244.0000	328.0000	0
14:56:47	256.0000	334.0000	0
14:56:47	256.0000	326.0000	0
14:56:47	246.0000	423.0000	0
14:56:47	252.0000	387.0000	0
14:56:47	240.0000	368.0000	0
14:56:47	244.0000	355.0000	0
14:56:47	242.0000	337.0000	0
14:56:47	245.0000	328.0000	0
14:56:47	244.0000	422.0000	0
14:56:47	245.0000	394.0000	0
14:56:47	242.0000	368.0000	0
14:56:47	242.0000	351.0000	0
14:56:47	247.0000	341.0000	0
14:56:47	243.0000	328.0000	0
14:56:47	251.0000	319.0000	0
14:56:47	247.0000	421.0000	0
14:56:47	231.0000	379.0000	0
14:56:47	247.0000	370.0000	0
14:56:47	250.0000	356.0000	0
14:56:47	251.0000	338.0000	0
14:56:47	246.0000	305.0000	0
14:56:47	251.0000	417.0000	0
14:56:47	245.0000	395.0000	0
14:56:47	234.0000	349.0000	0
14:56:47	256.0000	350.0000	0
14:56:47	253.0000	337.0000	0
14:56:47	255.0000	330.0000	0
14:56:47	268.0000	422.0000	0
14:56:47	265.0000	391.0000	0
14:56:47	266.0000	370.0000	0
14:56:47	258.0000	329.0000	0
14:56:47	279.0000	337.0000	0
14:56:47	267.0000	330.0000	0
14:56:47	265.0000	422.0000	0
14:56:47	263.0000	396.0000	0
14:56:47	268.0000	378.0000	0
14:56:47	265.0000	353.0000	0
14:56:47	246.0000	327.0000	0
14:56:47	272.0000	331.0000	0
14:56:47	263.0000	321.0000	0
14:56:47	265.0000	423.0000	0
14:56:47	260.0000	389.0000	0
14:56:47	261.0000	368.0000	0
14:56:47	257.0000	351.0000	0
14:56:47	249.0000	320.0000	0
14:56:47	265.0000	325.0000	0
14:56:47	252.0000	422.0000	0
14:56:47	249.0000	389.0000	0
14:56:47	253.0000	369.0000	0
14:56:47	247.0000	351.0000	0
14:56:47	256.0000	342.0000	0
14:56:47	257.0000	327.0000	0
14:56:47	258.0000	427.0000	0
14:56:47	254.0000	391.0000	0
14:56:47	253.0000	367.0000	0
14:56:47	253.0000	323.0000	0
14:56:47	253.0000	336.0000	0
14:56:47	253.0000	327.0000	0
14:56:47	254.0000	420.0000	0
14:56:47	256.0000	396.0000	0
14:56:47	254.0000	372.0000	0
14:56:47	259.0000	358.0000	0
14:56:47	252.0000	343.0000	0
14:56:47	256.0000	328.0000	0
14:56:47	250.0000	420.0000	0
14:56:47	245.0000	391.0000	0
14:56:47	246.0000	368.0000	0
14:56:47	246.0000	351.0000	0
14:56:47	255.0000	346.0000	0
14:56:47	245.0000	308.0000	0
14:56:47	240.0000	419.0000	0
14:56:47	240.0000	391.0000	0
14:56:47	238.0000	369.0000	0
14:56:47	240.0000	350.0000	0
14:56:47	240.0000	336.0000	0
14:56:47	242.0000	331.0000	0
14:56:47	240.0000	297.0000	0
14:56:47	239.0000	418.0000	0
14:56:47	239.0000	390.0000	0
14:56:47	231.0000	349.0000	0
14:56:47	236.0000	352.0000	0
14:56:47	236.0000	336.0000	0
14:56:47	241.0000	333.0000	0
14:56:47	229.0000	418.0000	0
14:56:47	235.0000	395.0000	0
14:56:47	238.0000	368.0000	0
14:56:47	237.0000	350.0000	0
14:56:47	234.0000	345.0000	0
14:56:47	235.0000	327.0000	0
14:56:47	234.0000	419.0000	0
14:56:47	234.0000	390.0000	0
14:56:47	233.0000	369.0000	0
14:56:47	239.0000	354.0000	0
14:56:47	230.0000	318.0000	0
14:56:47	240.0000	329.0000	0
14:56:47	240.0000	419.0000	0
14:56:47	240.0000	391.0000	0
14:56:47	240.0000	370.0000	0
14:56:47	237.0000	354.0000	0
14:56:47	240.0000	338.0000	0
14:56:47	240.0000	329.0000	0
14:56:47	253.0000	427.0000	0
14:56:47	246.0000	393.0000	0
14:56:47	246.0000	369.0000	0
14:56:47	244.0000	354.0000	0
14:56:47	250.0000	346.0000	0
14:56:47	250.0000	330.0000	0
14:56:47	250.0000	427.0000	0
14:56:47	247.0000	400.0000	0
14:56:47	247.0000	368.0000	0
14:56:47	253.0000	354.0000	0
14:56:47	246.0000	318.0000	0
14:56:47	251.0000	331.0000	0
14:56:47	240.0000	421.0000	0
14:56:47	245.0000	390.0000	0
14:56:47	240.0000	370.0000	0
14:56:47	239.0000	353.0000	0
14:56:47	245.0000	343.0000	0
14:56:47	240.0000	304.0000	0
14:56:47	243.0000	323.0000	0
14:56:47	235.0000	416.0000	0
14:56:47	235.0000	389.0000	0
14:56:47	238.0000	373.0000	0
14:56:47	234.0000	349.0000	0
14:56:47	235.0000	336.0000	0
14:56:47	233.0000	330.0000	0
14:56:47	231.0000	427.0000	0
14:56:47	230.0000	387.0000	0
14:56:47	240.0000	343.0000	0
14:56:47	229.0000	353.0000	0
14:56:47	231.0000	335.0000	0
14:56:47	239.0000	327.0000	0
14:56:47	229.0000	419.0000	0
14:56:47	230.0000	388.0000	0
14:56:47	233.0000	367.0000	0
14:56:47	230.0000	347.0000	0
14:56:47	231.0000	344.0000	0
14:56:47	234.0000	324.0000	0
14:56:47	226.0000	420.0000	0
14:56:47	224.0000	391.0000	0
14:56:47	225.0000	369.0000	0
14:56:47	225.0000	352.0000	0
14:56:47	227.0000	337.0000	0
14:56:47	225.0000	325.0000	0
14:56:47	226.0000	415.0000	0
14:56:47	231.0000	395.0000	0
14:56:47	226.0000	372.0000	0
14:56:47	231.0000	346.0000	0
14:56:47	227.0000	334.0000	0
14:56:47	228.0000	320.0000	0
14:56:47	233.0000	314.0000	0
14:56:47	231.0000	415.0000	0
14:56:47	229.0000	389.0000	0
14:56:47	227.0000	367.0000	0
14:56:47	225.0000	342.0000	0
14:56:47	232.0000	326.0000	0
14:56:47	223.0000	304.0000	0
14:56:47	222.0000	423.0000	0
14:56:47	215.0000	384.0000	0
14:56:47	218.0000	368.0000	0
14:56:47	216.0000	350.0000	0
14:56:47	222.0000	339.0000	0
14:56:47	219.0000	324.0000	0
14:56:47	226.0000	418.0000	0
14:56:47	231.0000	387.0000	0
14:56:47	236.0000	367.0000	0
14:56:47	240.0000	353.0000	0
14:56:47	229.0000	308.0000	0
14:56:47	240.0000	328.0000	0
14:56:47	239.0000	419.0000	0
14:56:47	240.0000	391.0000	0
14:56:47	240.0000	367.0000	0
14:56:47	240.0000	352.0000	0
14:56:47	247.0000	341.0000	0
14:56:47	242.0000	303.0000	0
14:56:47	250.0000	320.0000	0
14:56:47	245.0000	417.0000	0
14:56:47	243.0000	390.0000	0
14:56:47	240.0000	374.0000	0
14:56:47	240.0000	348.0000	0
14:56:47	240.0000	340.0000	0
14:56:47	240.0000	304.0000	0
14:56:47	240.0000	419.0000	0
14:56:47	242.0000	389.0000	0
14:56:47	241.0000	368.0000	0
14:56:47	245.0000	355.0000	0
14:56:47	243.0000	336.0000	0
14:56:47	250.0000	330.0000	0
14:56:47	240.0000	418.0000	0
14:56:47	242.0000	389.0000	0
14:56:47	242.0000	368.0000	0
14:56:47	240.0000	326.0000	0
14:56:47	256.0000	350.0000	0
14:56:47	245.0000	331.0000	0
14:56:47	245.0000	423.0000	0
14:56:47	241.0000	391.0000	0
14:56:47	238.0000	368.0000	0
14:56:47	242.0000	349.0000	0
14:56:47	240.0000	340.0000	0
14:56:47	240.0000	329.0000	0
14:56:47	236.0000	418.0000	0
14:56:47	239.0000	397.0000	0
14:56:47	239.0000	368.0000	0
14:56:47	242.0000	355.0000	0
14:56:47	240.0000	336.0000	0
14:56:47	240.0000	313.0000	0
14:56:47	243.0000	322.0000	0
14:56:47	240.0000	417.0000	0
14:56:47	241.0000	387.0000	0
14:56:47	242.0000	368.0000	0
14:56:47	245.0000	355.0000	0
14:56:47	242.0000	336.0000	0
14:56:47	225.0000	317.0000	0
14:56:47	243.0000	427.0000	0
14:56:47	247.0000	391.0000	0
14:56:47	250.0000	374.0000	0
14:56:47	244.0000	337.0000	0
14:56:47	249.0000	336.0000	0
14:56:47	248.0000	326.0000	0
14:56:47	247.0000	419.0000	0
14:56:47	245.0000	390.0000	0
14:56:47	242.0000	368.0000	0
14:56:47	244.0000	352.0000	0
14:56:47	240.0000	317.0000	0
14:56:47	245.0000	330.0000	0
14:56:47	245.0000	421.0000	0
14:56:47	245.0000	393.0000	0
14:56:47	247.0000	367.0000	0
14:56:47	250.0000	355.0000	0
14:56:47	244.0000	341.0000	0
14:56:47	243.0000	327.0000	0
14:56:47	240.0000	424.0000	0
14:56:47	240.0000	393.0000	0
14:56:47	240.0000	368.0000	0
14:56:47	239.0000	351.0000	0
14:56:47	240.0000	342.0000	0
14:56:47	240.0000	328.0000	0
14:56:47	240.0000	418.0000	0
14:56:47	240.0000	390.0000	0
14:56:47	241.0000	368.0000	0
14:56:48	238.0000	353.0000	0
14:56:48	240.0000	339.0000	0
14:56:48	239.0000	325.0000	0
14:56:48	230.0000	417.0000	0
14:56:48	838.0000	626.0000	0
14:56:48	930.0000	592.0000	0
14:56:48	1037.0000	556.0000	0
14:56:48	1054.0000	560.0000	0
14:56:48	1127.0000	525.0000	0
14:56:48	1337.0000	578.0000	0
14:56:48	1315.0000	571.0000	0
14:56:48	1317.0000	569.0000	0
14:56:48	1365.0000	560.0000	0
14:56:48	1430.0000	579.0000	0
14:56:48	1426.0000	569.0000	0
14:56:48	1456.0000	592.0000	0
14:56:48	1415.0000	594.0000	0
14:56:48	1367.0000	585.0000	0
14:56:48	1328.0000	586.0000	0
14:56:48	1287.0000	571.0000	0
14:56:48	1253.0000	562.0000	0
14:56:48	1133.0000	577.0000	0
14:56:48	1113.0000	560.0000	0
14:56:48	1102.0000	560.0000	0
14:56:48	1093.0000	535.0000	0
14:56:48	1139.0000	529.0000	0
14:56:48	1335.0000	533.0000	0
14:56:48	2001.0000	599.0000	0
14:56:48	1985.0000	628.0000	0
14:56:48	1975.0000	624.0000	0
14:56:48	1968.0000	665.0000	0
14:56:48	2081.0000	678.0000	0
14:56:48	2285.0000	701.0000	0
14:56:48	2815.0000	743.0000	0
14:56:48	2789.0000	789.0000	0
14:56:48	2702.0000	829.0000	0
14:56:48	2608.0000	848.0000	0
14:56:48	2528.0000	874.0000	0
14:56:48	2456.0000	880.0000	0
14:56:48	3009.0000	881.0000	0
14:56:48	3140.0000	930.0000	2
14:56:48	3238.0000	976.0000	0
14:56:48	3165.0000	1010.0000	9
14:56:48	3216.0000	1023.0000	0
14:56:48	3265.0000	1082.0000	1
14:56:48	3696.0000	1081.0000	0
14:56:48	3697.0000	1119.0000	9
14:56:48	3674.0000	1155.0000	19
14:56:48	3663.0000	1196.0000	16
14:56:48	3691.0000	1223.0000	19
14:56:48	3581.0000	1246.0000	18
14:56:48	3703.0000	1232.0000	0
14:56:48	3699.0000	1246.0000	14
14:56:48	3703.0000	1273.0000	18
14:56:48	3712.0000	1292.0000	33
14:56:48	3723.0000	1316.0000	26
14:56:48	3712.0000	1295.0000	0
14:56:48	3711.0000	1306.0000	16
14:56:48	3713.0000	1322.0000	22
14:56:48	3702.0000	1332.0000	31
14:56:48	3706.0000	1348.0000	33
14:56:48	3712.0000	1366.0000	44
14:56:48	3713.0000	1341.0000	0
14:56:48	3687.0000	1340.0000	0
14:56:48	3708.0000	1364.0000	26
14:56:48	3712.0000	1385.0000	26
14:56:48	3714.0000	1387.0000	34
14:56:48	3697.0000	1400.0000	2
14:56:48	3711.0000	1365.0000	0
14:56:48	3701.0000	1373.0000	19
14:56:48	3667.0000	1379.0000	0
14:56:48	3696.0000	1381.0000	31
14:56:48	3701.0000	1411.0000	23
14:56:48	3693.0000	1349.0000	0
14:56:48	3718.0000	1374.0000	16
14:56:48	3715.0000	1390.0000	26
14:56:48	3719.0000	1392.0000	34
14:56:48	3707.0000	1409.0000	26
14:56:48	3728.0000	1411.0000	28
14:56:48	3728.0000	1389.0000	0
14:56:48	3715.0000	1386.0000	16
14:56:48	3696.0000	1389.0000	31
14:56:48	3725.0000	1400.0000	31
14:56:48	3717.0000	1415.0000	32
14:56:48	3727.0000	1421.0000	34
14:56:48	3724.0000	1396.0000	1
14:56:48	3721.0000	1395.0000	17
14:56:48	3722.0000	1399.0000	26
14:56:48	3725.0000	1408.0000	43
14:56:48	3731.0000	1420.0000	33
14:56:48	3700.0000	1379.0000	0
14:56:48	3715.0000	1391.0000	19
14:56:48	3715.0000	1396.0000	23
14:56:48	3722.0000	1404.0000	36
14:56:48	3666.0000	1422.0000	31
14:56:48	3728.0000	1434.0000	26
14:56:48	3728.0000	1392.0000	0
14:56:48	3728.0000	1394.0000	17
14:56:48	3711.0000	1397.0000	34
14:56:48	3728.0000	1403.0000	35
14:56:48	3735.0000	1430.0000	16
14:56:48	3674.0000	1392.0000	33
14:56:48	3728.0000	1398.0000	0
14:56:48	3725.0000	1385.0000	25
14:56:48	3723.0000	1397.0000	31
14:56:48	3729.0000	1410.0000	29
14:56:48	3726.0000	1421.0000	29
14:56:48	3728.0000	1393.0000	0
14:56:48	3722.0000	1395.0000	26
14:56:48	3729.0000	1399.0000	25
14:56:48	3728.0000	1432.0000	6
14:56:48	3715.0000	1419.0000	29
14:56:48	3724.0000	1430.0000	33
14:56:48	3731.0000	1402.0000	0
14:56:48	3721.0000	1399.0000	16
14:56:48	3733.0000	1413.0000	22
14:56:48	3728.0000	1416.0000	31
14:56:48	3719.0000	1419.0000	33
14:56:48	3728.0000	1431.0000	33
14:56:48	3728.0000	1399.0000	4
14:56:48	3720.0000	1394.0000	26
14:56:48	3727.0000	1394.0000	34
14:56:48	3728.0000	1405.0000	45
14:56:48	3728.0000	1418.0000	36
14:56:48	3701.0000	1376.0000	0
14:56:48	3728.0000	1405.0000	13
14:56:48	3723.0000	1402.0000	25
14:56:48	3696.0000	1413.0000	3
14:56:48	3717.0000	1424.0000	26
14:56:48	3715.0000	1436.0000	26
14:56:48	3728.0000	1402.0000	0
14:56:48	3717.0000	1399.0000	15
14:56:48	3721.0000	1403.0000	29
14:56:48	3728.0000	1410.0000	41
14:56:48	3675.0000	1420.0000	3
14:56:48	3716.0000	1422.0000	37
14:56:48	3729.0000	1402.0000	0
14:56:48	3749.0000	1399.0000	20
14:56:48	3721.0000	1401.0000	23
14:56:48	3728.0000	1401.0000	28
14:56:48	3725.0000	1415.0000	38
14:56:48	3728.0000	1397.0000	0
14:56:48	3735.0000	1393.0000	18
14:56:48	3728.0000	1398.0000	26
14:56:48	3689.0000	1382.0000	23
14:56:48	3714.0000	1423.0000	35
14:56:48	3723.0000	1432.0000	29
14:56:48	3728.0000	1398.0000	0
14:56:48	3716.0000	1402.0000	16
14:56:48	3715.0000	1396.0000	22
14:56:48	3725.0000	1409.0000	34
14:56:48	3698.0000	1431.0000	26
14:56:48	3723.0000	1431.0000	29
14:56:48	3723.0000	1394.0000	11
14:56:48	3726.0000	1389.0000	26
14:56:48	3722.0000	1391.0000	47
14:56:48	3725.0000	1407.0000	39
14:56:48	3725.0000	1412.0000	45
14:56:48	3698.0000	1393.0000	0
14:56:48	3718.0000	1385.0000	20
14:56:48	3728.0000	1382.0000	38
14:56:48	3676.0000	1403.0000	0
14:56:48	3713.0000	1411.0000	31
14:56:48	3714.0000	1419.0000	45
14:56:48	3731.0000	1401.0000	0
14:56:48	3726.0000	1385.0000	28
14:56:48	3722.0000	1402.0000	21
14:56:48	3738.0000	1419.0000	11
14:56:48	3717.0000	1429.0000	24
14:56:48	3734.0000	1433.0000	16
14:56:48	3728.0000	1402.0000	0
14:56:48	3727.0000	1402.0000	17
14:56:48	3735.0000	1410.0000	22
14:56:48	3726.0000	1419.0000	28
14:56:48	3728.0000	1432.0000	1
14:56:48	3728.0000	1392.0000	6
14:56:48	3725.0000	1402.0000	16
14:56:48	3739.0000	1404.0000	14
14:56:48	3679.0000	1388.0000	20
14:56:48	3728.0000	1434.0000	30
14:56:48	3726.0000	1436.0000	29
14:56:48	3732.0000	1402.0000	0
14:56:48	3735.0000	1402.0000	16
14:56:48	3723.0000	1410.0000	26
14:56:48	3728.0000	1421.0000	2
14:56:48	3719.0000	1426.0000	27
14:56:48	3718.0000	1440.0000	26
14:56:48	3728.0000	1405.0000	0
14:56:48	3727.0000	1398.0000	16
14:56:48	3721.0000	1405.0000	23
14:56:48	3726.0000	1416.0000	30
14:56:48	3728.0000	1424.0000	31
14:56:48	3739.0000	1399.0000	0
14:56:48	3726.0000	1397.0000	16
14:56:48	3739.0000	1410.0000	0
14:56:48	3728.0000	1420.0000	22
14:56:48	3722.0000	1429.0000	27
14:56:48	3722.0000	1426.0000	34
14:56:48	3728.0000	1402.0000	0
14:56:48	3712.0000	1399.0000	16
14:56:48	3728.0000	1408.0000	25
14:56:48	3686.0000	1409.0000	10
14:56:48	3707.0000	1422.0000	37
14:56:48	3718.0000	1426.0000	45
14:56:48	3738.0000	1389.0000	0
14:56:48	3680.0000	1397.0000	17
14:56:48	3719.0000	1402.0000	40
14:56:48	3679.0000	1405.0000	34
14:56:48	3708.0000	1417.0000	34
14:56:48	3741.0000	1392.0000	0
14:56:48	3722.0000	1395.0000	22
14:56:48	3731.0000	1401.0000	32
14:56:48	3727.0000	1412.0000	37
14:56:48	3717.0000	1425.0000	44
14:56:48	3717.0000	1422.0000	39
14:56:48	3728.0000	1406.0000	1
14:56:48	3723.0000	1402.0000	26
14:56:48	3721.0000	1404.0000	41
14:56:48	3723.0000	1417.0000	43
14:56:48	3719.0000	1419.0000	36
14:56:48	3714.0000	1437.0000	31
14:56:48	3728.0000	1410.0000	0
14:56:48	3731.0000	1406.0000	18
14:56:48	3728.0000	1407.0000	38
14:56:48	3727.0000	1417.0000	34
14:56:48	3732.0000	1429.0000	34
14:56:48	3682.0000	1372.0000	0
14:56:48	3719.0000	1400.0000	20
14:56:48	3707.0000	1407.0000	38
14:56:49	3731.0000	1417.0000	32
14:56:49	3723.0000	1420.0000	46
14:56:49	3727.0000	1433.0000	43
14:56:49	3742.0000	1404.0000	0
14:56:49	3682.0000	1376.0000	16
14:56:49	3728.0000	1409.0000	29
14:56:49	3723.0000	1411.0000	41
14:56:49	3678.0000	1418.0000	10
14:56:49	3717.0000	1422.0000	43
14:56:49	3731.0000	1402.0000	0
14:56:49	3726.0000	1403.0000	16
14:56:49	3714.0000	1393.0000	33
14:56:49	3737.0000	1416.0000	30
14:56:49	3664.0000	1423.0000	0
14:56:49	3718.0000	1394.0000	0
14:56:49	3726.0000	1393.0000	18
14:56:49	3723.0000	1401.0000	35
14:56:49	3727.0000	1410.0000	28
14:56:49	3714.0000	1418.0000	37
14:56:49	3724.0000	1427.0000	35
14:56:49	3729.0000	1401.0000	0
14:56:49	3729.0000	1406.0000	27
14:56:49	3719.0000	1408.0000	24
14:56:49	3722.0000	1418.0000	32
14:56:49	3719.0000	1433.0000	22
14:56:49	3731.0000	1445.0000	22
14:56:49	3728.0000	1405.0000	0
14:56:49	3717.0000	1403.0000	18
14:56:49	3722.0000	1408.0000	39
14:56:49	3723.0000	1414.0000	37
14:56:49	3727.0000	1416.0000	39
14:56:49	3732.0000	1395.0000	7
14:56:49	3719.0000	1393.0000	26
14:56:49	3712.0000	1397.0000	28
14:56:49	3726.0000	1407.0000	37
14:56:49	3715.0000	1419.0000	41
14:56:49	3717.0000	1429.0000	36
14:56:49	3728.0000	1403.0000	0
14:56:49	3731.0000	1404.0000	16
14:56:49	3724.0000	1411.0000	32
14:56:49	3721.0000	1419.0000	36
14:56:49	3723.0000	1424.0000	33
14:56:49	3722.0000	1435.0000	32
14:56:49	3728.0000	1407.0000	0
14:56:49	3722.0000	1401.0000	15
14:56:49	3711.0000	1413.0000	28
14:56:49	3728.0000	1426.0000	31
14:56:49	3730.0000	1426.0000	39
14:56:49	3728.0000	1402.0000	0
14:56:49	3733.0000	1402.0000	19
14:56:49	3729.0000	1405.0000	32
14:56:49	3735.0000	1418.0000	31
14:56:49	3706.0000	1424.0000	24
14:56:49	3719.0000	1433.0000	46
14:56:49	3729.0000	1406.0000	0
14:56:49	3680.0000	1393.0000	0
14:56:49	3715.0000	1411.0000	25
14:56:49	3733.0000	1424.0000	26
14:56:49	3725.0000	1434.0000	33
14:56:49	3675.0000	1441.0000	0
14:56:49	3731.0000	1413.0000	0
14:56:49	3721.0000	1410.0000	15
14:56:49	3726.0000	1413.0000	25
14:56:49	3721.0000	1421.0000	28
14:56:49	3727.0000	1429.0000	27
14:56:49	3728.0000	1398.0000	0
14:56:49	3714.0000	1397.0000	27
14:56:49	3728.0000	1404.0000	29
14:56:49	3734.0000	1418.0000	35
14:56:49	3711.0000	1434.0000	18
14:56:49	3664.0000	1434.0000	0
14:56:49	3727.0000	1405.0000	0
14:56:49	3682.0000	1398.0000	0
14:56:49	3714.0000	1414.0000	26
14:56:49	3719.0000	1429.0000	25
14:56:49	3726.0000	1433.0000	35
14:56:49	3670.0000	1421.0000	18
14:56:49	3725.0000	1408.0000	0
14:56:49	3736.0000	1399.0000	19
14:56:49	3669.0000	1407.0000	0
14:56:49	3721.0000	1424.0000	23
14:56:49	3726.0000	1432.0000	29
14:56:49	3728.0000	1399.0000	0
14:56:49	3725.0000	1400.0000	23
14:56:49	3736.0000	1406.0000	25
14:56:49	3738.0000	1419.0000	22
14:56:49	3671.0000	1425.0000	0
14:56:49	3728.0000	1447.0000	23
14:56:49	3728.0000	1402.0000	0
14:56:49	3717.0000	1401.0000	16
14:56:49	3727.0000	1409.0000	33
14:56:49	3722.0000	1416.0000	26
14:56:49	3729.0000	1447.0000	1
14:56:49	3665.0000	1406.0000	16
14:56:49	3728.0000	1401.0000	0
14:56:49	3718.0000	1402.0000	16
14:56:49	3675.0000	1410.0000	0
14:56:49	3733.0000	1420.0000	29
14:56:49	3722.0000	1429.0000	32
14:56:49	3728.0000	1401.0000	0
14:56:49	3728.0000	1395.0000	22
14:56:49	3723.0000	1411.0000	15
14:56:49	3721.0000	1415.0000	27
14:56:49	3726.0000	1420.0000	35
14:56:49	3731.0000	1438.0000	34
14:56:49	3722.0000	1409.0000	3
14:56:49	3691.0000	1397.0000	0
14:56:49	3711.0000	1400.0000	36
14:56:49	3724.0000	1413.0000	32
14:56:49	3723.0000	1431.0000	37
14:56:49	3667.0000	1441.0000	0
14:56:49	3727.0000	1403.0000	0
14:56:49	3730.0000	1407.0000	17
14:56:49	3674.0000	1411.0000	0
14:56:49	3717.0000	1421.0000	35
14:56:49	3728.0000	1433.0000	23
14:56:49	3728.0000	1402.0000	0
14:56:49	3727.0000	1404.0000	16
14:56:49	3716.0000	1406.0000	21
14:56:49	3729.0000	1409.0000	33
14:56:49	3724.0000	1431.0000	19
14:56:49	3712.0000	1441.0000	29
14:56:49	3721.0000	1404.0000	0
14:56:49	3722.0000	1405.0000	16
14:56:49	3726.0000	1399.0000	33
14:56:49	3725.0000	1418.0000	32
14:56:49	3733.0000	1422.0000	17
14:56:49	3669.0000	1428.0000	27
14:56:49	3727.0000	1403.0000	0
14:56:49	3720.0000	1402.0000	16
14:56:49	3677.0000	1407.0000	0
14:56:49	3734.0000	1428.0000	21
14:56:49	3730.0000	1431.0000	30
14:56:49	3728.0000	1402.0000	0
14:56:49	3727.0000	1399.0000	20
14:56:49	3725.0000	1412.0000	23
14:56:49	3725.0000	1424.0000	26
14:56:49	3728.0000	1424.0000	30
14:56:49	3746.0000	1440.0000	25
14:56:49	3728.0000	1412.0000	5
14:56:49	3655.0000	1392.0000	0
14:56:49	3731.0000	1416.0000	19
14:56:49	3723.0000	1426.0000	26
14:56:49	3729.0000	1443.0000	3
14:56:49	3670.0000	1415.0000	17
14:56:49	3726.0000	1406.0000	0
14:56:49	3705.0000	1410.0000	16
14:56:49	3723.0000	1410.0000	21
14:56:49	3738.0000	1431.0000	25
14:56:49	3734.0000	1428.0000	31
14:56:49	3726.0000	1405.0000	0
14:56:49	3728.0000	1399.0000	21
14:56:49	3721.0000	1418.0000	18
14:56:49	3739.0000	1441.0000	0
14:56:49	3715.0000	1439.0000	25
14:56:49	3721.0000	1441.0000	32
14:56:49	3728.0000	1408.0000	0
14:56:49	3730.0000	1404.0000	16
14:56:49	3733.0000	1425.0000	19
14:56:49	3725.0000	1425.0000	22
14:56:49	3694.0000	1438.0000	15
14:56:49	3679.0000	1442.0000	17
14:56:49	3727.0000	1404.0000	1
14:56:49	3726.0000	1403.0000	22
14:56:49	3669.0000	1406.0000	30
14:56:49	3722.0000	1422.0000	33
14:56:49	3724.0000	1427.0000	29
14:56:49	3727.0000	1405.0000	0
14:56:49	3742.0000	1406.0000	15
14:56:49	3724.0000	1407.0000	27
14:56:49	3719.0000	1416.0000	28
14:56:49	3729.0000	1424.0000	33
14:56:49	3745.0000	1431.0000	31
14:56:49	3728.0000	1409.0000	0
14:56:49	3723.0000	1406.0000	17
14:56:49	3739.0000	1407.0000	29
14:56:49	3727.0000	1422.0000	31
14:56:49	3721.0000	1430.0000	29
14:56:49	3728.0000	1441.0000	39
14:56:49	3731.0000	1411.0000	0
14:56:49	3726.0000	1406.0000	14
14:56:49	3675.0000	1382.0000	25
14:56:49	3719.0000	1427.0000	26
14:56:49	3725.0000	1429.0000	34
14:56:49	3679.0000	1371.0000	0
14:56:49	3726.0000	1409.0000	11
14:56:49	3723.0000	1407.0000	19
14:56:49	3699.0000	1420.0000	0
14:56:49	3713.0000	1429.0000	19
14:56:49	3718.0000	1435.0000	27
14:56:49	3705.0000	1387.0000	0
14:56:49	3717.0000	1401.0000	16
14:56:49	3737.0000	1405.0000	26
14:56:49	3728.0000	1419.0000	34
14:56:49	3675.0000	1427.0000	0
14:56:49	3719.0000	1428.0000	44
14:56:49	3719.0000	1407.0000	1
14:56:49	3725.0000	1403.0000	16
14:56:49	3710.0000	1413.0000	32
14:56:49	3727.0000	1417.0000	31
14:56:49	3725.0000	1432.0000	35
14:56:49	3728.0000	1396.0000	3
14:56:49	3728.0000	1405.0000	16
14:56:49	3723.0000	1403.0000	21
14:56:49	3712.0000	1413.0000	31
14:56:49	3733.0000	1428.0000	35
14:56:49	3718.0000	1423.0000	41
14:56:49	3703.0000	1390.0000	0
14:56:49	3717.0000	1407.0000	10
14:56:49	3724.0000	1410.0000	20
14:56:49	3728.0000	1425.0000	25
14:56:49	3715.0000	1427.0000	30
14:56:49	3712.0000	1436.0000	32
14:56:49	3728.0000	1409.0000	0
14:56:49	3725.0000	1407.0000	13
14:56:49	3728.0000	1411.0000	39
14:56:49	3734.0000	1412.0000	43
14:56:49	3733.0000	1437.0000	20
14:56:49	3720.0000	1392.0000	0
14:56:49	3696.0000	1399.0000	16
14:56:49	3739.0000	1416.0000	0
14:56:49	3667.0000	1403.0000	26
14:56:49	3737.0000	1426.0000	26
14:56:49	3719.0000	1430.0000	30
14:56:49	3701.0000	1383.0000	0
14:56:49	3735.0000	1405.0000	18
14:56:49	3709.0000	1402.0000	31
14:56:49	3718.0000	1411.0000	11
14:56:49	3722.0000	1417.0000	32
14:56:49	3717.0000	1420.0000	33
14:56:50	3723.0000	1403.0000	0
14:56:50	3726.0000	1404.0000	16
14:56:50	3714.0000	1412.0000	20
14:56:50	3727.0000	1424.0000	34
14:56:50	3676.0000	1411.0000	23
14:56:50	3728.0000	1405.0000	0
14:56:50	3721.0000	1396.0000	16
14:56:50	3712.0000	1395.0000	28
14:56:50	3713.0000	1409.0000	34
14:56:50	3703.0000	1420.0000	41
14:56:50	3713.0000	1425.0000	35
14:56:50	3727.0000	1399.0000	0
14:56:50	3711.0000	1398.0000	22
14:56:50	3725.0000	1412.0000	30
14:56:50	3678.0000	1419.0000	0
14:56:50	3698.0000	1426.0000	27
14:56:50	3716.0000	1441.0000	27
14:56:50	3690.0000	1388.0000	0
14:56:50	3710.0000	1405.0000	19
14:56:50	3696.0000	1408.0000	22
14:56:50	3727.0000	1419.0000	31
14:56:50	3646.0000	1425.0000	0
14:56:50	3713.0000	1397.0000	0
14:56:50	3707.0000	1395.0000	16
14:56:50	3700.0000	1407.0000	22
14:56:50	3701.0000	1401.0000	33
14:56:50	3718.0000	1417.0000	27
14:56:50	3716.0000	1445.0000	22
14:56:50	2974.0000	1371.0000	0
14:56:50	2858.0000	1347.0000	8
14:56:50	2768.0000	1322.0000	22
14:56:50	2685.0000	1295.0000	0
14:56:50	2608.0000	1278.0000	17
14:56:50	2523.0000	1262.0000	7
14:56:50	2086.0000	1171.0000	0
14:56:50	2021.0000	1136.0000	0
14:56:50	1991.0000	1101.0000	0
14:56:50	2043.0000	1074.0000	2
14:56:50	2124.0000	1062.0000	0
14:56:50	2436.0000	1006.0000	0
14:56:50	2384.0000	1008.0000	0
14:56:50	2315.0000	1002.0000	0
14:56:50	2331.0000	998.0000	0
14:56:50	2492.0000	1005.0000	0
14:56:50	2631.0000	1017.0000	2
14:56:50	2881.0000	997.0000	0
14:56:50	2843.0000	1022.0000	0
14:56:50	2759.0000	1045.0000	7
14:56:50	2659.0000	1034.0000	0
14:56:50	2591.0000	1052.0000	2
14:56:50	2529.0000	1061.0000	0
14:56:50	2115.0000	987.0000	0
14:56:50	2060.0000	971.0000	0
14:56:50	1993.0000	949.0000	0
14:56:50	1931.0000	937.0000	0
14:56:50	1868.0000	892.0000	0
14:56:50	1808.0000	896.0000	0
14:56:50	1427.0000	823.0000	0
14:56:50	1389.0000	788.0000	0
14:56:50	1371.0000	751.0000	0
14:56:50	1317.0000	726.0000	0
14:56:50	1290.0000	701.0000	0
14:56:50	1264.0000	673.0000	0
14:56:50	1043.0000	643.0000	0
14:56:50	1009.0000	619.0000	0
14:56:50	982.0000	592.0000	0
14:56:50	979.0000	565.0000	0
14:56:50	962.0000	553.0000	0
14:56:50	977.0000	534.0000	0
14:56:50	1005.0000	565.0000	0
14:56:50	978.0000	548.0000	0
14:56:50	955.0000	530.0000	0
14:56:50	912.0000	487.0000	0
14:56:50	903.0000	493.0000	0
14:56:50	870.0000	491.0000	0
14:56:50	719.0000	527.0000	0
14:56:50	707.0000	495.0000	0
14:56:50	693.0000	474.0000	0
14:56:50	685.0000	458.0000	0
14:56:50	685.0000	443.0000	0
14:56:50	682.0000	432.0000	0
14:56:50	586.0000	489.0000	0
14:56:50	567.0000	463.0000	0
14:56:50	551.0000	420.0000	0
14:56:50	544.0000	423.0000	0
14:56:50	528.0000	410.0000	0
14:56:50	503.0000	378.0000	0
14:56:50	511.0000	384.0000	0
14:56:50	423.0000	456.0000	0
14:56:50	414.0000	432.0000	0
14:56:50	404.0000	385.0000	0
14:56:50	400.0000	390.0000	0
14:56:50	400.0000	380.0000	0
14:56:50	383.0000	343.0000	0
14:56:50	346.0000	451.0000	0
14:56:50	336.0000	417.0000	0
14:56:50	336.0000	400.0000	0
14:56:50	326.0000	372.0000	0
14:56:50	322.0000	358.0000	0
14:56:50	331.0000	349.0000	0
14:56:50	292.0000	434.0000	0
14:56:50	289.0000	414.0000	0
14:56:50	279.0000	384.0000	0
14:56:50	278.0000	352.0000	0
14:56:50	278.0000	350.0000	0
14:56:50	274.0000	336.0000	0
14:56:50	253.0000	430.0000	0
14:56:50	248.0000	400.0000	0
14:56:50	249.0000	382.0000	0
14:56:50	247.0000	358.0000	0
14:56:50	250.0000	351.0000	0
14:56:50	243.0000	304.0000	0
14:56:50	240.0000	313.0000	0
14:56:50	233.0000	421.0000	0
14:56:50	226.0000	396.0000	0
14:56:50	240.0000	383.0000	0
14:56:50	229.0000	350.0000	0
14:56:50	228.0000	337.0000	0
14:56:50	229.0000	327.0000	0
14:56:50	209.0000	426.0000	0
14:56:50	208.0000	400.0000	0
14:56:50	209.0000	347.0000	0
14:56:50	219.0000	357.0000	0
14:56:50	220.0000	336.0000	0
14:56:50	221.0000	310.0000	0
14:56:50	209.0000	420.0000	0
14:56:50	208.0000	391.0000	0
14:56:50	209.0000	368.0000	0
14:56:50	208.0000	351.0000	0
14:56:50	215.0000	337.0000	0
14:56:50	222.0000	320.0000	0
14:56:50	208.0000	419.0000	0
14:56:50	208.0000	390.0000	0
14:56:50	206.0000	365.0000	0
14:56:50	209.0000	339.0000	0
14:56:50	218.0000	335.0000	0
14:56:50	217.0000	323.0000	0
14:56:50	214.0000	419.0000	0
14:56:50	217.0000	395.0000	0
14:56:50	217.0000	367.0000	0
14:56:50	218.0000	347.0000	0
14:56:50	225.0000	334.0000	0
14:56:50	229.0000	320.0000	0
14:56:50	240.0000	421.0000	0
14:56:50	246.0000	391.0000	0
14:56:50	244.0000	368.0000	0
14:56:50	245.0000	352.0000	0
14:56:50	246.0000	336.0000	0
14:56:50	251.0000	331.0000	0
14:56:50	240.0000	422.0000	0
14:56:50	238.0000	394.0000	0
14:56:50	239.0000	371.0000	0
14:56:50	239.0000	352.0000	0
14:56:50	240.0000	337.0000	0
14:56:50	242.0000	336.0000	0
14:56:50	214.0000	423.0000	0
14:56:50	208.0000	370.0000	0
14:56:50	215.0000	368.0000	0
14:56:50	211.0000	352.0000	0
14:56:50	209.0000	336.0000	0
14:56:50	208.0000	325.0000	0
14:56:50	209.0000	427.0000	0
14:56:50	204.0000	387.0000	0
14:56:50	206.0000	372.0000	0
14:56:50	201.0000	337.0000	0
14:56:50	188.0000	332.0000	0
14:56:50	198.0000	319.0000	0
14:56:50	192.0000	395.0000	0
14:56:50	199.0000	389.0000	0
14:56:50	192.0000	362.0000	0
14:56:50	192.0000	343.0000	0
14:56:50	189.0000	304.0000	0
14:56:50	191.0000	315.0000	0
14:56:50	186.0000	411.0000	0
14:56:50	181.0000	357.0000	0
14:56:50	182.0000	368.0000	0
14:56:50	185.0000	337.0000	0
14:56:50	189.0000	334.0000	0
14:56:50	182.0000	287.0000	0
14:56:50	192.0000	302.0000	0
14:56:50	187.0000	409.0000	0
14:56:50	186.0000	379.0000	0
14:56:50	204.0000	365.0000	0
14:56:50	189.0000	337.0000	0
14:56:50	192.0000	314.0000	0
14:56:50	190.0000	309.0000	0
14:56:50	176.0000	412.0000	0
14:56:50	169.0000	384.0000	0
14:56:50	177.0000	359.0000	0
14:56:50	188.0000	347.0000	0
14:56:50	178.0000	323.0000	0
14:56:50	182.0000	311.0000	0
14:56:50	176.0000	414.0000	0
14:56:50	173.0000	386.0000	0
14:56:50	176.0000	361.0000	0
14:56:50	170.0000	333.0000	0
14:56:50	183.0000	334.0000	0
14:56:50	186.0000	320.0000	0
14:56:50	177.0000	290.0000	0
14:56:50	179.0000	407.0000	0
14:56:50	183.0000	373.0000	0
14:56:50	180.0000	353.0000	0
14:56:50	174.0000	336.0000	0
14:56:50	177.0000	320.0000	0
14:56:50	177.0000	310.0000	0
14:56:50	176.0000	412.0000	0
14:56:50	175.0000	380.0000	0
14:56:50	175.0000	359.0000	0
14:56:50	182.0000	342.0000	0
14:56:50	176.0000	321.0000	0
14:56:50	183.0000	314.0000	0
14:56:50	173.0000	411.0000	0
14:56:50	175.0000	377.0000	0
14:56:50	176.0000	356.0000	0
14:56:50	171.0000	346.0000	0
14:56:50	173.0000	320.0000	0
14:56:50	176.0000	313.0000	0
14:56:50	161.0000	405.0000	0
14:56:50	169.0000	382.0000	0
14:56:50	160.0000	333.0000	0
14:56:50	169.0000	334.0000	0
14:56:50	173.0000	320.0000	0
14:56:50	170.0000	316.0000	0
14:56:50	171.0000	273.0000	0
14:56:50	176.0000	414.0000	0
14:56:50	177.0000	377.0000	0
14:56:50	176.0000	353.0000	0
14:56:50	176.0000	336.0000	0
14:56:50	177.0000	322.0000	0
14:56:50	174.0000	309.0000	0
14:56:50	191.0000	410.0000	0
14:56:50	169.0000	382.0000	0
14:56:50	174.0000	358.0000	0
14:56:50	163.0000	320.0000	0
14:56:50	169.0000	331.0000	0
14:56:50	166.0000	310.0000	0
14:56:50	169.0000	399.0000	0
14:56:50	161.0000	352.0000	0
14:56:50	163.0000	356.0000	0
14:56:50	170.0000	341.0000	0
14:56:50	161.0000	299.0000	0
14:56:50	169.0000	316.0000	0
14:56:50	167.0000	412.0000	0
14:56:50	162.0000	355.0000	0
14:56:50	175.0000	351.0000	0
14:56:50	171.0000	337.0000	0
14:56:50	167.0000	327.0000	0
14:56:50	164.0000	287.0000	0
14:56:51	158.0000	406.0000	0
14:56:51	167.0000	381.0000	0
14:56:51	158.0000	334.0000	0
14:56:51	167.0000	333.0000	0
14:56:51	169.0000	321.0000	0
14:56:51	169.0000	319.0000	0
14:56:51	171.0000	411.0000	0
14:56:51	174.0000	379.0000	0
14:56:51	165.0000	356.0000	0
14:56:51	150.0000	318.0000	0
14:56:51	166.0000	320.0000	0
14:56:51	174.0000	311.0000	0
14:56:51	176.0000	307.0000	0
14:56:51	174.0000	402.0000	0
14:56:51	166.0000	372.0000	0
14:56:51	177.0000	353.0000	0
14:56:51	176.0000	336.0000	0
14:56:51	176.0000	320.0000	0
14:56:51	175.0000	311.0000	0
14:56:51	176.0000	400.0000	0
14:56:51	173.0000	360.0000	0
14:56:51	167.0000	354.0000	0
14:56:51	174.0000	337.0000	0
14:56:51	162.0000	303.0000	0
14:56:51	195.0000	305.0000	0
14:56:51	174.0000	412.0000	0
14:56:51	173.0000	378.0000	0
14:56:51	174.0000	359.0000	0
14:56:51	171.0000	336.0000	0
14:56:51	171.0000	323.0000	0
14:56:51	163.0000	290.0000	0
14:56:51	178.0000	420.0000	0
14:56:51	182.0000	381.0000	0
14:56:51	180.0000	351.0000	0
14:56:51	207.0000	336.0000	0
14:56:51	178.0000	322.0000	0
14:56:51	186.0000	318.0000	0
14:56:51	178.0000	285.0000	0
14:56:51	187.0000	406.0000	0
14:56:51	184.0000	379.0000	0
14:56:51	182.0000	358.0000	0
14:56:51	188.0000	338.0000	0
14:56:51	187.0000	331.0000	0
14:56:51	189.0000	318.0000	0
14:56:51	185.0000	409.0000	0
14:56:51	187.0000	379.0000	0
14:56:51	185.0000	362.0000	0
14:56:51	177.0000	321.0000	0
14:56:51	192.0000	320.0000	0
14:56:51	189.0000	313.0000	0
14:56:51	198.0000	411.0000	0
14:56:51	197.0000	384.0000	0
14:56:51	196.0000	368.0000	0
14:56:51	194.0000	340.0000	0
14:56:51	195.0000	329.0000	0
14:56:51	198.0000	318.0000	0
14:56:51	192.0000	414.0000	0
14:56:51	190.0000	381.0000	0
14:56:51	191.0000	361.0000	0
14:56:51	192.0000	347.0000	0
14:56:51	192.0000	327.0000	0
14:56:51	187.0000	299.0000	0
14:56:51	225.0000	308.0000	0
14:56:51	199.0000	411.0000	0
14:56:51	203.0000	386.0000	0
14:56:51	196.0000	328.0000	0
14:56:51	203.0000	336.0000	0
14:56:51	201.0000	326.0000	0
14:56:51	192.0000	294.0000	0
14:56:51	208.0000	419.0000	0
14:56:51	205.0000	380.0000	0
14:56:51	208.0000	366.0000	0
14:56:51	206.0000	346.0000	0
14:56:51	217.0000	325.0000	0
14:56:51	222.0000	318.0000	0
14:56:51	224.0000	416.0000	0
14:56:51	224.0000	394.0000	0
14:56:51	223.0000	366.0000	0
14:56:51	227.0000	352.0000	0
14:56:51	225.0000	334.0000	0
14:56:51	220.0000	318.0000	0
14:56:51	237.0000	418.0000	0
14:56:51	234.0000	389.0000	0
14:56:51	235.0000	371.0000	0
14:56:51	237.0000	348.0000	0
14:56:51	239.0000	334.0000	0
14:56:51	240.0000	325.0000	0
14:56:51	241.0000	317.0000	0
14:56:51	239.0000	417.0000	0
14:56:51	242.0000	386.0000	0
14:56:51	240.0000	374.0000	0
14:56:51	238.0000	352.0000	0
14:56:51	239.0000	337.0000	0
14:56:51	235.0000	326.0000	0
14:56:51	237.0000	420.0000	0
14:56:51	240.0000	395.0000	0
14:56:51	242.0000	370.0000	0
14:56:51	240.0000	350.0000	0
14:56:51	246.0000	336.0000	0
14:56:51	245.0000	328.0000	0
14:56:51	246.0000	417.0000	0
14:56:51	251.0000	400.0000	0
14:56:51	253.0000	370.0000	0
14:56:51	245.0000	355.0000	0
14:56:51	255.0000	310.0000	0
14:56:51	248.0000	323.0000	0
14:56:51	279.0000	429.0000	0
14:56:51	281.0000	389.0000	0
14:56:51	283.0000	374.0000	0
14:56:51	284.0000	352.0000	0
14:56:51	288.0000	347.0000	0
14:56:51	291.0000	328.0000	0
14:56:51	294.0000	320.0000	0
14:56:51	301.0000	420.0000	0
14:56:51	285.0000	393.0000	0
14:56:51	301.0000	378.0000	0
14:56:51	304.0000	353.0000	0
14:56:51	281.0000	330.0000	0
14:56:51	323.0000	333.0000	0
14:56:51	304.0000	430.0000	0
14:56:51	304.0000	400.0000	0
14:56:51	304.0000	378.0000	0
14:56:51	304.0000	358.0000	0
14:56:51	312.0000	347.0000	0
14:56:51	317.0000	336.0000	0
14:56:51	297.0000	432.0000	0
14:56:51	289.0000	394.0000	0
14:56:51	291.0000	378.0000	0
14:56:51	288.0000	358.0000	0
14:56:51	290.0000	346.0000	0
14:56:51	289.0000	336.0000	0
14:56:51	269.0000	426.0000	0
14:56:51	270.0000	405.0000	0
14:56:51	271.0000	377.0000	0
14:56:51	269.0000	361.0000	0
14:56:51	267.0000	343.0000	0
14:56:51	263.0000	340.0000	0
14:56:51	258.0000	423.0000	0
14:56:51	259.0000	395.0000	0
14:56:51	259.0000	352.0000	0
14:56:51	256.0000	355.0000	0
14:56:51	261.0000	339.0000	0
14:56:51	258.0000	308.0000	0
14:56:51	269.0000	425.0000	0
14:56:51	257.0000	390.0000	0
14:56:51	259.0000	363.0000	0
14:56:51	259.0000	335.0000	0
14:56:51	259.0000	334.0000	0
14:56:51	271.0000	331.0000	0
14:56:51	261.0000	300.0000	0
14:56:51	253.0000	422.0000	0
14:56:51	251.0000	388.0000	0
14:56:51	249.0000	368.0000	0
14:56:51	246.0000	350.0000	0
14:56:51	243.0000	336.0000	0
14:56:51	246.0000	329.0000	0
14:56:51	233.0000	419.0000	0
14:56:51	240.0000	397.0000	0
14:56:51	229.0000	367.0000	0
14:56:51	210.0000	336.0000	0
14:56:51	229.0000	336.0000	0
14:56:51	225.0000	320.0000	0
14:56:51	231.0000	416.0000	0
14:56:51	234.0000	389.0000	0
14:56:51	235.0000	371.0000	0
14:56:51	240.0000	348.0000	0
14:56:51	219.0000	326.0000	0
14:56:51	242.0000	333.0000	0
14:56:51	255.0000	423.0000	0
14:56:51	256.0000	396.0000	0
14:56:51	258.0000	374.0000	0
14:56:51	259.0000	365.0000	0
14:56:51	260.0000	339.0000	0
14:56:51	266.0000	333.0000	0
14:56:51	251.0000	421.0000	0
14:56:51	256.0000	390.0000	0
14:56:51	262.0000	373.0000	0
14:56:51	267.0000	357.0000	0
14:56:51	272.0000	341.0000	0
14:56:51	272.0000	337.0000	0
14:56:51	256.0000	426.0000	0
14:56:51	265.0000	397.0000	0
14:56:51	270.0000	370.0000	0
14:56:51	189.0000	597.0000	0
14:56:51	194.0000	531.0000	0
14:56:51	186.0000	464.0000	0
14:56:51	193.0000	437.0000	0
14:56:51	192.0000	404.0000	0
14:56:51	189.0000	361.0000	0
14:56:51	182.0000	442.0000	0
14:56:51	192.0000	410.0000	0
14:56:51	181.0000	363.0000	0
14:56:51	183.0000	357.0000	0
14:56:51	181.0000	338.0000	0
14:56:51	176.0000	305.0000	0
14:56:51	179.0000	430.0000	0
14:56:51	182.0000	386.0000	0
14:56:51	179.0000	362.0000	0
14:56:51	182.0000	345.0000	0
14:56:51	190.0000	330.0000	0
14:56:51	187.0000	318.0000	0
14:56:51	193.0000	413.0000	0
14:56:51	200.0000	394.0000	0
14:56:51	197.0000	361.0000	0
14:56:51	197.0000	346.0000	0
14:56:51	198.0000	331.0000	0
14:56:51	206.0000	317.0000	0
14:56:51	199.0000	416.0000	0
14:56:51	203.0000	385.0000	0
14:56:51	208.0000	368.0000	0
14:56:51	208.0000	341.0000	0
14:56:51	215.0000	336.0000	0
14:56:51	210.0000	298.0000	0
14:56:51	207.0000	416.0000	0
14:56:51	208.0000	384.0000	0
14:56:51	209.0000	363.0000	0
14:56:51	218.0000	346.0000	0
14:56:51	211.0000	333.0000	0
14:56:51	217.0000	320.0000	0
14:56:51	226.0000	417.0000	0
14:56:51	223.0000	386.0000	0
14:56:51	233.0000	368.0000	0
14:56:51	230.0000	330.0000	0
14:56:51	246.0000	336.0000	0
14:56:51	250.0000	330.0000	0
14:56:51	272.0000	430.0000	0
14:56:51	263.0000	368.0000	0
14:56:51	264.0000	369.0000	0
14:56:51	269.0000	354.0000	0
14:56:51	261.0000	319.0000	0
14:56:51	266.0000	309.0000	0
14:56:51	274.0000	324.0000	0
14:56:51	356.0000	425.0000	0
14:56:51	349.0000	400.0000	0
14:56:51	347.0000	379.0000	0
14:56:51	350.0000	365.0000	0
14:56:52	336.0000	333.0000	0
14:56:52	339.0000	336.0000	0
14:56:52	336.0000	432.0000	0
14:56:52	336.0000	401.0000	0
14:56:52	336.0000	385.0000	0
14:56:52	336.0000	367.0000	0
14:56:52	341.0000	354.0000	0
14:56:52	339.0000	345.0000	0
14:56:52	333.0000	439.0000	0
14:56:52	320.0000	404.0000	0
14:56:52	328.0000	384.0000	0
14:56:52	336.0000	367.0000	0
14:56:52	337.0000	352.0000	0
14:56:52	368.0000	343.0000	0
14:56:52	590.0000	447.0000	0
14:56:52	626.0000	433.0000	0
14:56:52	637.0000	419.0000	0
14:56:52	641.0000	406.0000	0
14:56:52	631.0000	401.0000	0
14:56:52	608.0000	393.0000	0
14:56:52	690.0000	475.0000	0
14:56:52	691.0000	429.0000	0
14:56:52	747.0000	448.0000	0
14:56:52	755.0000	432.0000	0
14:56:52	769.0000	431.0000	0
14:56:52	817.0000	397.0000	0
14:56:52	999.0000	491.0000	0
14:56:52	973.0000	492.0000	0
14:56:52	944.0000	451.0000	0
14:56:52	942.0000	471.0000	0
14:56:52	919.0000	462.0000	0
14:56:52	907.0000	459.0000	0
14:56:52	883.0000	426.0000	0
14:56:52	841.0000	500.0000	0
14:56:52	822.0000	484.0000	0
14:56:52	810.0000	448.0000	0
14:56:52	813.0000	462.0000	0
14:56:52	810.0000	447.0000	0
14:56:52	807.0000	423.0000	0
14:56:52	806.0000	496.0000	0
14:56:52	801.0000	477.0000	0
14:56:52	784.0000	463.0000	0
14:56:52	759.0000	449.0000	0
14:56:52	765.0000	441.0000	0
14:56:52	803.0000	434.0000	0
14:56:52	887.0000	496.0000	0
14:56:52	882.0000	479.0000	0
14:56:52	893.0000	469.0000	0
14:56:52	945.0000	471.0000	0
14:56:52	958.0000	455.0000	0
14:56:52	945.0000	461.0000	0
14:56:52	1156.0000	524.0000	0
14:56:52	1126.0000	511.0000	0
14:56:52	1094.0000	500.0000	0
14:56:52	1075.0000	496.0000	0
14:56:52	1063.0000	491.0000	0
14:56:52	1069.0000	487.0000	0
14:56:52	983.0000	530.0000	0
14:56:52	978.0000	511.0000	0
14:56:52	959.0000	477.0000	0
14:56:52	959.0000	495.0000	0
14:56:52	943.0000	478.0000	0
14:56:52	935.0000	476.0000	0
14:56:52	970.0000	523.0000	0
14:56:52	1008.0000	506.0000	0
14:56:52	1010.0000	496.0000	0
14:56:52	1010.0000	465.0000	0
14:56:52	1056.0000	491.0000	0
14:56:52	1072.0000	482.0000	0
14:56:52	1168.0000	533.0000	0
14:56:52	1196.0000	530.0000	0
14:56:52	1201.0000	525.0000	0
14:56:52	1184.0000	526.0000	0
14:56:52	1168.0000	507.0000	0
14:56:52	1206.0000	511.0000	0
14:56:52	1365.0000	560.0000	0
14:56:52	1328.0000	555.0000	0
14:56:52	1337.0000	556.0000	0
14:56:52	1365.0000	555.0000	0
14:56:52	1381.0000	560.0000	0
14:56:52	1347.0000	529.0000	0
14:56:52	1188.0000	571.0000	0
14:56:52	1149.0000	559.0000	0
14:56:52	1151.0000	545.0000	0
14:56:52	1172.0000	537.0000	0
14:56:52	1194.0000	534.0000	0
14:56:52	1200.0000	527.0000	0
14:56:52	1359.0000	571.0000	0
14:56:52	1327.0000	560.0000	0
14:56:52	1303.0000	559.0000	0
14:56:52	1328.0000	558.0000	0
14:56:52	1311.0000	558.0000	0
14:56:52	1319.0000	552.0000	0
14:56:52	1743.0000	578.0000	0
14:56:52	1750.0000	604.0000	0
14:56:52	1722.0000	615.0000	0
14:56:52	1701.0000	624.0000	0
14:56:52	1639.0000	607.0000	0
14:56:52	1598.0000	631.0000	0
14:56:52	1503.0000	624.0000	0
14:56:52	1488.0000	624.0000	0
14:56:52	1535.0000	618.0000	0
14:56:52	1535.0000	615.0000	0
14:56:52	1535.0000	619.0000	0
14:56:52	1565.0000	612.0000	0
14:56:52	1401.0000	618.0000	0
14:56:52	1371.0000	605.0000	0
14:56:52	1343.0000	597.0000	0
14:56:52	1423.0000	591.0000	0
14:56:52	1455.0000	591.0000	0
14:56:52	1442.0000	593.0000	0
14:56:52	1482.0000	602.0000	0
14:56:52	1458.0000	598.0000	0
14:56:52	1433.0000	596.0000	0
14:56:52	1430.0000	593.0000	0
14:56:52	1535.0000	592.0000	0
14:56:52	1673.0000	602.0000	0
14:56:52	1910.0000	638.0000	0
14:56:52	1936.0000	654.0000	0
14:56:52	1886.0000	657.0000	0
14:56:52	1886.0000	667.0000	0
14:56:52	1878.0000	679.0000	0
14:56:52	1837.0000	677.0000	0
14:56:52	2304.0000	704.0000	0
14:56:52	2411.0000	735.0000	0
14:56:52	2526.0000	768.0000	0
14:56:52	2543.0000	792.0000	0
14:56:52	2769.0000	832.0000	0
14:56:52	2816.0000	869.0000	0
14:56:52	3539.0000	891.0000	0
14:56:52	3694.0000	962.0000	0
14:56:52	3682.0000	1002.0000	0
14:56:52	3693.0000	1077.0000	0
14:56:52	3693.0000	1128.0000	16
14:56:52	3675.0000	1167.0000	10
14:56:52	3408.0000	1136.0000	0
14:56:52	3376.0000	1165.0000	0
14:56:52	3414.0000	1189.0000	9
14:56:52	3390.0000	1202.0000	10
14:56:52	3465.0000	1241.0000	16
14:56:52	3693.0000	1269.0000	14
14:56:52	3716.0000	1242.0000	0
14:56:52	3719.0000	1271.0000	12
14:56:52	3707.0000	1277.0000	15
14:56:52	3712.0000	1301.0000	23
14:56:52	3709.0000	1332.0000	15
14:56:52	3693.0000	1348.0000	20
14:56:52	3717.0000	1320.0000	1
14:56:52	3714.0000	1321.0000	21
14:56:52	3714.0000	1337.0000	33
14:56:52	3707.0000	1360.0000	26
14:56:52	3729.0000	1378.0000	22
14:56:52	3715.0000	1343.0000	0
14:56:52	3714.0000	1346.0000	16
14:56:52	3723.0000	1358.0000	27
14:56:52	3719.0000	1378.0000	16
14:56:52	3703.0000	1396.0000	33
14:56:52	3713.0000	1403.0000	23
14:56:52	3718.0000	1367.0000	0
14:56:52	3722.0000	1369.0000	19
14:56:52	3719.0000	1387.0000	17
14:56:52	3710.0000	1394.0000	27
14:56:52	3718.0000	1400.0000	25
14:56:52	3733.0000	1424.0000	32
14:56:52	3728.0000	1382.0000	0
14:56:52	3715.0000	1382.0000	16
14:56:52	3721.0000	1375.0000	34
14:56:52	3721.0000	1401.0000	25
14:56:52	3715.0000	1412.0000	31
14:56:52	3716.0000	1381.0000	0
14:56:52	3711.0000	1379.0000	16
14:56:52	3733.0000	1389.0000	19
14:56:52	3726.0000	1400.0000	31
14:56:52	3714.0000	1417.0000	35
14:56:52	3715.0000	1421.0000	33
14:56:52	3681.0000	1373.0000	0
14:56:52	3702.0000	1396.0000	6
14:56:52	3709.0000	1393.0000	16
14:56:52	3722.0000	1408.0000	30
14:56:52	3675.0000	1419.0000	0
14:56:52	3701.0000	1440.0000	27
14:56:52	3726.0000	1394.0000	0
14:56:52	3687.0000	1387.0000	0
14:56:52	3712.0000	1401.0000	14
14:56:52	3703.0000	1420.0000	17
14:56:52	3718.0000	1419.0000	33
14:56:52	3731.0000	1387.0000	0
14:56:52	3719.0000	1386.0000	21
14:56:52	3723.0000	1403.0000	27
14:56:52	3675.0000	1414.0000	16
14:56:52	3705.0000	1407.0000	31
14:56:52	3710.0000	1435.0000	19
14:56:52	3722.0000	1392.0000	0
14:56:52	3723.0000	1395.0000	14
14:56:52	3718.0000	1406.0000	27
14:56:52	3717.0000	1417.0000	16
14:56:52	3712.0000	1426.0000	16
14:56:52	3708.0000	1437.0000	17
14:56:52	3712.0000	1392.0000	0
14:56:52	3715.0000	1392.0000	13
14:56:52	3726.0000	1404.0000	26
14:56:52	3717.0000	1418.0000	32
14:56:52	3712.0000	1426.0000	34
14:56:52	3726.0000	1392.0000	0
14:56:52	3719.0000	1398.0000	8
14:56:52	3710.0000	1408.0000	17
14:56:52	3715.0000	1418.0000	25
14:56:52	3712.0000	1426.0000	31
14:56:52	3709.0000	1430.0000	21
14:56:52	3728.0000	1399.0000	0
14:56:52	3728.0000	1398.0000	15
14:56:52	3719.0000	1408.0000	28
14:56:52	3728.0000	1417.0000	32
14:56:52	3729.0000	1422.0000	42
14:56:52	3668.0000	1431.0000	23
14:56:52	3724.0000	1394.0000	3
14:56:52	3725.0000	1401.0000	22
14:56:52	3675.0000	1403.0000	0
14:56:52	3695.0000	1408.0000	25
14:56:52	3726.0000	1429.0000	19
14:56:52	3699.0000	1377.0000	0
14:56:52	3671.0000	1397.0000	9
14:56:52	3712.0000	1400.0000	17
14:56:52	3722.0000	1406.0000	29
14:56:52	3673.0000	1424.0000	0
14:56:52	3712.0000	1439.0000	25
14:56:52	3728.0000	1402.0000	0
14:56:52	3723.0000	1400.0000	15
14:56:52	3723.0000	1400.0000	29
14:56:52	3722.0000	1421.0000	25
14:56:52	3718.0000	1431.0000	26
14:56:53	3718.0000	1432.0000	29
14:56:53	3722.0000	1403.0000	0
14:56:53	3728.0000	1400.0000	16
14:56:53	3713.0000	1415.0000	16
14:56:53	3728.0000	1420.0000	35
14:56:53	3733.0000	1429.0000	31
14:56:53	3696.0000	1381.0000	0
14:56:53	3674.0000	1400.0000	10
14:56:53	3734.0000	1394.0000	16
14:56:53	3725.0000	1411.0000	29
14:56:53	3669.0000	1424.0000	0
14:56:53	3728.0000	1433.0000	23
14:56:53	3730.0000	1403.0000	5
14:56:53	3733.0000	1402.0000	9
14:56:53	3665.0000	1398.0000	9
14:56:53	3711.0000	1418.0000	21
14:56:53	3732.0000	1428.0000	32
14:56:53	3662.0000	1430.0000	31
14:56:53	3729.0000	1405.0000	0
14:56:53	3728.0000	1402.0000	16
14:56:53	3712.0000	1408.0000	20
14:56:53	3698.0000	1413.0000	23
14:56:53	3725.0000	1426.0000	34
14:56:53	3727.0000	1397.0000	0
14:56:53	3724.0000	1396.0000	13
14:56:53	3723.0000	1408.0000	21
14:56:53	3730.0000	1422.0000	30
14:56:53	3680.0000	1424.0000	0
14:56:53	3728.0000	1441.0000	21
14:56:53	3728.0000	1402.0000	0
14:56:53	3701.0000	1403.0000	12
14:56:53	3723.0000	1408.0000	19
14:56:53	3716.0000	1420.0000	26
14:56:53	3714.0000	1430.0000	25
14:56:53	3719.0000	1434.0000	28
14:56:53	3728.0000	1402.0000	0
14:56:53	3725.0000	1406.0000	18
14:56:53	3675.0000	1407.0000	0
14:56:53	3723.0000	1423.0000	21
14:56:53	3728.0000	1431.0000	27
14:56:53	3700.0000	1385.0000	0
14:56:53	3719.0000	1395.0000	16
14:56:53	3729.0000	1408.0000	19
14:56:53	3738.0000	1422.0000	12
14:56:53	3671.0000	1424.0000	18
14:56:53	3737.0000	1441.0000	18
14:56:53	3739.0000	1409.0000	0
14:56:53	3669.0000	1389.0000	7
14:56:53	3717.0000	1424.0000	16
14:56:53	3727.0000	1424.0000	22
14:56:53	3696.0000	1433.0000	0
14:56:53	3676.0000	1438.0000	17
14:56:53	3723.0000	1402.0000	0
14:56:53	3728.0000	1409.0000	10
14:56:53	3677.0000	1402.0000	0
14:56:53	3725.0000	1428.0000	23
14:56:53	3721.0000	1431.0000	32
14:56:53	3732.0000	1392.0000	0
14:56:53	3731.0000	1393.0000	22
14:56:53	3721.0000	1399.0000	24
14:56:53	3667.0000	1410.0000	0
14:56:53	3718.0000	1415.0000	22
14:56:53	3722.0000	1434.0000	23
14:56:53	3728.0000	1404.0000	0
14:56:53	3718.0000	1402.0000	16
14:56:53	3719.0000	1419.0000	27
14:56:53	3712.0000	1418.0000	22
14:56:53	3721.0000	1427.0000	26
14:56:53	3733.0000	1437.0000	48
14:56:53	3728.0000	1403.0000	0
14:56:53	3721.0000	1406.0000	14
14:56:53	3722.0000	1412.0000	18
14:56:53	3726.0000	1424.0000	26
14:56:53	3729.0000	1429.0000	30
14:56:53	3699.0000	1379.0000	0
14:56:53	3715.0000	1396.0000	10
14:56:53	3728.0000	1405.0000	29
14:56:53	3671.0000	1415.0000	0
14:56:53	3720.0000	1411.0000	34
14:56:53	3739.0000	1439.0000	25
14:56:53	3730.0000	1403.0000	0
14:56:53	3727.0000	1405.0000	16
14:56:53	3724.0000	1409.0000	18
14:56:53	3723.0000	1414.0000	32
14:56:53	3682.0000	1439.0000	19
14:56:53	3717.0000	1439.0000	28
14:56:53	3729.0000	1407.0000	0
14:56:53	3719.0000	1406.0000	16
14:56:53	3713.0000	1413.0000	30
14:56:53	3713.0000	1420.0000	30
14:56:53	3710.0000	1427.0000	43
14:56:53	3718.0000	1401.0000	0
14:56:53	3722.0000	1396.0000	22
14:56:53	3728.0000	1397.0000	36
14:56:53	3674.0000	1413.0000	0
14:56:53	3714.0000	1428.0000	35
14:56:53	3728.0000	1441.0000	21
14:56:53	3728.0000	1406.0000	0
14:56:53	3726.0000	1408.0000	23
14:56:53	3735.0000	1412.0000	22
14:56:53	3733.0000	1421.0000	30
14:56:53	3713.0000	1422.0000	32
14:56:53	3738.0000	1439.0000	34
14:56:53	3733.0000	1408.0000	0
14:56:53	3729.0000	1399.0000	24
14:56:53	3725.0000	1405.0000	32
14:56:53	3724.0000	1415.0000	42
14:56:53	3725.0000	1417.0000	39
14:56:53	3719.0000	1390.0000	0
14:56:53	3741.0000	1395.0000	13
14:56:53	3729.0000	1412.0000	26
14:56:53	3670.0000	1410.0000	16
14:56:53	3728.0000	1438.0000	19
14:56:53	3710.0000	1438.0000	25
14:56:53	3729.0000	1407.0000	0
14:56:53	3719.0000	1404.0000	23
14:56:53	3728.0000	1414.0000	17
14:56:53	3745.0000	1417.0000	16
14:56:53	3715.0000	1424.0000	30
14:56:53	3734.0000	1441.0000	32
14:56:53	3728.0000	1409.0000	0
14:56:53	3725.0000	1399.0000	23
14:56:53	3719.0000	1394.0000	38
14:56:53	3725.0000	1419.0000	30
14:56:53	3707.0000	1422.0000	33
14:56:53	3730.0000	1403.0000	0
14:56:53	3719.0000	1407.0000	20
14:56:53	3722.0000	1399.0000	29
14:56:53	3674.0000	1412.0000	5
14:56:53	3721.0000	1421.0000	45
14:56:53	3731.0000	1426.0000	38
14:56:53	3694.0000	1371.0000	0
14:56:53	3725.0000	1401.0000	17
14:56:53	3717.0000	1395.0000	42
14:56:53	3729.0000	1399.0000	43
14:56:53	3717.0000	1427.0000	29
14:56:53	3706.0000	1431.0000	38
14:56:53	3729.0000	1405.0000	0
14:56:53	3728.0000	1405.0000	16
14:56:53	3701.0000	1397.0000	29
14:56:53	3729.0000	1418.0000	21
14:56:53	3721.0000	1433.0000	22
14:56:53	3722.0000	1392.0000	0
14:56:53	3714.0000	1410.0000	2
14:56:53	3728.0000	1419.0000	22
14:56:53	3678.0000	1418.0000	0
14:56:53	3733.0000	1429.0000	26
14:56:53	3727.0000	1428.0000	34
14:56:53	3730.0000	1405.0000	0
14:56:53	3733.0000	1405.0000	25
14:56:53	3717.0000	1419.0000	23
14:56:53	3737.0000	1426.0000	31
14:56:53	3671.0000	1428.0000	0
14:56:53	3731.0000	1441.0000	22
14:56:53	3725.0000	1408.0000	0
14:56:53	3724.0000	1400.0000	16
14:56:53	3723.0000	1409.0000	35
14:56:53	3738.0000	1425.0000	23
14:56:53	3722.0000	1427.0000	23
14:56:53	3723.0000	1399.0000	0
14:56:53	3719.0000	1393.0000	16
14:56:53	3715.0000	1406.0000	20
14:56:53	3726.0000	1424.0000	21
14:56:53	3721.0000	1429.0000	35
14:56:53	3723.0000	1435.0000	33
14:56:53	3698.0000	1391.0000	0
14:56:53	3715.0000	1403.0000	16
14:56:53	3719.0000	1410.0000	16
14:56:53	3718.0000	1422.0000	29
14:56:53	3666.0000	1429.0000	0
14:56:53	3737.0000	1444.0000	23
14:56:53	3721.0000	1408.0000	0
14:56:53	3731.0000	1408.0000	16
14:56:53	3722.0000	1404.0000	31
14:56:53	3728.0000	1420.0000	22
14:56:53	3718.0000	1427.0000	28
14:56:53	3725.0000	1396.0000	6
14:56:53	3719.0000	1404.0000	15
14:56:53	3730.0000	1412.0000	28
14:56:53	3710.0000	1417.0000	0
14:56:53	3737.0000	1433.0000	21
14:56:53	3723.0000	1442.0000	29
14:56:53	3703.0000	1392.0000	0
14:56:53	3728.0000	1406.0000	23
14:56:53	3735.0000	1417.0000	16
14:56:53	3741.0000	1418.0000	32
14:56:53	3718.0000	1432.0000	30
14:56:53	3712.0000	1433.0000	26
14:56:53	3728.0000	1408.0000	0
14:56:53	3686.0000	1408.0000	16
14:56:53	3717.0000	1419.0000	27
14:56:53	3723.0000	1425.0000	25
14:56:53	3734.0000	1460.0000	2
14:56:53	3728.0000	1395.0000	6
14:56:53	3728.0000	1404.0000	16
14:56:53	3732.0000	1411.0000	28
14:56:53	3721.0000	1423.0000	23
14:56:53	3733.0000	1444.0000	22
14:56:53	3727.0000	1442.0000	23
14:56:53	3728.0000	1408.0000	0
14:56:53	3738.0000	1405.0000	14
14:56:53	3728.0000	1412.0000	25
14:56:53	3732.0000	1425.0000	0
14:56:53	3671.0000	1425.0000	18
14:56:53	3723.0000	1441.0000	27
14:56:53	3728.0000	1407.0000	0
14:56:53	3721.0000	1407.0000	16
14:56:53	3739.0000	1419.0000	26
14:56:53	3728.0000	1421.0000	26
14:56:53	3722.0000	1427.0000	21
14:56:53	3735.0000	1399.0000	0
14:56:53	3725.0000	1399.0000	16
14:56:53	3737.0000	1409.0000	0
14:56:53	3673.0000	1422.0000	19
14:56:53	3717.0000	1427.0000	23
14:56:53	3728.0000	1435.0000	36
14:56:53	3728.0000	1405.0000	0
14:56:53	3738.0000	1404.0000	14
14:56:53	3725.0000	1411.0000	20
14:56:53	3728.0000	1424.0000	0
14:56:53	3726.0000	1431.0000	19
14:56:53	3715.0000	1431.0000	23
14:56:53	3728.0000	1405.0000	0
14:56:53	3728.0000	1407.0000	17
14:56:53	3722.0000	1412.0000	21
14:56:53	3709.0000	1427.0000	37
14:56:53	3665.0000	1429.0000	23
14:56:53	3743.0000	1406.0000	0
14:56:53	3677.0000	1402.0000	15
14:56:53	3718.0000	1406.0000	18
14:56:53	3731.0000	1414.0000	31
14:56:53	3740.0000	1408.0000	37
14:56:53	3725.0000	1419.0000	46
14:56:53	3728.0000	1403.0000	0
14:56:53	3728.0000	1409.0000	13
14:56:53	3726.0000	1413.0000	22
14:56:53	3678.0000	1399.0000	19
14:56:53	3710.0000	1428.0000	28
14:56:54	3719.0000	1440.0000	21
14:56:54	3727.0000	1407.0000	0
14:56:54	3724.0000	1408.0000	13
14:56:54	3725.0000	1401.0000	19
14:56:54	3723.0000	1421.0000	23
14:56:54	3723.0000	1430.0000	24
14:56:54	3741.0000	1395.0000	0
14:56:54	3728.0000	1405.0000	16
14:56:54	3689.0000	1403.0000	0
14:56:54	3715.0000	1416.0000	20
14:56:54	3717.0000	1423.0000	26
14:56:54	3745.0000	1437.0000	30
14:56:54	3676.0000	1394.0000	0
14:56:54	3715.0000	1401.0000	15
14:56:54	3715.0000	1418.0000	16
14:56:54	3722.0000	1420.0000	19
14:56:54	3712.0000	1434.0000	29
14:56:54	3726.0000	1444.0000	26
14:56:54	3699.0000	1392.0000	0
14:56:54	3713.0000	1401.0000	21
14:56:54	3742.0000	1408.0000	25
14:56:54	3728.0000	1424.0000	15
14:56:54	3667.0000	1426.0000	0
14:56:54	3727.0000	1397.0000	3
14:56:54	3735.0000	1397.0000	17
14:56:54	3725.0000	1407.0000	20
14:56:54	3721.0000	1422.0000	33
14:56:54	3729.0000	1427.0000	28
14:56:54	3725.0000	1462.0000	5
14:56:54	3729.0000	1407.0000	2
14:56:54	3722.0000	1408.0000	16
14:56:54	3729.0000	1414.0000	29
14:56:54	3709.0000	1424.0000	19
14:56:54	3728.0000	1447.0000	19
14:56:54	3725.0000	1444.0000	22
14:56:54	3728.0000	1409.0000	0
14:56:54	3727.0000	1411.0000	15
14:56:54	3721.0000	1419.0000	20
14:56:54	3725.0000	1430.0000	15
14:56:54	3714.0000	1439.0000	22
14:56:54	3727.0000	1407.0000	0
14:56:54	3719.0000	1401.0000	16
14:56:54	3674.0000	1407.0000	0
14:56:54	3728.0000	1431.0000	19
14:56:54	3724.0000	1430.0000	25
14:56:54	3695.0000	1442.0000	0
14:56:54	3731.0000	1412.0000	0
14:56:54	3726.0000	1408.0000	19
14:56:54	3735.0000	1415.0000	3
14:56:54	3719.0000	1415.0000	29
14:56:54	3728.0000	1432.0000	31
14:56:54	3739.0000	1431.0000	42
14:56:54	3729.0000	1409.0000	0
14:56:54	3733.0000	1406.0000	16
14:56:54	3730.0000	1414.0000	26
14:56:54	3677.0000	1423.0000	16
14:56:54	3711.0000	1431.0000	29
14:56:54	3729.0000	1403.0000	0
14:56:54	3734.0000	1392.0000	19
14:56:54	3721.0000	1402.0000	31
14:56:54	3730.0000	1396.0000	32
14:56:54	3714.0000	1425.0000	29
14:56:54	3668.0000	1440.0000	0
14:56:54	3733.0000	1407.0000	0
14:56:54	3721.0000	1403.0000	14
14:56:54	3692.0000	1408.0000	0
14:56:54	3716.0000	1423.0000	29
14:56:54	3711.0000	1441.0000	21
14:56:54	3723.0000	1448.0000	30
14:56:54	3723.0000	1410.0000	0
14:56:54	3723.0000	1404.0000	16
14:56:54	3722.0000	1418.0000	18
14:56:54	3711.0000	1425.0000	18
14:56:54	3714.0000	1441.0000	33
14:56:54	3723.0000	1399.0000	0
14:56:54	3723.0000	1402.0000	16
14:56:54	3723.0000	1408.0000	21
14:56:54	3735.0000	1420.0000	21
14:56:54	3717.0000	1428.0000	28
14:56:54	3713.0000	1437.0000	30
14:56:54	3728.0000	1407.0000	0
14:56:54	3727.0000	1408.0000	16
14:56:54	3727.0000	1412.0000	21
14:56:54	3723.0000	1403.0000	35
14:56:54	3728.0000	1427.0000	29
14:56:54	3726.0000	1445.0000	30
14:56:54	3709.0000	1399.0000	0
14:56:54	3718.0000	1404.0000	12
14:56:54	3730.0000	1408.0000	21
14:56:54	3676.0000	1420.0000	0
14:56:54	3712.0000	1433.0000	25
14:56:54	3731.0000	1393.0000	0
14:56:54	3664.0000	1385.0000	0
14:56:54	3708.0000	1409.0000	18
14:56:54	3723.0000	1417.0000	19
14:56:54	3727.0000	1433.0000	30
14:56:54	3668.0000	1435.0000	0
14:56:54	3719.0000	1402.0000	0
14:56:54	3733.0000	1391.0000	21
14:56:54	3678.0000	1402.0000	0
14:56:54	3709.0000	1429.0000	23
14:56:54	3734.0000	1430.0000	27
14:56:54	3733.0000	1465.0000	0
14:56:54	3728.0000	1408.0000	0
14:56:54	3728.0000	1402.0000	16
14:56:54	3725.0000	1410.0000	27
14:56:54	3717.0000	1424.0000	16
14:56:54	3726.0000	1428.0000	23
14:56:54	3726.0000	1401.0000	0
14:56:54	3707.0000	1399.0000	15
14:56:54	3727.0000	1403.0000	31
14:56:54	3722.0000	1421.0000	23
14:56:54	3722.0000	1425.0000	21
14:56:54	3726.0000	1437.0000	29
14:56:54	3730.0000	1403.0000	0
14:56:54	3719.0000	1402.0000	11
14:56:54	3712.0000	1409.0000	23
14:56:54	3710.0000	1425.0000	21
14:56:54	3714.0000	1436.0000	26
14:56:54	3741.0000	1440.0000	16
14:56:54	3728.0000	1407.0000	0
14:56:54	3727.0000	1403.0000	12
14:56:54	3718.0000	1409.0000	27
14:56:54	3715.0000	1426.0000	23
14:56:54	3670.0000	1429.0000	19
14:56:54	3734.0000	1399.0000	0
14:56:54	3719.0000	1398.0000	6
14:56:54	3722.0000	1408.0000	16
14:56:54	3728.0000	1428.0000	19
14:56:54	3725.0000	1434.0000	22
14:56:54	3692.0000	1440.0000	0
14:56:54	3729.0000	1410.0000	2
14:56:54	3729.0000	1404.0000	18
14:56:54	3729.0000	1409.0000	33
14:56:54	3696.0000	1407.0000	21
14:56:54	3732.0000	1438.0000	21
14:56:54	3717.0000	1440.0000	30
14:56:54	3679.0000	1374.0000	0
14:56:54	3712.0000	1408.0000	12
14:56:54	3727.0000	1418.0000	18
14:56:54	3718.0000	1428.0000	16
14:56:54	3709.0000	1437.0000	16
14:56:54	3722.0000	1399.0000	0
14:56:54	3725.0000	1396.0000	14
14:56:54	3717.0000	1408.0000	21
14:56:54	3744.0000	1421.0000	23
14:56:54	3713.0000	1425.0000	26
14:56:54	3718.0000	1432.0000	28
14:56:54	3715.0000	1409.0000	0
14:56:54	3722.0000	1406.0000	16
14:56:54	3735.0000	1430.0000	0
14:56:54	3718.0000	1427.0000	16
14:56:54	3672.0000	1435.0000	0
14:56:54	3724.0000	1440.0000	25
14:56:54	3687.0000	1387.0000	0
14:56:54	3729.0000	1410.0000	9
14:56:54	3712.0000	1407.0000	21
14:56:54	3681.0000	1417.0000	0
14:56:54	3703.0000	1427.0000	26
14:56:54	3730.0000	1397.0000	0
14:56:54	3722.0000	1398.0000	15
14:56:54	3667.0000	1396.0000	0
14:56:54	3733.0000	1415.0000	25
14:56:54	3726.0000	1425.0000	27
14:56:54	3670.0000	1429.0000	0
14:56:54	3735.0000	1397.0000	0
14:56:54	3726.0000	1402.0000	16
14:56:54	3693.0000	1404.0000	0
14:56:54	3713.0000	1424.0000	22
14:56:54	3712.0000	1438.0000	20
14:56:54	3725.0000	1447.0000	32
14:56:54	3721.0000	1407.0000	0
14:56:54	3722.0000	1406.0000	21
14:56:54	3728.0000	1421.0000	29
14:56:54	3670.0000	1429.0000	17
14:56:54	3707.0000	1421.0000	27
14:56:54	3729.0000	1394.0000	0
14:56:54	3725.0000	1400.0000	14
14:56:54	3713.0000	1404.0000	16
14:56:54	3718.0000	1424.0000	18
14:56:54	3728.0000	1427.0000	19
14:56:54	3719.0000	1441.0000	19
14:56:54	3728.0000	1403.0000	0
14:56:54	3711.0000	1406.0000	14
14:56:54	3706.0000	1410.0000	23
14:56:54	3706.0000	1424.0000	21
14:56:54	3707.0000	1435.0000	26
14:56:54	3733.0000	1444.0000	16
14:56:54	3723.0000	1403.0000	0
14:56:54	3723.0000	1405.0000	15
14:56:54	3719.0000	1413.0000	28
14:56:54	3712.0000	1420.0000	25
14:56:54	3664.0000	1403.0000	20
14:56:54	3725.0000	1393.0000	0
14:56:54	3710.0000	1395.0000	9
14:56:54	3708.0000	1407.0000	16
14:56:54	3741.0000	1417.0000	23
14:56:54	3723.0000	1424.0000	29
14:56:54	3726.0000	1428.0000	17
14:56:54	3718.0000	1405.0000	5
14:56:54	3718.0000	1403.0000	21
14:56:54	3723.0000	1404.0000	32
14:56:54	3696.0000	1419.0000	16
14:56:54	3709.0000	1418.0000	37
14:56:54	3724.0000	1436.0000	30
14:56:54	3728.0000	1387.0000	0
14:56:54	3649.0000	1413.0000	5
14:56:54	3697.0000	1416.0000	16
14:56:54	3705.0000	1425.0000	29
14:56:54	3658.0000	1424.0000	0
14:56:54	3658.0000	1392.0000	0
14:56:54	3531.0000	1386.0000	16
14:56:54	3399.0000	1384.0000	23
14:56:55	3273.0000	1377.0000	32
14:56:55	3175.0000	1380.0000	33
14:56:55	3082.0000	1362.0000	32
14:56:55	3683.0000	1331.0000	0
14:56:55	3706.0000	1352.0000	16
14:56:55	3714.0000	1367.0000	23
14:56:55	3647.0000	1369.0000	0
14:56:55	3655.0000	1392.0000	0
14:56:55	3697.0000	1413.0000	31
14:56:55	3728.0000	1387.0000	0
14:56:55	3650.0000	1381.0000	15
14:56:55	3707.0000	1389.0000	18
14:56:55	3710.0000	1395.0000	25
14:56:55	3663.0000	1402.0000	0
14:56:55	3113.0000	1362.0000	0
14:56:55	2963.0000	1331.0000	11
14:56:55	2845.0000	1315.0000	0
14:56:55	2752.0000	1305.0000	14
14:56:55	2637.0000	1277.0000	18
14:56:55	2549.0000	1261.0000	11
14:56:55	2074.0000	1165.0000	0
14:56:55	2022.0000	1131.0000	0
14:56:55	1969.0000	1098.0000	0
14:56:55	1899.0000	1041.0000	0
14:56:55	1852.0000	1023.0000	0
14:56:55	1808.0000	994.0000	0
14:56:55	1968.0000	933.0000	0
14:56:55	2001.0000	917.0000	0
14:56:55	2045.0000	906.0000	0
14:56:55	2073.0000	900.0000	0
14:56:55	2001.0000	869.0000	0
14:56:55	1954.0000	880.0000	0
14:56:55	1662.0000	819.0000	0
14:56:55	1616.0000	797.0000	0
14:56:55	1611.0000	775.0000	0
14:56:55	1616.0000	754.0000	0
14:56:55	1613.0000	743.0000	0
14:56:55	1600.0000	727.0000	0
14:56:55	1318.0000	699.0000	0
14:56:55	1290.0000	669.0000	0
14:56:55	1258.0000	633.0000	0
14:56:55	1231.0000	605.0000	0
14:56:55	1199.0000	607.0000	0
14:56:55	1177.0000	592.0000	0
14:56:55	965.0000	577.0000	0
14:56:55	942.0000	569.0000	0
14:56:55	910.0000	544.0000	0
14:56:55	882.0000	502.0000	0
14:56:55	861.0000	497.0000	0
14:56:55	835.0000	488.0000	0
14:56:55	997.0000	535.0000	0
14:56:55	1002.0000	511.0000	0
14:56:55	1005.0000	511.0000	0
14:56:55	982.0000	496.0000	0
14:56:55	965.0000	489.0000	0
14:56:55	944.0000	479.0000	0
14:56:55	755.0000	511.0000	0
14:56:55	741.0000	497.0000	0
14:56:55	709.0000	448.0000	0
14:56:55	704.0000	464.0000	0
14:56:55	685.0000	444.0000	0
14:56:55	666.0000	416.0000	0
14:56:55	563.0000	483.0000	0
14:56:55	558.0000	458.0000	0
14:56:55	546.0000	441.0000	0
14:56:55	530.0000	413.0000	0
14:56:55	526.0000	400.0000	0
14:56:55	503.0000	393.0000	0
14:56:55	494.0000	368.0000	0
14:56:55	417.0000	464.0000	0
14:56:55	410.0000	431.0000	0
14:56:55	400.0000	404.0000	0
14:56:55	395.0000	386.0000	0
14:56:55	386.0000	383.0000	0
14:56:55	376.0000	364.0000	0
14:56:55	327.0000	432.0000	0
14:56:55	320.0000	419.0000	0
14:56:55	315.0000	394.0000	0
14:56:55	314.0000	375.0000	0
14:56:55	302.0000	330.0000	0
14:56:55	304.0000	351.0000	0
14:56:55	269.0000	432.0000	0
14:56:55	267.0000	400.0000	0
14:56:55	263.0000	384.0000	0
14:56:55	257.0000	361.0000	0
14:56:55	253.0000	343.0000	0
14:56:55	256.0000	333.0000	0
14:56:55	241.0000	429.0000	0
14:56:55	240.0000	398.0000	0
14:56:55	240.0000	371.0000	0
14:56:55	234.0000	357.0000	0
14:56:55	231.0000	338.0000	0
14:56:55	229.0000	333.0000	0
14:56:55	208.0000	423.0000	0
14:56:55	213.0000	388.0000	0
14:56:55	208.0000	368.0000	0
14:56:55	204.0000	325.0000	0
14:56:55	208.0000	331.0000	0
14:56:55	206.0000	323.0000	0
14:56:55	208.0000	314.0000	0
14:56:55	199.0000	413.0000	0
14:56:55	196.0000	384.0000	0
14:56:55	200.0000	362.0000	0
14:56:55	192.0000	318.0000	0
14:56:55	195.0000	336.0000	0
14:56:55	195.0000	320.0000	0
14:56:55	194.0000	415.0000	0
14:56:55	192.0000	387.0000	0
14:56:55	191.0000	361.0000	0
14:56:55	193.0000	341.0000	0
14:56:55	188.0000	330.0000	0
14:56:55	191.0000	323.0000	0
14:56:55	187.0000	417.0000	0
14:56:55	185.0000	366.0000	0
14:56:55	194.0000	361.0000	0
14:56:55	190.0000	351.0000	0
14:56:55	186.0000	329.0000	0
14:56:55	183.0000	293.0000	0
14:56:55	176.0000	415.0000	0
14:56:55	180.0000	384.0000	0
14:56:55	176.0000	336.0000	0
14:56:55	182.0000	338.0000	0
14:56:55	185.0000	329.0000	0
14:56:55	179.0000	329.0000	0
14:56:55	176.0000	282.0000	0
14:56:55	184.0000	411.0000	0
14:56:55	189.0000	384.0000	0
14:56:55	185.0000	363.0000	0
14:56:55	180.0000	343.0000	0
14:56:55	179.0000	327.0000	0
14:56:55	178.0000	318.0000	0
14:56:55	191.0000	414.0000	0
14:56:55	188.0000	395.0000	0
14:56:55	184.0000	366.0000	0
14:56:55	182.0000	346.0000	0
14:56:55	182.0000	331.0000	0
14:56:55	179.0000	327.0000	0
14:56:55	185.0000	412.0000	0
14:56:55	186.0000	385.0000	0
14:56:55	187.0000	365.0000	0
14:56:55	190.0000	340.0000	0
14:56:55	187.0000	328.0000	0
14:56:55	186.0000	597.0000	0
14:56:55	186.0000	511.0000	0
14:56:55	185.0000	478.0000	0
14:56:55	185.0000	415.0000	0
14:56:55	181.0000	387.0000	0
14:56:55	189.0000	379.0000	0
14:56:55	177.0000	443.0000	0
14:56:55	177.0000	403.0000	0
14:56:55	179.0000	379.0000	0
14:56:55	176.0000	357.0000	0
14:56:55	178.0000	339.0000	0
14:56:55	176.0000	307.0000	0
14:56:55	189.0000	426.0000	0
14:56:55	192.0000	388.0000	0
14:56:55	192.0000	352.0000	0
14:56:55	209.0000	341.0000	0
14:56:55	188.0000	330.0000	0
14:56:55	195.0000	318.0000	0
14:56:55	199.0000	417.0000	0
14:56:55	207.0000	400.0000	0
14:56:55	205.0000	365.0000	0
14:56:55	188.0000	331.0000	0
14:56:55	203.0000	330.0000	0
14:56:55	204.0000	317.0000	0
14:56:55	197.0000	416.0000	0
14:56:55	195.0000	387.0000	0
14:56:55	198.0000	368.0000	0
14:56:55	195.0000	343.0000	0
14:56:55	195.0000	332.0000	0
14:56:55	195.0000	320.0000	0
14:56:55	190.0000	306.0000	0
14:56:55	190.0000	411.0000	0
14:56:55	192.0000	382.0000	0
14:56:55	195.0000	365.0000	0
14:56:55	193.0000	343.0000	0
14:56:55	190.0000	330.0000	0
14:56:55	192.0000	316.0000	0
14:56:55	191.0000	415.0000	0
14:56:55	194.0000	391.0000	0
14:56:55	195.0000	336.0000	0
14:56:55	195.0000	349.0000	0
14:56:55	193.0000	327.0000	0
14:56:55	176.0000	298.0000	0
14:56:55	192.0000	416.0000	0
14:56:55	195.0000	380.0000	0
14:56:55	195.0000	363.0000	0
14:56:55	196.0000	340.0000	0
14:56:55	194.0000	335.0000	0
14:56:55	195.0000	315.0000	0
14:56:55	185.0000	402.0000	0
14:56:55	202.0000	387.0000	0
14:56:55	205.0000	358.0000	0
14:56:55	192.0000	345.0000	0
14:56:55	188.0000	303.0000	0
14:56:55	192.0000	311.0000	0
14:56:55	194.0000	415.0000	0
14:56:55	194.0000	379.0000	0
14:56:55	194.0000	368.0000	0
14:56:55	199.0000	340.0000	0
14:56:55	200.0000	333.0000	0
14:56:55	192.0000	285.0000	0
14:56:55	192.0000	305.0000	0
14:56:55	193.0000	411.0000	0
14:56:55	201.0000	379.0000	0
14:56:55	208.0000	367.0000	0
14:56:55	198.0000	342.0000	0
14:56:55	196.0000	330.0000	0
14:56:55	192.0000	297.0000	0
14:56:55	182.0000	413.0000	0
14:56:55	194.0000	384.0000	0
14:56:55	198.0000	359.0000	0
14:56:55	198.0000	347.0000	0
14:56:55	196.0000	329.0000	0
14:56:55	192.0000	314.0000	0
14:56:55	197.0000	416.0000	0
