"sep=	"
Shimmer_Timestamp	Shimmer_EMG_ENV	Shimmer_EMG_RAW	Shimmer_EMG_REF
hh:mm:ss	unit	unit	unit
11:44:36	126	1710	566
11:44:36	135	1713	589
11:44:36	123	1707	560
11:44:36	137	1711	566
11:44:36	128	1702	560
11:44:36	122	1708	559
11:44:36	117	1710	560
11:44:36	133	1710	565
11:44:36	123	1707	560
11:44:36	133	1706	534
11:44:36	105	1705	560
11:44:36	129	1705	557
11:44:36	120	1707	560
11:44:36	115	1703	528
11:44:36	116	1702	558
11:44:36	116	1703	553
11:44:36	115	1703	546
11:44:36	109	1702	528
11:44:36	117	1703	560
11:44:36	112	1701	556
11:44:36	116	1705	560
11:44:36	103	1702	528
11:44:36	101	1700	529
11:44:36	100	1696	528
11:44:36	101	1697	528ENV:
11:44:36	132	1710	582
11:44:36	141	1712	625
11:44:36	139	1710	603
11:44:36	141	1712	611
11:44:36	138	1711	586
11:44:36	131	1712	601
11:44:36	138	1712	579
11:44:36	132	1709	573
11:44:36	128	1709	567
11:44:36	126	1711	592
11:44:36	97	1694	528
11:44:36	112	1695	559
11:44:36	112	1697	560
11:44:36	118	1694	566
11:44:36	103	1694	530
11:44:36	103	1691	532
11:44:36	105	1689	530
11:44:36	99	1687	560
11:44:36	117	1690	559
11:44:36	114	1692	560
11:44:36	115	1691	555
11:44:36	117	1693	575
11:44:36	102	1689	528
11:44:36	102	1686	528
11:44:36	100	1684	527
11:44:36	117	1695	557
11:44:36	53	1694	273
11:44:36	59	1696	352
11:44:36	54	1696	362
11:44:36	48	1701	406
11:44:36	46	1695	370
11:44:36	42	1694	390
11:44:36	53	1693	432
11:44:36	59	1696	443
11:44:36	63	1693	452
11:44:36	65	1696	487
11:44:36	64	1694	477
11:44:36	73	1697	507
11:44:36	59	1691	462
11:44:36	74	1695	523
11:44:36	79	1698	503
11:44:36	87	1694	533
11:44:36	70	1690	477
11:44:36	86	1695	539
11:44:36	86	1695	511
11:44:36	100	1697	551
11:44:36	80	1691	495
11:44:36	100	1695	554
11:44:36	98	1691	533
11:44:36	110	1696	556
11:44:36	81	1692	498
11:44:36	81	1689	499
11:44:36	75	1684	505
11:44:36	83	1687	503
11:44:36	81	1686	541
11:44:36	112	1688	557
11:44:36	105	1685	549
11:44:36	118	1692	532
11:44:36	103	1686	539
11:44:36	119	1689	548
11:44:36	112	1687	554
11:44:36	123	1686	525
11:44:36	95	1685	510
11:44:36	94	1682	511
11:44:36	93	1682	511
11:44:36	93	1680	511
11:44:36	107	1683	551
11:44:36	121	1681	549
11:44:36	112	1681	551
11:44:36	120	1681	523
11:44:36	95	1680	511
11:44:36	93	1680	511
11:44:36	86	1679	528
11:44:36	91	1678	511
11:44:36	107	1682	549
11:44:36	112	1680	553
11:44:36	113	1680	559
11:44:36	96	1681	525
11:44:36	98	1679	525
11:44:36	92	1675	511
11:44:36	98	1676	526
11:44:36	111	1677	550
11:44:36	112	1678	546
11:44:36	111	1677	558
11:44:36	112	1678	553
11:44:36	101	1676	525
11:44:36	96	1675	511
11:44:36	97	1673	511
11:44:36	95	1674	511
11:44:36	112	1675	549
11:44:36	112	1679	546
11:44:36	112	1677	557
11:44:36	112	1678	560
11:44:36	98	1679	523
11:44:36	99	1674	511
11:44:36	94	1673	511
11:44:36	94	1669	546
11:44:36	111	1674	548
11:44:36	112	1676	559
11:44:36	112	1677	555
11:44:36	112	1678	567
11:44:36	100	1675	523
11:44:36	98	1675	511
11:44:36	95	1674	511
11:44:36	110	1677	551
11:44:36	109	1677	546
11:44:36	111	1679	572
11:44:36	110	1678	549
11:44:36	113	1680	562
11:44:36	96	1675	511
11:44:36	93	1674	508
11:44:36	109	1676	544
11:44:36	111	1677	546
11:44:36	109	1678	542
11:44:36	115	1680	567
11:44:36	112	1679	543
11:44:36	113	1679	543
11:44:36	109	1680	538
11:44:36	115	1681	563
11:44:36	111	1680	541
11:44:36	112	1680	538
11:44:36	105	1680	542
11:44:36	123	1683	550
11:44:36	112	1680	539
11:44:36	111	1680	538
11:44:36	112	1682	538
11:44:36	124	1685	545
11:44:36	112	1682	535
11:44:36	111	1680	535
11:44:36	112	1684	539
11:44:36	122	1684	534
11:44:36	112	1683	538
11:44:36	111	1681	539
11:44:36	111	1683	535
11:44:36	122	1685	538
11:44:36	112	1682	531
11:44:36	110	1682	535
11:44:36	111	1683	537
11:44:36	112	1681	547
11:44:36	110	1683	535
11:44:36	110	1683	536
11:44:36	109	1685	528
11:44:36	110	1687	544
11:44:36	110	1690	538
11:44:36	110	1683	538
11:44:36	110	1686	537
11:44:36	109	1687	545
11:44:36	112	1686	541
11:44:36	112	1687	538
11:44:36	112	1687	545
11:44:36	112	1687	544
11:44:36	107	1686	541
11:44:36	112	1687	543
11:44:36	112	1686	560
11:44:36	112	1687	544
11:44:36	111	1689	539
11:44:36	112	1686	541
11:44:36	112	1688	561
11:44:36	112	1690	545
11:44:36	99	1687	541
11:44:36	112	1688	541
11:44:36	111	1690	564
11:44:36	112	1698	545
11:44:36	111	1689	541
11:44:36	109	1690	534
11:44:36	112	1693	565
11:44:36	115	1689	541
11:44:36	111	1690	545
11:44:36	112	1691	542
11:44:36	119	1692	566
11:44:36	112	1691	543
11:44:36	111	1691	539
11:44:36	112	1681	543
11:44:36	121	1695	553
11:44:36	112	1691	541
11:44:36	111	1691	543
11:44:36	112	1693	543
11:44:36	121	1691	543
11:44:36	112	1691	542
11:44:36	112	1690	540
11:44:36	109	1691	543
11:44:36	123	1691	538
11:44:36	114	1693	548
11:44:36	116	1694	558
11:44:36	118	1695	550
11:44:36	129	1698	560
11:44:36	122	1697	559
11:44:36	132	1700	577
11:44:36	109	1694	528
11:44:36	109	1694	529
11:44:36	106	1691	530
11:44:36	107	1691	530
11:44:36	112	1693	547
11:44:36	112	1690	570
11:44:36	113	1695	549
11:44:36	113	1687	559
11:44:36	117	1694	561
11:44:36	120	1693	582
11:44:36	0	1719	23
11:44:36	0	1717	91
11:44:36	0	1713	147
11:44:36	0	1713	193
11:44:36	0	1713	238
11:44:36	0	1714	276
11:44:36	0	1712	281
11:44:36	0	1712	313
11:44:36	0	1712	366
11:44:36	0	1711	386
11:44:36	0	1712	400
11:44:36	5	1711	417
11:44:36	13	1711	434
11:44:36	24	1711	448
11:44:36	18	1707	433
11:44:36	39	1710	464
11:44:36	46	1709	486
11:44:36	54	1707	479
11:44:36	48	1698	464
11:44:36	48	1703	470
11:44:36	68	1703	502
11:44:36	73	1705	509
11:44:36	78	1707	510
11:44:36	80	1705	511
11:44:36	80	1683	528
11:44:36	83	1704	546
11:44:36	76	1700	497
11:44:36	90	1701	539
11:44:36	89	1703	543
11:44:36	106	1703	556
11:44:36	82	1699	503
11:44:36	80	1698	506
11:44:36	97	1698	542
11:44:36	100	1699	548
11:44:36	101	1698	541
11:44:36	99	1700	563
11:44:36	106	1698	545
11:44:36	110	1702	565
11:44:36	90	1697	507
11:44:36	106	1696	561
11:44:36	111	1697	549
11:44:36	109	1699	569
11:44:36	91	1695	525
11:44:36	94	1691	541
11:44:36	110	1695	546
11:44:36	107	1698	547
11:44:36	105	1697	548
11:44:36	109	1698	567
11:44:36	111	1695	547
11:44:36	119	1696	570
11:44:36	96	1693	511
11:44:36	107	1698	567
11:44:36	112	1695	551
11:44:36	117	1699	569
11:44:36	94	1693	510
11:44:36	95	1693	547
11:44:36	112	1695	551
11:44:36	112	1694	549
11:44:36	111	1694	545
11:44:36	119	1696	560
11:44:36	113	1694	549
11:44:36	125	1698	550
11:44:36	87	1691	510
11:44:36	107	1695	555
11:44:36	112	1694	550
11:44:36	123	1695	530
11:44:36	98	1693	511
11:44:36	110	1691	544
11:44:36	111	1695	545
11:44:36	111	1692	545
11:44:36	112	1693	544
11:44:36	122	1693	546
11:44:36	112	1693	545
11:44:36	127	1691	511
11:44:36	96	1689	511
11:44:36	109	1690	545
11:44:36	111	1693	545
11:44:36	112	1693	542
11:44:36	109	1690	542
11:44:36	113	1693	541
11:44:36	112	1690	553
11:44:36	102	1695	511
11:44:36	111	1690	542
11:44:36	110	1690	550
11:44:36	112	1693	545
11:44:36	98	1685	511
11:44:36	94	1686	511
11:44:36	107	1690	549
11:44:36	112	1689	551
11:44:36	112	1690	546
11:44:36	108	1691	544
11:44:36	107	1688	555
11:44:36	112	1690	559
11:44:36	96	1687	511
11:44:36	109	1690	547
11:44:36	112	1692	557
11:44:36	114	1690	563
11:44:36	102	1689	511
11:44:36	94	1686	511
11:44:36	111	1689	554
11:44:36	112	1687	551
11:44:36	111	1691	546
11:44:36	112	1694	561
11:44:36	112	1689	556
11:44:36	113	1691	569
11:44:36	97	1685	511
11:44:36	110	1687	565
11:44:36	113	1687	547
11:44:36	112	1690	562
11:44:36	85	1687	511
11:44:36	96	1685	528
11:44:36	111	1687	545
11:44:36	112	1693	548
11:44:36	112	1687	543
11:44:36	110	1694	571
11:44:36	113	1687	549
11:44:36	119	1693	570
11:44:36	95	1682	509
11:44:36	94	1687	553
11:44:36	112	1687	547
11:44:36	112	1687	545
11:44:36	110	1687	545
11:44:36	125	1680	569
11:44:36	113	1691	546
11:44:36	122	1691	563
11:44:36	102	1687	511
11:44:36	93	1685	510
11:44:36	96	1682	511
11:44:36	90	1681	510
11:44:36	94	1685	546
11:44:36	116	1686	559
11:44:36	111	1681	550
11:44:36	123	1689	531
11:44:36	95	1683	510
11:44:36	96	1680	511
11:44:36	89	1680	511
11:44:36	88	1677	511
11:44:36	107	1680	549
11:44:36	118	1680	550
11:44:36	112	1680	552
11:44:36	125	1680	528
11:44:36	93	1680	511
11:44:36	111	1680	547
11:44:36	112	1680	554
11:44:36	113	1680	546
11:44:36	112	1680	547
11:44:36	115	1681	545
11:44:36	112	1681	546
11:44:36	103	1680	510
11:44:36	97	1680	509
11:44:36	93	1679	508
11:44:36	110	1680	547
11:44:36	112	1680	543
11:44:36	109	1680	545
11:44:36	111	1680	543
11:44:36	112	1680	549
11:44:36	99	1680	511
11:44:36	97	1678	510
11:44:36	94	1679	511
11:44:36	109	1680	549
11:44:36	110	1680	540
11:44:36	110	1680	544
11:44:36	110	1680	549
11:44:36	110	1680	545
11:44:36	112	1680	547
11:44:36	112	1680	543
11:44:36	111	1680	546
11:44:36	112	1680	541
11:44:36	112	1680	539
11:44:36	112	1683	554
11:44:36	113	1681	545
11:44:36	110	1681	541
11:44:36	112	1682	544
11:44:36	111	1681	560
11:44:36	112	1685	540
11:44:36	110	1684	542
11:44:36	111	1682	537
11:44:36	107	1685	562
11:44:36	117	1682	538
11:44:36	110	1682	535
11:44:36	109	1682	537
11:44:36	114	1689	560
11:44:36	112	1685	551
11:44:36	117	1687	552
11:44:36	118	1687	553
11:44:36	119	1691	576
11:44:36	113	1689	554
11:44:36	119	1690	553
11:44:36	118	1691	555
11:44:36	122	1692	566
11:44:36	117	1690	547
11:44:36	119	1695	556
11:44:36	121	1693	557
11:44:36	120	1694	556
11:44:36	118	1695	551
11:44:36	119	1697	556
11:44:36	121	1696	560
11:44:36	115	1695	560
11:44:36	0	1718	33
11:44:36	0	1719	96
11:44:36	0	1715	146
11:44:36	0	1714	200
11:44:36	0	1714	240
11:44:36	0	1715	273
11:44:36	0	1715	322
11:44:36	0	1713	345
11:44:36	2	1715	373
11:44:36	10	1714	397
11:44:36	18	1713	416
11:44:36	26	1712	432
11:44:36	35	1714	447
11:44:36	43	1713	462
11:44:36	48	1712	473
11:44:36	55	1712	481
11:44:36	64	1713	493
11:44:36	66	1715	496
11:44:36	71	1713	507
11:44:36	77	1713	511
11:44:36	80	1712	524
11:44:36	81	1712	528
11:44:36	0	1715	0
11:44:36	0	1711	90
11:44:36	0	1716	151
11:44:36	0	1718	192
11:44:36	0	1715	240
11:44:36	0	1716	283
11:44:36	0	1714	279
11:44:36	0	1712	307
11:44:36	0	1711	331
11:44:36	0	1712	385
11:44:36	0	1712	400
11:44:36	4	1712	416
11:44:36	16	1712	432
11:44:36	21	1711	446
11:44:36	16	1710	434
11:44:36	20	1707	439
11:44:36	41	1709	477
11:44:36	52	1710	487
11:44:36	56	1709	494
11:44:36	61	1709	496
11:44:36	66	1709	503
11:44:36	69	1709	507
11:44:36	73	1707	511
11:44:36	79	1706	511
11:44:36	80	1708	527
11:44:36	80	1705	525
11:44:36	87	1706	526
11:44:36	88	1705	528
11:44:36	91	1705	534
11:44:36	90	1702	530
11:44:36	94	1705	530
11:44:36	95	1705	548
11:44:37	101	1703	538
11:44:37	98	1705	533
11:44:37	98	1702	535
11:44:37	99	1702	558
11:44:37	106	1703	538
11:44:37	101	1702	537
11:44:37	102	1703	539
11:44:37	104	1706	560
11:44:37	107	1703	538
11:44:37	112	1700	539
11:44:37	106	1703	537
11:44:37	114	1706	563
11:44:37	110	1700	539
11:44:37	112	1701	552
11:44:37	112	1701	553
11:44:37	122	1708	577
11:44:37	112	1703	554
11:44:37	115	1705	555
11:44:37	117	1705	558
11:44:37	116	1707	580
11:44:37	112	1706	557
11:44:37	119	1706	558
11:44:37	118	1707	559
11:44:37	119	1709	560
11:44:37	121	1706	553
11:44:37	122	1708	559
11:44:37	122	1709	560
11:44:37	119	1708	560
11:44:37	122	1709	556
11:44:37	0	1726	50
11:44:37	0	1727	112
11:44:37	0	1728	171
11:44:37	0	1725	213
11:44:37	0	1725	269
11:44:37	0	1726	304
11:44:37	0	1725	332
11:44:37	0	1725	362
11:44:37	5	1724	386
11:44:37	12	1723	405
11:44:37	23	1723	422
11:44:37	27	1726	432
11:44:37	38	1722	454
11:44:37	48	1723	464
11:44:37	65	1722	475
11:44:37	60	1722	479
11:44:37	64	1723	496
11:44:37	69	1723	496
11:44:37	85	1726	526
11:44:37	80	1723	511
11:44:37	0	1718	0
11:44:37	0	1714	62
11:44:37	0	1718	123
11:44:37	0	1711	167
11:44:37	0	1712	240
11:44:37	0	1715	286
11:44:37	0	1712	315
11:44:37	0	1713	324
11:44:37	0	1711	334
11:44:37	0	1707	355
11:44:37	0	1705	375
11:44:37	0	1705	419
11:44:37	13	1704	432
11:44:37	35	1703	448
11:44:37	33	1705	464
11:44:37	48	1703	441
11:44:37	30	1702	477
11:44:37	64	1703	485
11:44:37	59	1703	488
11:44:37	66	1701	468
11:44:37	49	1699	470
11:44:37	55	1698	477
11:44:37	59	1700	481
11:44:37	64	1695	485
11:44:37	80	1694	522
11:44:37	83	1693	526
11:44:37	86	1696	529
11:44:37	80	1693	499
11:44:37	75	1691	501
11:44:37	75	1691	504
11:44:37	74	1690	502
11:44:37	80	1685	505
11:44:37	93	1689	538
11:44:37	93	1688	550
11:44:37	99	1689	543
11:44:37	89	1689	511
11:44:37	84	1685	511
11:44:37	83	1682	510
11:44:37	87	1682	542
11:44:37	99	1683	542
11:44:37	101	1686	555
11:44:37	101	1686	548
11:44:37	103	1685	565
11:44:37	93	1677	511
11:44:37	106	1683	560
11:44:37	105	1690	550
11:44:37	111	1690	566
11:44:37	85	1682	508
11:44:37	91	1682	510
11:44:37	89	1680	511
11:44:37	106	1685	550
11:44:37	108	1683	543
11:44:37	112	1685	565
11:44:37	109	1686	547
11:44:37	112	1687	566
11:44:37	94	1682	511
11:44:37	109	1686	563
11:44:37	113	1683	549
11:44:37	112	1689	565
11:44:37	96	1682	509
11:44:37	89	1680	541
11:44:37	111	1683	545
11:44:37	110	1685	545
11:44:37	105	1685	541
11:44:37	114	1687	564
11:44:37	112	1684	543
11:44:37	116	1691	563
11:44:37	97	1683	503
11:44:37	116	1690	567
11:44:37	112	1687	546
11:44:37	121	1693	539
11:44:37	96	1682	505
11:44:37	105	1685	541
11:44:37	111	1686	546
11:44:37	112	1685	546
11:44:37	110	1687	539
11:44:37	121	1687	548
11:44:37	113	1686	546
11:44:37	119	1692	524
11:44:37	95	1683	507
11:44:37	110	1685	541
11:44:37	110	1687	545
11:44:37	112	1686	543
11:44:37	111	1684	537
11:44:37	119	1687	540
11:44:37	112	1687	544
11:44:37	123	1686	509
11:44:37	95	1682	540
11:44:37	119	1689	541
11:44:37	112	1687	545
11:44:37	105	1686	508
11:44:37	94	1685	539
11:44:37	112	1685	538
11:44:37	112	1689	539
11:44:37	98	1687	511
11:44:37	91	1684	511
11:44:37	110	1686	548
11:44:37	112	1687	548
11:44:37	112	1687	548
11:44:37	112	1689	540
11:44:37	117	1687	539
11:44:37	112	1687	545
11:44:37	98	1690	510
11:44:37	94	1683	507
11:44:37	87	1683	508
11:44:37	86	1681	511
11:44:37	87	1685	511
11:44:37	106	1680	542
11:44:37	109	1683	550
11:44:37	109	1682	563
11:44:37	95	1683	511
11:44:37	91	1682	511
11:44:37	89	1680	511
11:44:37	87	1680	511
11:44:37	103	1680	542
11:44:37	107	1680	560
11:44:37	106	1680	552
11:44:37	112	1680	565
11:44:37	94	1680	511
11:44:37	80	1678	511
11:44:37	91	1676	511
11:44:37	89	1675	511
11:44:37	90	1674	511
11:44:37	101	1678	573
11:44:37	109	1677	549
11:44:37	108	1682	570
11:44:37	95	1677	511
11:44:37	91	1675	511
11:44:37	89	1671	524
11:44:37	102	1674	544
11:44:37	106	1674	546
11:44:37	102	1680	566
11:44:37	107	1679	543
11:44:37	113	1680	560
11:44:37	99	1677	511
11:44:37	92	1671	502
11:44:37	91	1671	506
11:44:37	89	1671	507
11:44:37	87	1670	542
11:44:37	111	1680	565
11:44:37	108	1673	543
11:44:37	115	1677	569
11:44:37	93	1671	506
11:44:37	91	1669	507
11:44:37	89	1670	539
11:44:37	105	1671	542
11:44:37	104	1669	543
11:44:37	113	1678	551
11:44:37	111	1677	543
11:44:37	117	1677	528
11:44:37	91	1673	503
11:44:37	103	1676	535
11:44:37	102	1675	538
11:44:37	108	1677	540
11:44:37	107	1674	535
11:44:37	118	1679	542
11:44:37	110	1679	539
11:44:37	117	1680	524
11:44:37	93	1675	499
11:44:37	89	1675	505
11:44:37	99	1675	538
11:44:37	102	1675	539
11:44:37	103	1676	534
11:44:37	114	1679	538
11:44:37	108	1680	541
11:44:37	117	1679	505
11:44:37	92	1680	502
11:44:37	87	1673	502
11:44:37	86	1671	503
11:44:37	103	1675	546
11:44:37	102	1675	535
11:44:37	112	1677	538
11:44:37	109	1676	546
11:44:37	105	1676	508
11:44:37	92	1675	509
11:44:37	92	1674	507
11:44:37	90	1671	507
11:44:37	102	1673	543
11:44:37	101	1674	539
11:44:37	107	1676	542
11:44:37	107	1679	539
11:44:37	103	1674	539
11:44:37	106	1677	538
11:44:37	105	1677	546
11:44:37	106	1677	535
11:44:37	108	1679	535
11:44:37	106	1678	533
11:44:37	107	1680	539
11:44:37	107	1680	535
11:44:37	105	1678	531
11:44:37	107	1679	535
11:44:37	111	1680	540
11:44:37	112	1681	549
11:44:37	114	1681	553
11:44:37	112	1682	550
11:44:37	112	1681	557
11:44:37	110	1683	551
11:44:37	114	1685	553
11:44:37	113	1683	551
11:44:37	128	1684	550
11:44:37	115	1687	551
11:44:37	115	1686	554
11:44:37	116	1686	545
11:44:37	128	1690	545
11:44:37	117	1690	555
11:44:37	116	1692	555
11:44:37	129	1694	550
11:44:37	0	1733	26
11:44:37	0	1733	91
11:44:37	0	1729	164
11:44:37	0	1730	201
11:44:37	0	1728	241
11:44:37	0	1728	282
11:44:37	0	1730	314
11:44:37	0	1730	337
11:44:37	0	1727	366
11:44:37	0	1725	383
11:44:37	0	1725	407
11:44:37	5	1723	419
11:44:37	16	1720	432
11:44:37	32	1721	450
11:44:37	37	1721	463
11:44:37	38	1719	466
11:44:37	47	1718	475
11:44:37	49	1723	501
11:44:37	64	1717	496
11:44:37	64	1716	496
11:44:37	65	1719	500
11:44:37	71	1717	531
11:44:37	78	1715	511
11:44:37	79	1715	526
11:44:37	80	1712	511
11:44:37	80	1712	548
11:44:37	87	1712	528
11:44:37	86	1712	537
11:44:37	97	1715	546
11:44:37	100	1715	570
11:44:37	105	1716	557
11:44:37	112	1716	574
11:44:37	93	1713	527
11:44:37	103	1715	539
11:44:37	105	1716	551
11:44:37	109	1712	562
11:44:37	91	1712	528
11:44:37	106	1712	560
11:44:37	112	1712	563
11:44:37	115	1713	566
11:44:37	102	1712	535
11:44:37	103	1709	527
11:44:37	99	1710	536
11:44:37	113	1711	570
11:44:37	0	1744	48
11:44:37	0	1743	111
11:44:37	0	1741	165
11:44:37	0	1739	210
11:44:37	0	1742	264
11:44:37	0	1739	290
11:44:37	0	1729	322
11:44:37	0	1735	363
11:44:37	0	1737	378
11:44:37	0	1734	394
11:44:37	1	1731	411
11:44:37	11	1731	455
11:44:37	16	1730	446
11:44:37	31	1731	477
11:44:37	22	1726	432
11:44:37	27	1723	447
11:44:37	50	1723	487
11:44:37	55	1726	494
11:44:37	62	1723	498
11:44:37	64	1731	531
11:44:37	69	1726	511
11:44:37	79	1727	546
11:44:37	65	1722	494
11:44:37	66	1717	493
11:44:37	70	1713	496
11:44:37	75	1712	499
11:44:37	75	1712	505
11:44:37	86	1713	561
11:44:37	95	1712	547
11:44:37	106	1714	570
11:44:37	85	1712	511
11:44:37	84	1710	511
11:44:37	84	1709	511
11:44:37	82	1705	511
11:44:37	83	1707	554
11:44:37	109	1707	578
11:44:37	109	1701	560
11:44:37	115	1707	572
11:44:37	92	1699	511
11:44:37	89	1701	511
11:44:37	109	1703	560
11:44:37	112	1701	559
11:44:37	110	1702	551
11:44:37	121	1705	560
11:44:37	113	1703	557
11:44:37	125	1707	531
11:44:37	96	1701	511
11:44:37	94	1697	541
11:44:37	112	1701	555
11:44:37	112	1699	554
11:44:37	112	1699	545
11:44:37	123	1701	545
11:44:37	112	1701	543
11:44:37	116	1697	528
11:44:37	99	1697	511
11:44:37	96	1693	511
11:44:37	96	1691	511
11:44:37	108	1700	552
11:44:37	110	1695	551
11:44:37	111	1696	547
11:44:37	114	1696	553
11:44:37	101	1694	511
11:44:37	100	1691	511
11:44:37	93	1691	511
11:44:37	95	1689	511
11:44:37	113	1692	549
11:44:37	111	1691	557
11:44:37	112	1694	558
11:44:37	115	1693	560
11:44:37	99	1693	524
11:44:37	99	1690	523
11:44:37	98	1687	511
11:44:37	112	1689	557
11:44:37	112	1690	548
11:44:37	112	1689	551
11:44:37	104	1691	557
11:44:37	112	1690	565
11:44:37	100	1690	511
11:44:37	97	1690	511
11:44:37	94	1683	511
11:44:37	110	1687	555
11:44:37	110	1690	547
11:44:37	112	1686	562
11:44:37	111	1689	555
11:44:37	112	1690	567
11:44:37	99	1686	506
11:44:37	96	1683	511
11:44:37	94	1686	545
11:44:37	110	1686	549
11:44:37	109	1686	546
11:44:37	112	1686	566
11:44:37	113	1687	551
11:44:37	112	1691	566
11:44:37	96	1683	511
11:44:37	95	1681	511
11:44:37	89	1681	511
11:44:37	109	1685	557
11:44:37	110	1685	545
11:44:37	112	1690	573
11:44:37	112	1680	545
11:44:37	119	1696	566
11:44:37	99	1685	509
11:44:37	93	1682	510
11:44:37	93	1683	511
11:44:37	105	1683	548
11:44:37	107	1683	544
11:44:37	119	1690	550
11:44:37	109	1685	544
11:44:37	117	1685	523
11:44:37	93	1683	507
11:44:37	92	1680	505
11:44:37	86	1681	511
11:44:37	106	1682	546
11:44:37	106	1682	543
11:44:37	118	1682	543
11:44:37	111	1685	546
11:44:37	112	1681	511
11:44:37	95	1682	509
11:44:37	90	1680	511
11:44:37	93	1680	543
11:44:37	112	1680	555
11:44:37	109	1682	541
11:44:37	112	1681	545
11:44:37	112	1683	546
11:44:37	101	1680	511
11:44:37	97	1680	511
11:44:37	93	1680	510
11:44:37	109	1680	551
11:44:37	110	1682	543
11:44:37	109	1683	546
11:44:37	111	1680	551
11:44:37	112	1681	550
11:44:37	96	1680	511
11:44:37	91	1680	510
11:44:37	91	1678	527
11:44:37	110	1681	547
11:44:37	111	1681	544
11:44:37	109	1682	545
11:44:37	107	1691	550
11:44:37	112	1685	553
11:44:37	97	1680	511
11:44:37	91	1680	509
11:44:37	92	1680	509
11:44:37	106	1680	548
11:44:37	103	1681	541
11:44:37	105	1681	560
11:44:37	107	1683	550
11:44:37	110	1685	563
11:44:37	96	1681	511
11:44:37	94	1680	511
11:44:37	90	1680	509
11:44:37	86	1675	547
11:44:37	103	1680	542
11:44:37	103	1687	563
11:44:37	107	1681	545
11:44:37	112	1686	563
11:44:37	96	1680	507
11:44:37	90	1678	511
11:44:37	92	1679	508
11:44:37	103	1680	549
11:44:37	102	1680	541
11:44:37	107	1673	566
11:44:37	101	1682	549
11:44:37	114	1675	565
11:44:37	95	1680	510
11:44:37	87	1680	511
11:44:37	89	1680	545
11:44:37	102	1679	544
11:44:37	107	1680	544
11:44:37	113	1680	560
11:44:37	110	1682	545
11:44:37	119	1683	538
11:44:37	89	1679	501
11:44:37	86	1678	505
11:44:37	107	1680	544
11:44:37	107	1681	543
11:44:37	93	1680	537
11:44:37	114	1682	545
11:44:37	110	1682	544
11:44:37	117	1680	511
11:44:37	95	1681	509
11:44:37	85	1680	507
11:44:37	103	1680	542
11:44:37	109	1680	545
11:44:37	107	1680	537
11:44:37	118	1680	535
11:44:37	110	1680	544
11:44:37	109	1680	509
11:44:37	93	1680	507
11:44:37	82	1679	509
11:44:38	89	1679	509
11:44:38	106	1678	544
11:44:38	103	1680	544
11:44:38	112	1680	543
11:44:38	110	1677	548
11:44:38	98	1680	509
11:44:38	94	1680	509
11:44:38	89	1677	510
11:44:38	103	1680	547
11:44:38	106	1676	535
11:44:38	106	1678	539
11:44:38	108	1680	555
11:44:38	111	1680	545
11:44:38	97	1681	506
11:44:38	95	1680	508
11:44:38	109	1680	547
11:44:38	111	1680	547
11:44:38	109	1680	541
11:44:38	109	1680	541
11:44:38	109	1680	547
11:44:38	112	1681	558
11:44:38	99	1680	511
11:44:38	98	1680	511
11:44:38	95	1678	507
11:44:38	106	1678	546
11:44:38	107	1680	540
11:44:38	110	1679	559
11:44:38	109	1680	549
11:44:38	109	1681	564
11:44:38	96	1680	508
11:44:38	107	1680	560
11:44:38	112	1682	551
11:44:38	112	1682	563
11:44:38	85	1680	506
11:44:38	93	1680	507
11:44:38	92	1679	507
11:44:38	112	1680	548
11:44:38	109	1680	541
11:44:38	111	1681	571
11:44:38	112	1680	546
11:44:38	119	1681	566
11:44:38	99	1680	505
11:44:38	96	1680	510
11:44:38	94	1680	543
11:44:38	111	1680	544
11:44:38	109	1680	540
11:44:38	122	1681	547
11:44:38	107	1680	541
11:44:38	110	1680	541
11:44:38	109	1680	534
11:44:38	121	1681	535
11:44:38	115	1681	535
11:44:38	109	1681	531
11:44:38	109	1680	540
11:44:38	114	1681	530
11:44:38	111	1681	530
11:44:38	106	1682	531
11:44:38	106	1682	534
11:44:38	106	1682	543
11:44:38	107	1682	531
11:44:38	107	1681	533
11:44:38	106	1683	538
11:44:38	105	1685	538
11:44:38	107	1685	534
11:44:38	107	1683	537
11:44:38	109	1683	532
11:44:38	107	1685	540
11:44:38	109	1685	533
11:44:38	107	1683	535
11:44:38	112	1683	533
11:44:38	106	1685	545
11:44:38	110	1686	537
11:44:38	108	1685	537
11:44:38	107	1689	549
11:44:38	112	1685	542
11:44:38	108	1686	536
11:44:38	109	1683	534
11:44:38	108	1685	562
11:44:38	108	1686	538
11:44:38	109	1690	539
11:44:38	105	1684	537
11:44:38	107	1690	560
11:44:38	110	1687	539
11:44:38	107	1686	535
11:44:38	111	1686	533
11:44:38	109	1694	561
11:44:38	111	1690	550
11:44:38	112	1689	551
11:44:38	112	1691	552
11:44:38	113	1694	576
11:44:38	112	1691	550
11:44:38	114	1693	553
11:44:38	114	1693	552
11:44:38	114	1691	558
11:44:38	114	1694	547
11:44:38	114	1695	554
11:44:38	117	1696	555
11:44:38	115	1696	556
11:44:38	117	1696	552
11:44:38	117	1696	555
11:44:38	117	1697	557
11:44:38	114	1697	557
11:44:38	16	1713	91
11:44:38	2	1712	145
11:44:38	0	1712	197
11:44:38	0	1712	241
11:44:38	0	1712	267
11:44:38	0	1710	290
11:44:38	0	1710	325
11:44:38	0	1709	351
11:44:38	12	1710	391
11:44:38	16	1707	401
11:44:38	26	1711	417
11:44:38	27	1709	432
11:44:38	41	1709	458
11:44:38	48	1711	469
11:44:38	66	1709	477
11:44:38	59	1707	486
11:44:38	64	1711	496
11:44:38	69	1711	495
11:44:38	84	1712	507
11:44:38	80	1712	501
11:44:38	0	1712	0
11:44:38	0	1710	54
11:44:38	0	1712	135
11:44:38	0	1710	186
11:44:38	0	1712	234
11:44:38	0	1710	272
11:44:38	0	1709	272
11:44:38	0	1706	303
11:44:38	0	1703	321
11:44:38	0	1706	381
11:44:38	0	1706	396
11:44:38	0	1707	410
11:44:38	13	1702	429
11:44:38	21	1703	447
11:44:38	16	1700	429
11:44:38	16	1700	437
11:44:38	22	1696	442
11:44:38	45	1697	483
11:44:38	51	1700	484
11:44:38	55	1698	493
11:44:38	64	1698	510
11:44:38	69	1699	505
11:44:38	59	1697	479
11:44:38	64	1696	485
11:44:38	63	1691	489
11:44:38	80	1693	526
11:44:38	82	1690	526
11:44:38	83	1692	528
11:44:38	90	1684	530
11:44:38	92	1693	549
11:44:38	80	1690	498
11:44:38	80	1691	499
11:44:38	96	1692	539
11:44:38	97	1693	538
11:44:38	98	1693	533
11:44:38	98	1689	560
11:44:38	102	1692	544
11:44:38	103	1696	561
11:44:38	86	1691	511
11:44:38	99	1691	557
11:44:38	108	1692	540
11:44:38	112	1695	562
11:44:38	97	1691	523
11:44:38	89	1689	524
11:44:38	112	1693	559
11:44:38	112	1693	559
11:44:38	109	1693	539
11:44:38	110	1693	547
11:44:38	109	1692	546
11:44:38	115	1695	573
11:44:38	101	1693	528
11:44:38	112	1693	537
11:44:38	109	1689	549
11:44:38	112	1694	560
11:44:38	0	1723	21
11:44:38	0	1723	83
11:44:38	0	1726	149
11:44:38	0	1725	199
11:44:38	0	1719	211
11:44:38	0	1718	240
11:44:38	0	1717	305
11:44:38	0	1716	336
11:44:38	0	1715	364
11:44:38	0	1713	375
11:44:38	4	1713	397
11:44:38	3	1714	417
11:44:38	16	1712	400
11:44:38	5	1711	410
11:44:38	25	1711	453
11:44:38	38	1712	464
11:44:38	44	1712	471
11:44:38	48	1708	474
11:44:38	59	1710	486
11:44:38	64	1711	496
11:44:38	57	1708	466
11:44:38	71	1709	502
11:44:38	74	1707	503
11:44:38	80	1711	511
11:44:38	67	1706	485
11:44:38	67	1704	489
11:44:38	85	1703	527
11:44:38	87	1702	528
11:44:38	95	1701	528
11:44:38	91	1702	528
11:44:38	90	1701	536
11:44:38	95	1703	538
11:44:38	81	1696	499
11:44:38	81	1698	496
11:44:38	80	1695	500
11:44:38	95	1695	541
11:44:38	91	1695	535
11:44:38	95	1689	551
11:44:38	97	1698	545
11:44:38	100	1696	570
11:44:38	91	1695	527
11:44:38	91	1692	511
11:44:38	91	1694	528
11:44:38	90	1691	528
11:44:38	92	1689	528
11:44:38	101	1689	542
11:44:38	101	1690	557
11:44:38	112	1693	560
11:44:38	98	1691	530
11:44:38	95	1690	525
11:44:38	97	1687	530
11:44:38	91	1685	528
11:44:38	96	1686	533
11:44:38	103	1681	545
11:44:38	112	1696	550
11:44:38	71	1693	375
11:44:38	68	1690	403
11:44:38	50	1687	378
11:44:38	48	1684	398
11:44:38	48	1686	403
11:44:38	65	1683	448
11:44:38	64	1684	451
11:44:38	65	1683	482
11:44:38	73	1685	475
11:44:38	74	1687	501
11:44:38	60	1680	451
11:44:38	57	1680	461
11:44:38	58	1680	464
11:44:38	77	1681	501
11:44:38	79	1681	499
11:44:38	85	1682	532
11:44:38	85	1682	511
11:44:38	94	1682	537
11:44:38	66	1680	484
11:44:38	69	1680	486
11:44:38	76	1680	523
11:44:38	89	1680	528
11:44:38	86	1680	528
11:44:38	87	1680	550
11:44:38	91	1680	528
11:44:38	103	1681	549
11:44:38	78	1680	491
11:44:38	80	1675	495
11:44:38	75	1675	496
11:44:38	93	1679	528
11:44:38	94	1678	531
11:44:38	105	1680	555
11:44:38	101	1679	535
11:44:38	111	1680	558
11:44:38	81	1675	496
11:44:38	80	1674	494
11:44:38	80	1673	497
11:44:38	80	1670	496
11:44:38	80	1674	534
11:44:38	108	1676	543
11:44:38	97	1676	542
11:44:38	112	1678	511
11:44:38	90	1671	501
11:44:38	91	1672	511
11:44:38	91	1671	506
11:44:38	91	1670	523
11:44:38	96	1669	539
11:44:38	115	1678	564
11:44:38	112	1675	554
11:44:38	120	1679	573
11:44:38	94	1674	511
11:44:38	93	1671	511
11:44:38	91	1671	511
11:44:38	111	1675	555
11:44:38	101	1674	538
11:44:38	109	1676	568
11:44:38	112	1679	553
11:44:38	114	1678	569
11:44:38	0	1687	81
11:44:38	0	1689	133
11:44:38	0	1689	183
11:44:38	0	1687	227
11:44:38	0	1687	237
11:44:38	0	1685	270
11:44:38	0	1683	298
11:44:38	0	1685	351
11:44:38	0	1693	369
11:44:38	4	1684	386
11:44:38	11	1683	401
11:44:38	19	1686	421
11:44:38	15	1681	405
11:44:38	16	1680	412
11:44:38	16	1680	425
11:44:38	21	1679	433
11:44:38	30	1670	443
11:44:38	49	1679	477
11:44:38	62	1680	500
11:44:38	64	1678	495
11:44:38	49	1677	466
11:44:38	53	1675	472
11:44:38	54	1673	474
11:44:38	59	1661	479
11:44:38	61	1669	481
11:44:38	80	1671	511
11:44:38	80	1677	539
11:44:38	95	1674	542
11:44:38	80	1673	509
11:44:38	80	1675	497
11:44:38	80	1671	510
11:44:38	96	1673	549
11:44:38	97	1675	532
11:44:38	97	1676	538
11:44:38	103	1676	546
11:44:38	103	1676	553
11:44:38	102	1677	523
11:44:38	90	1673	511
11:44:38	92	1674	511
11:44:38	107	1675	551
11:44:38	112	1678	544
11:44:38	0	1725	0
11:44:38	0	1721	63
11:44:38	0	1723	150
11:44:38	0	1724	203
11:44:38	0	1719	237
11:44:38	0	1721	297
11:44:38	0	1717	309
11:44:38	0	1719	359
11:44:38	0	1713	329
11:44:38	0	1712	343
11:44:38	0	1713	369
11:44:38	0	1709	387
11:44:38	0	1705	430
11:44:38	19	1712	465
11:44:38	26	1708	459
11:44:38	47	1712	492
11:44:38	25	1696	448
11:44:38	30	1701	453
11:44:38	34	1701	462
11:44:38	39	1699	463
11:44:38	48	1699	496
11:44:38	78	1701	511
11:44:38	71	1698	511
11:44:38	84	1699	496
11:44:38	63	1695	485
11:44:38	64	1691	493
11:44:38	64	1691	494
11:44:38	67	1690	496
11:44:38	81	1689	531
11:44:38	100	1690	528
11:44:38	89	1690	533
11:44:38	98	1686	502
11:44:38	79	1687	502
11:44:38	79	1684	503
11:44:38	91	1686	535
11:44:38	96	1685	540
11:44:38	98	1680	538
11:44:38	103	1685	533
11:44:38	105	1686	542
11:44:38	91	1683	506
11:44:38	89	1685	507
11:44:38	84	1680	506
11:44:38	101	1681	544
11:44:38	103	1686	534
11:44:38	101	1688	537
11:44:38	103	1680	535
11:44:38	107	1683	540
11:44:38	89	1681	510
11:44:38	89	1680	510
11:44:38	82	1680	525
11:44:38	103	1680	542
11:44:38	101	1681	538
11:44:38	103	1680	535
11:44:38	101	1680	545
11:44:38	109	1682	544
11:44:38	90	1680	505
11:44:38	90	1680	506
11:44:38	84	1682	507
11:44:38	101	1678	540
11:44:38	105	1678	537
11:44:38	105	1678	542
11:44:38	104	1685	541
11:44:38	110	1680	556
11:44:38	96	1678	503
11:44:38	86	1676	507
11:44:38	85	1675	506
11:44:38	85	1675	537
11:44:38	91	1677	537
11:44:38	102	1678	558
11:44:38	105	1676	545
11:44:38	109	1680	561
11:44:38	90	1675	507
11:44:38	87	1674	503
11:44:38	83	1673	502
11:44:38	106	1675	541
11:44:38	105	1675	539
11:44:38	107	1676	560
11:44:38	111	1677	542
11:44:38	106	1680	562
11:44:38	81	1673	505
11:44:38	88	1679	498
11:44:38	85	1669	503
11:44:38	109	1672	539
11:44:38	101	1670	541
11:44:38	107	1677	561
11:44:38	107	1675	535
11:44:38	114	1679	560
11:44:38	87	1669	502
11:44:38	84	1671	501
11:44:38	102	1670	535
11:44:38	110	1671	535
11:44:38	104	1672	534
11:44:38	121	1677	544
11:44:38	106	1673	530
11:44:38	116	1679	511
11:44:38	85	1672	506
11:44:38	85	1669	497
11:44:38	84	1673	534
11:44:38	102	1671	531
11:44:38	100	1673	531
11:44:38	113	1671	533
11:44:38	112	1671	528
11:44:38	102	1665	531
11:44:38	105	1673	528
11:44:38	116	1675	529
11:44:38	107	1674	531
11:44:38	105	1675	528
11:44:38	103	1674	530
11:44:38	112	1677	528
11:44:38	106	1677	530
11:44:38	102	1678	528
11:44:38	107	1675	524
11:44:38	105	1678	542
11:44:38	103	1675	529
11:44:38	102	1678	530
11:44:38	101	1678	528
11:44:38	100	1680	530
11:44:38	102	1677	532
11:44:38	102	1678	529
11:44:38	104	1677	528
11:44:38	103	1680	532
11:44:38	102	1679	528
11:44:38	103	1679	528
11:44:38	105	1678	529
11:44:38	101	1679	531
11:44:38	100	1679	528
11:44:38	101	1679	528
11:44:38	100	1680	547
11:44:38	105	1678	530
11:44:38	100	1680	528
11:44:38	102	1680	528
11:44:38	97	1680	551
11:44:38	105	1680	528
11:44:38	100	1678	532
11:44:38	101	1680	529
11:44:38	101	1683	550
11:44:38	106	1680	528
11:44:38	99	1680	527
11:44:38	100	1679	528
11:44:38	105	1680	554
11:44:38	102	1680	528
11:44:38	102	1680	528
11:44:38	100	1680	528
11:44:38	112	1680	557
11:44:38	102	1680	528
11:44:38	100	1680	528
11:44:38	102	1680	529
11:44:38	112	1683	537
11:44:38	103	1680	529
11:44:38	99	1680	528
11:44:38	101	1680	529
11:44:38	115	1681	528
11:44:38	103	1680	528
11:44:38	101	1680	527
11:44:38	102	1680	528
11:44:38	112	1680	528
11:44:38	102	1680	528
11:44:38	101	1680	528
11:44:38	101	1680	528
11:44:38	108	1680	529
11:44:38	103	1680	528
11:44:38	101	1680	528
11:44:38	101	1680	528
11:44:38	102	1680	537
11:44:38	98	1683	528
11:44:38	99	1680	528
11:44:38	99	1681	528
11:44:38	101	1680	538
11:44:38	103	1680	531
11:44:38	87	1680	502
11:44:38	83	1679	499
11:44:38	82	1677	500
11:44:38	82	1675	507
11:44:38	94	1674	534
11:44:38	97	1674	533
11:44:38	97	1679	539
11:44:38	102	1679	560
11:44:38	95	1679	527
11:44:38	95	1676	511
11:44:38	94	1675	527
11:44:38	110	1677	555
11:44:38	106	1677	539
11:44:38	103	1677	536
11:44:38	104	1677	534
11:44:38	112	1679	554
11:44:38	100	1678	528
11:44:38	95	1677	509
11:44:38	95	1675	528
11:44:38	107	1677	555
11:44:38	110	1677	543
11:44:38	0	1706	0
11:44:38	0	1706	77
11:44:38	0	1705	138
11:44:38	0	1707	178
11:44:38	0	1708	231
11:44:39	0	1704	266
11:44:39	0	1703	314
11:44:39	0	1701	293
11:44:39	0	1705	366
11:44:39	0	1700	369
11:44:39	0	1705	411
11:44:39	0	1696	374
11:44:39	0	1698	400
11:44:39	11	1696	432
11:44:39	18	1695	443
11:44:39	26	1695	453
11:44:39	32	1697	481
11:44:39	46	1694	472
11:44:39	52	1697	502
11:44:39	38	1691	451
11:44:39	43	1690	487
11:44:39	64	1693	496
11:44:39	66	1690	501
11:44:39	68	1691	503
11:44:39	73	1693	533
11:44:39	77	1690	507
11:44:39	87	1694	535
11:44:39	64	1686	485
11:44:39	64	1683	484
11:44:39	65	1685	490
11:44:39	64	1682	487
11:44:39	65	1682	527
11:44:39	92	1685	538
11:44:39	83	1681	529
11:44:39	101	1685	509
11:44:39	80	1680	499
11:44:39	75	1680	496
11:44:39	73	1677	496
11:44:39	76	1678	498
11:44:39	79	1678	530
11:44:39	102	1678	533
11:44:39	94	1678	535
11:44:39	111	1677	501
11:44:39	81	1675	510
11:44:39	85	1673	511
11:44:39	97	1677	546
11:44:39	105	1678	537
11:44:39	96	1675	533
11:44:39	115	1678	544
11:44:39	110	1678	543
11:44:39	119	1681	527
11:44:39	94	1677	508
11:44:39	91	1678	511
11:44:39	91	1679	543
11:44:39	112	1678	554
11:44:39	102	1677	535
11:44:39	115	1680	571
11:44:39	112	1680	549
11:44:39	115	1681	572
11:44:39	0	1697	100
11:44:39	0	1694	136
11:44:39	0	1697	208
11:44:39	0	1694	196
11:44:39	0	1684	227
11:44:39	0	1689	290
11:44:39	0	1690	333
11:44:39	0	1687	349
11:44:39	9	1693	402
11:44:39	16	1689	400
11:44:39	23	1695	437
11:44:39	10	1687	394
11:44:39	14	1686	411
11:44:39	17	1682	427
11:44:39	23	1681	435
11:44:39	31	1682	448
11:44:39	44	1683	481
11:44:39	51	1683	502
11:44:39	66	1687	511
11:44:39	55	1687	495
11:44:39	67	1683	496
11:44:39	69	1678	501
11:44:39	50	1687	370
11:44:39	69	1686	401
11:44:39	58	1687	422
11:44:39	73	1686	405
11:44:39	48	1685	417
11:44:39	48	1685	432
11:44:39	48	1683	435
11:44:39	51	1681	453
11:44:39	66	1683	479
11:44:39	80	1688	528
11:44:39	79	1684	499
11:44:39	10	1695	179
11:44:39	9	1695	238
11:44:39	10	1696	275
11:44:39	9	1696	305
11:44:39	11	1697	336
11:44:39	11	1696	358
11:44:39	20	1696	378
11:44:39	19	1696	400
11:44:39	26	1697	419
11:44:39	33	1698	432
11:44:39	54	1697	442
11:44:39	48	1698	451
11:44:39	0	1714	10
11:44:39	0	1715	78
11:44:39	0	1712	140
11:44:39	0	1712	160
11:44:39	0	1707	202
11:44:39	0	1701	237
11:44:39	0	1702	269
11:44:39	0	1699	298
11:44:39	0	1702	352
11:44:39	0	1699	368
11:44:39	0	1698	398
11:44:39	0	1698	384
11:44:39	0	1695	398
11:44:39	0	1696	410
11:44:39	2	1693	426
11:44:39	11	1690	432
11:44:39	31	1691	465
11:44:39	41	1689	474
11:44:39	56	1692	497
11:44:39	51	1689	478
11:44:39	48	1687	475
11:44:39	59	1685	487
11:44:39	57	1685	494
11:44:39	65	1683	497
11:44:39	75	1683	511
11:44:39	97	1683	531
11:44:39	90	1683	530
11:44:39	108	1683	507
11:44:39	80	1681	503
11:44:39	80	1683	510
11:44:39	96	1684	538
11:44:39	102	1685	545
11:44:39	97	1686	532
11:44:39	50	1691	294
11:44:39	48	1695	351
11:44:39	48	1690	353
11:44:39	47	1694	395
11:44:39	32	1685	368
11:44:39	27	1686	374
11:44:39	43	1685	419
11:44:39	48	1687	432
11:44:39	50	1686	443
11:44:39	59	1683	478
11:44:39	60	1684	464
11:44:39	77	1691	507
11:44:39	57	1685	461
11:44:39	56	1681	465
11:44:39	61	1681	474
11:44:39	65	1680	479
11:44:39	64	1680	483
11:44:39	77	1680	528
11:44:39	80	1682	528
11:44:39	87	1685	550
11:44:39	80	1680	500
11:44:39	79	1680	496
11:44:39	80	1680	505
11:44:39	79	1680	507
11:44:39	80	1680	528
11:44:39	90	1680	528
11:44:39	94	1680	542
11:44:39	53	1685	317
11:44:39	48	1686	368
11:44:39	48	1685	368
11:44:39	48	1690	410
11:44:39	31	1681	366
11:44:39	30	1683	387
11:44:39	48	1682	438
11:44:39	57	1683	457
11:44:39	61	1682	463
11:44:39	64	1686	495
11:44:39	73	1686	483
11:44:39	73	1687	510
11:44:39	63	1682	465
11:44:39	57	1681	470
11:44:39	64	1681	475
11:44:39	65	1680	481
11:44:39	69	1680	487
11:44:39	80	1680	505
11:44:39	80	1681	511
11:44:39	93	1681	537
11:44:39	80	1680	502
11:44:39	86	1680	523
11:44:39	86	1681	526
11:44:39	49	1686	323
11:44:39	48	1686	347
11:44:39	59	1686	368
11:44:39	48	1685	390
11:44:39	48	1683	383
11:44:39	35	1682	394
11:44:39	33	1680	403
11:44:39	37	1681	432
11:44:39	41	1680	443
11:44:39	54	1680	476
11:44:39	79	1681	482
11:44:39	72	1681	491
11:44:39	86	1680	473
11:44:39	62	1680	469
11:44:39	63	1680	483
11:44:39	66	1680	478
11:44:39	68	1680	493
11:44:39	67	1677	522
11:44:39	86	1681	541
11:44:39	94	1680	529
11:44:39	103	1683	558
11:44:39	87	1679	511
11:44:39	96	1681	545
11:44:39	59	1681	365
11:44:39	64	1683	391
11:44:39	64	1684	421
11:44:39	51	1684	405
11:44:39	46	1681	415
11:44:39	48	1681	430
11:44:39	48	1680	439
11:44:39	53	1680	448
11:44:39	66	1680	481
11:44:39	83	1680	487
11:44:39	79	1680	495
11:44:39	10	1693	181
11:44:39	9	1694	240
11:44:39	6	1695	278
11:44:39	10	1695	310
11:44:39	0	1692	313
11:44:39	0	1691	327
11:44:39	2	1689	358
11:44:39	4	1687	377
11:44:39	9	1686	396
11:44:39	25	1687	431
11:44:39	48	1687	448
11:44:39	47	1687	461
11:44:39	0	1703	91
11:44:39	0	1703	160
11:44:39	0	1701	202
11:44:39	0	1706	254
11:44:39	0	1701	262
11:44:39	0	1700	291
11:44:39	0	1697	320
11:44:39	0	1695	338
11:44:39	0	1695	365
11:44:39	0	1696	400
11:44:39	28	1700	423
11:44:39	24	1697	434
11:44:39	0	1727	18
11:44:39	0	1725	84
11:44:39	0	1727	144
11:44:39	0	1724	192
11:44:39	0	1724	237
11:44:39	0	1723	271
11:44:39	0	1723	307
11:44:39	0	1723	342
11:44:39	0	1721	368
11:44:39	0	1722	393
11:44:39	0	1722	409
11:44:39	22	1718	423
11:44:39	17	1719	441
11:44:39	29	1717	455
11:44:39	38	1717	461
11:44:39	59	1722	477
11:44:39	53	1718	477
11:44:39	60	1718	495
11:44:39	65	1717	496
11:44:39	78	1719	537
11:44:39	70	1715	511
11:44:39	80	1716	524
11:44:39	80	1715	528
11:44:39	0	1703	128
11:44:39	0	1707	201
11:44:39	0	1705	242
11:44:39	0	1708	285
11:44:39	0	1701	287
11:44:39	0	1698	311
11:44:39	0	1698	336
11:44:39	0	1698	357
11:44:39	13	1699	400
11:44:39	16	1697	432
11:44:39	23	1696	443
11:44:39	33	1696	465
11:44:39	18	1690	422
11:44:39	19	1690	432
11:44:39	27	1687	442
11:44:39	34	1686	450
11:44:39	42	1685	457
11:44:39	57	1693	511
11:44:39	63	1696	496
11:44:39	77	1690	528
11:44:39	55	1686	476
11:44:39	55	1680	474
11:44:39	62	1681	480
11:44:39	63	1680	487
11:44:39	64	1680	511
11:44:39	89	1683	534
11:44:39	89	1680	528
11:44:39	99	1681	506
11:44:39	75	1679	496
11:44:39	77	1677	495
11:44:39	75	1677	496
11:44:39	71	1674	498
11:44:39	75	1677	533
11:44:39	106	1677	530
11:44:39	95	1677	531
11:44:39	109	1675	502
11:44:39	80	1675	497
11:44:39	80	1670	496
11:44:39	79	1673	501
11:44:39	103	1674	534
11:44:39	96	1665	533
11:44:39	97	1671	529
11:44:39	98	1673	531
11:44:39	99	1672	532
11:44:39	100	1673	529
11:44:39	98	1678	534
11:44:39	99	1676	533
11:44:39	102	1669	530
11:44:39	107	1677	532
11:44:39	105	1676	527
11:44:39	103	1678	529
11:44:39	91	1674	497
11:44:39	81	1672	497
11:44:39	80	1673	499
11:44:39	81	1671	499
11:44:39	97	1671	529
11:44:39	97	1671	531
11:44:39	97	1676	539
11:44:39	102	1673	539
11:44:39	92	1671	499
11:44:39	81	1671	502
11:44:39	80	1676	529
11:44:39	102	1680	538
11:44:39	101	1667	531
11:44:39	101	1668	535
11:44:39	101	1674	553
11:44:39	99	1671	528
11:44:39	101	1670	527
11:44:39	100	1673	528
11:44:39	100	1674	528
11:44:39	100	1673	526
11:44:39	98	1671	528
11:44:39	99	1673	528
11:44:39	97	1672	526
11:44:39	96	1671	524
11:44:39	96	1671	527
11:44:39	97	1674	528
11:44:39	97	1671	525
11:44:39	95	1671	528
11:44:39	98	1674	526
11:44:39	96	1671	525
11:44:39	97	1669	511
11:44:39	95	1669	525
11:44:39	98	1673	526
11:44:39	96	1671	524
11:44:39	97	1671	526
11:44:39	96	1673	523
11:44:39	98	1670	524
11:44:39	96	1674	524
11:44:39	97	1669	525
11:44:39	96	1670	524
11:44:39	98	1672	525
11:44:39	96	1671	523
11:44:39	96	1670	525
11:44:39	95	1668	523
11:44:39	95	1670	528
11:44:39	96	1674	523
11:44:39	95	1678	522
11:44:39	99	1669	523
11:44:39	97	1671	524
11:44:39	111	1671	528
11:44:39	100	1671	523
11:44:39	99	1671	525
11:44:39	99	1673	528
11:44:39	103	1673	526
11:44:39	98	1680	529
11:44:39	90	1670	496
11:44:39	87	1669	496
11:44:39	80	1667	523
11:44:39	98	1669	529
11:44:39	97	1669	526
11:44:39	96	1669	528
11:44:39	96	1675	531
11:44:39	105	1671	544
11:44:39	81	1671	496
11:44:39	84	1669	497
11:44:39	82	1666	500
11:44:39	80	1665	496
11:44:39	95	1665	530
11:44:39	97	1667	533
11:44:39	98	1667	531
11:44:39	97	1667	528
11:44:39	101	1670	528
11:44:39	102	1667	528
11:44:39	99	1668	528
11:44:39	99	1667	528
11:44:39	98	1670	528
11:44:39	109	1674	563
11:44:39	114	1675	546
11:44:39	112	1676	563
11:44:39	97	1671	511
11:44:39	85	1669	511
11:44:39	91	1669	511
11:44:39	88	1669	511
11:44:39	105	1671	546
11:44:39	108	1674	549
11:44:39	108	1671	557
11:44:39	112	1674	553
11:44:39	97	1673	524
11:44:39	91	1671	509
11:44:39	94	1671	524
11:44:39	106	1674	554
11:44:39	112	1675	539
11:44:39	0	1711	11
11:44:39	0	1712	96
11:44:39	0	1708	103
11:44:39	0	1709	201
11:44:39	0	1706	225
11:44:39	0	1712	283
11:44:39	0	1702	265
11:44:39	0	1705	341
11:44:39	0	1703	348
11:44:39	0	1707	391
11:44:39	0	1701	353
11:44:39	0	1697	368
11:44:39	0	1695	419
11:44:39	10	1696	432
11:44:39	16	1695	437
11:44:39	36	1698	470
11:44:39	36	1695	464
11:44:39	51	1697	464
11:44:39	32	1687	446
11:44:39	62	1698	493
11:44:39	60	1694	495
11:44:39	75	1694	484
11:44:39	50	1690	466
11:44:39	64	1689	496
11:44:39	72	1689	499
11:44:39	77	1691	505
11:44:39	76	1686	503
11:44:39	91	1691	511
11:44:39	80	1690	511
11:44:39	97	1689	496
11:44:39	72	1684	487
11:44:39	70	1681	493
11:44:39	65	1683	490
11:44:39	66	1679	496
11:44:39	81	1680	532
11:44:39	98	1681	528
11:44:39	90	1680	542
11:44:39	106	1680	503
11:44:39	81	1680	496
11:44:39	78	1675	497
11:44:39	80	1675	498
11:44:39	77	1677	499
11:44:39	90	1680	533
11:44:39	99	1677	531
11:44:39	97	1678	538
11:44:39	87	1675	499
11:44:39	80	1679	499
11:44:39	79	1671	500
11:44:39	98	1675	537
11:44:39	96	1664	530
11:44:39	97	1673	529
11:44:39	96	1673	539
11:44:39	100	1674	534
11:44:39	82	1672	499
11:44:39	81	1669	497
11:44:39	80	1669	498
11:44:39	80	1666	511
11:44:39	99	1670	531
11:44:39	96	1667	531
11:44:39	101	1669	535
11:44:39	98	1671	537
11:44:39	80	1669	502
11:44:39	80	1669	499
11:44:39	85	1667	511
11:44:39	105	1670	551
11:44:39	101	1669	532
11:44:39	99	1669	542
11:44:39	108	1674	559
11:44:39	108	1670	549
11:44:39	98	1674	524
11:44:39	93	1671	509
11:44:39	92	1669	511
11:44:39	103	1674	551
11:44:39	111	1675	538
11:44:39	103	1674	530
11:44:39	125	1675	544
11:44:39	110	1678	549
11:44:39	127	1676	511
11:44:39	21	1681	161
11:44:39	10	1680	205
11:44:39	17	1683	249
11:44:39	5	1685	283
11:44:39	16	1680	280
11:44:39	0	1680	304
11:44:39	0	1680	353
11:44:39	16	1680	375
11:44:39	16	1680	390
11:44:39	20	1680	405
11:44:39	39	1680	421
11:44:39	35	1680	442
11:44:39	35	1680	417
11:44:39	29	1677	427
11:44:39	27	1678	432
11:44:40	32	1677	469
11:44:40	54	1679	474
11:44:40	57	1676	481
11:44:40	64	1677	483
11:44:40	66	1678	495
11:44:40	55	1677	470
11:44:40	63	1675	477
11:44:40	64	1674	486
11:44:40	65	1673	496
11:44:40	70	1673	497
11:44:40	80	1673	528
11:44:40	92	1675	511
11:44:40	86	1677	538
11:44:40	109	1675	507
11:44:40	79	1674	506
11:44:40	81	1674	509
11:44:40	81	1669	507
11:44:40	83	1669	511
11:44:40	86	1671	535
11:44:40	106	1665	541
11:44:40	107	1673	543
11:44:40	114	1678	560
11:44:40	42	1681	272
11:44:40	37	1680	286
11:44:40	41	1685	336
11:44:40	16	1680	307
11:44:40	13	1678	331
11:44:40	14	1677	379
11:44:40	32	1677	398
11:44:40	31	1677	407
11:44:40	47	1680	441
11:44:40	43	1679	435
11:44:40	58	1680	444
11:44:40	37	1677	426
11:44:40	35	1674	434
11:44:40	39	1674	438
11:44:40	44	1663	447
11:44:40	43	1669	480
11:44:40	76	1673	495
11:44:40	74	1673	496
11:44:40	89	1676	495
11:44:40	64	1671	476
11:44:40	66	1671	490
11:44:40	71	1670	489
11:44:40	71	1668	496
11:44:40	81	1671	511
11:44:40	80	1673	557
11:44:40	96	1671	539
11:44:40	98	1677	560
11:44:40	85	1671	499
11:44:40	80	1668	503
11:44:40	81	1673	542
11:44:40	100	1673	545
11:44:40	93	1671	528
11:44:40	48	1680	278
11:44:40	39	1682	334
11:44:40	42	1680	336
11:44:40	35	1680	354
11:44:40	25	1680	375
11:44:40	37	1683	415
11:44:40	41	1680	407
11:44:40	45	1681	417
11:44:40	48	1680	433
11:44:40	55	1683	466
11:44:40	54	1680	452
11:44:40	55	1680	465
11:44:40	65	1681	478
11:44:40	67	1683	511
11:44:40	69	1683	493
11:44:40	78	1682	497
11:44:40	79	1683	497
11:44:40	80	1685	533
11:44:40	81	1683	510
11:44:40	85	1687	511
11:44:40	86	1684	523
11:44:40	89	1685	528
11:44:40	90	1686	522
11:44:40	94	1686	530
11:44:40	96	1685	531
11:44:40	98	1686	531
11:44:40	99	1687	528
11:44:40	102	1685	540
11:44:40	0	1694	60
11:44:40	0	1693	117
11:44:40	0	1693	170
11:44:40	0	1692	211
11:44:40	0	1690	251
11:44:40	0	1690	283
11:44:40	0	1688	309
11:44:40	0	1690	350
11:44:40	13	1687	371
11:44:40	6	1691	394
11:44:40	14	1691	408
11:44:40	26	1691	423
11:44:40	25	1690	435
11:44:40	33	1691	449
11:44:40	41	1693	461
11:44:40	48	1690	467
11:44:40	52	1692	478
11:44:40	55	1691	483
11:44:40	64	1689	492
11:44:40	67	1690	496
11:44:40	69	1690	501
11:44:40	75	1693	507
11:44:40	80	1690	511
11:44:40	0	1712	4
11:44:40	0	1711	71
11:44:40	0	1710	132
11:44:40	0	1712	189
11:44:40	0	1710	223
11:44:40	0	1707	258
11:44:40	0	1709	290
11:44:40	0	1706	321
11:44:40	0	1706	343
11:44:40	0	1705	366
11:44:40	0	1699	384
11:44:40	16	1703	409
11:44:40	5	1702	431
11:44:40	17	1706	442
11:44:40	28	1701	451
11:44:40	48	1708	460
11:44:40	46	1702	473
11:44:40	48	1705	483
11:44:40	57	1706	478
11:44:40	64	1704	496
11:44:40	67	1705	497
11:44:40	71	1703	511
11:44:40	78	1703	511
11:44:40	79	1705	547
11:44:40	80	1705	527
11:44:40	85	1702	528
11:44:40	90	1703	534
11:44:40	0	1702	110
11:44:40	0	1703	159
11:44:40	0	1700	208
11:44:40	0	1699	243
11:44:40	0	1699	274
11:44:40	0	1697	304
11:44:40	0	1697	332
11:44:40	0	1697	356
11:44:40	1	1694	373
11:44:40	7	1694	393
11:44:40	15	1693	405
11:44:40	19	1691	422
11:44:40	32	1694	436
11:44:40	38	1694	455
11:44:40	47	1693	465
11:44:40	51	1695	476
11:44:40	61	1691	483
11:44:40	64	1692	493
11:44:40	66	1693	496
11:44:40	71	1694	501
11:44:40	76	1693	507
11:44:40	80	1693	511
11:44:40	80	1691	511
11:44:40	83	1693	528
11:44:40	86	1694	528
11:44:40	90	1694	528
11:44:40	91	1693	531
11:44:40	93	1694	534
11:44:40	96	1691	534
11:44:40	0	1734	6
11:44:40	0	1734	67
11:44:40	0	1734	165
11:44:40	0	1730	210
11:44:40	0	1730	246
11:44:40	0	1731	306
11:44:40	0	1729	318
11:44:40	0	1731	368
11:44:40	0	1723	336
11:44:40	0	1726	355
11:44:40	0	1717	381
11:44:40	0	1717	395
11:44:40	0	1715	436
11:44:40	26	1717	471
11:44:40	25	1714	463
11:44:40	48	1718	492
11:44:40	30	1712	449
11:44:40	33	1709	454
11:44:40	38	1709	465
11:44:40	44	1708	468
11:44:40	48	1703	502
11:44:40	77	1711	528
11:44:40	72	1706	511
11:44:40	86	1711	505
11:44:40	64	1702	494
11:44:40	64	1697	495
11:44:40	65	1697	495
11:44:40	80	1699	530
11:44:40	85	1699	531
11:44:40	101	1702	539
11:44:40	94	1698	535
11:44:40	105	1701	507
11:44:40	81	1696	501
11:44:40	80	1694	501
11:44:40	97	1697	537
11:44:40	99	1698	540
11:44:40	97	1697	541
11:44:40	114	1698	537
11:44:40	102	1697	541
11:44:40	99	1694	505
11:44:40	85	1694	506
11:44:40	81	1691	506
11:44:40	84	1687	547
11:44:40	101	1692	541
11:44:40	101	1691	539
11:44:40	104	1695	543
11:44:40	108	1694	547
11:44:40	94	1690	511
11:44:40	86	1689	511
11:44:40	87	1687	509
11:44:40	103	1691	552
11:44:40	110	1680	542
11:44:40	102	1689	541
11:44:40	106	1689	549
11:44:40	111	1690	545
11:44:40	95	1690	511
11:44:40	91	1685	511
11:44:40	87	1685	511
11:44:40	109	1689	546
11:44:40	111	1685	542
11:44:40	106	1689	541
11:44:40	105	1687	544
11:44:40	110	1680	541
11:44:40	107	1686	540
11:44:40	107	1689	542
11:44:40	109	1691	544
11:44:40	106	1687	537
11:44:40	108	1690	537
11:44:40	109	1687	538
11:44:40	112	1691	542
11:44:40	106	1689	538
11:44:40	109	1687	534
11:44:40	107	1693	559
11:44:40	110	1690	534
11:44:40	109	1689	533
11:44:40	113	1693	533
11:44:40	106	1691	558
11:44:40	110	1688	535
11:44:40	107	1691	531
11:44:40	105	1689	535
11:44:40	110	1694	560
11:44:40	106	1693	535
11:44:40	107	1690	533
11:44:40	105	1693	530
11:44:40	113	1694	560
11:44:40	103	1694	534
11:44:40	105	1691	529
11:44:40	105	1693	534
11:44:40	115	1694	544
11:44:40	106	1692	535
11:44:40	105	1693	533
11:44:40	103	1690	534
11:44:40	115	1695	541
11:44:40	105	1691	534
11:44:40	105	1693	530
11:44:40	107	1691	529
11:44:40	114	1692	530
11:44:40	107	1691	532
11:44:40	105	1691	530
11:44:40	111	1691	531
11:44:40	112	1691	530
11:44:40	107	1693	533
11:44:40	105	1691	531
11:44:40	105	1691	535
11:44:40	107	1693	545
11:44:40	107	1694	541
11:44:40	106	1691	534
11:44:40	111	1690	533
11:44:40	107	1695	539
11:44:40	107	1693	534
11:44:40	107	1693	541
11:44:40	107	1693	534
11:44:40	105	1694	544
11:44:40	110	1693	534
11:44:40	106	1693	533
11:44:40	106	1693	553
11:44:40	112	1693	535
11:44:40	109	1693	534
11:44:40	107	1692	535
11:44:40	108	1693	560
11:44:40	111	1694	537
11:44:40	106	1693	533
11:44:40	112	1692	533
11:44:40	109	1695	560
11:44:40	111	1693	533
11:44:40	108	1691	537
11:44:40	106	1691	537
11:44:40	112	1695	560
11:44:40	112	1693	543
11:44:40	118	1695	560
11:44:40	98	1687	506
11:44:40	92	1685	501
11:44:40	105	1689	544
11:44:40	109	1693	545
11:44:40	108	1687	535
11:44:40	123	1690	541
11:44:40	110	1690	537
11:44:40	118	1690	510
11:44:40	91	1686	503
11:44:40	81	1683	503
11:44:40	87	1683	507
11:44:40	89	1680	509
11:44:40	102	1682	540
11:44:40	108	1680	544
11:44:40	109	1683	541
11:44:40	97	1682	511
11:44:40	86	1680	508
11:44:40	104	1682	546
11:44:40	106	1681	543
11:44:40	106	1685	539
11:44:40	105	1680	538
11:44:40	105	1681	537
11:44:40	109	1682	538
11:44:40	91	1681	511
11:44:40	90	1680	505
11:44:40	87	1680	507
11:44:40	86	1680	543
11:44:40	105	1680	541
11:44:40	108	1680	539
11:44:40	103	1680	550
11:44:40	108	1685	545
11:44:40	97	1679	511
11:44:40	91	1679	508
11:44:40	103	1679	540
11:44:40	109	1680	542
11:44:40	109	1680	539
11:44:40	107	1680	538
11:44:40	107	1680	543
11:44:40	109	1680	559
11:44:40	90	1680	526
11:44:40	96	1680	524
11:44:40	97	1680	546
11:44:40	113	1680	560
11:44:40	110	1681	543
11:44:40	109	1680	542
11:44:40	109	1681	550
11:44:40	112	1681	544
11:44:40	94	1681	505
11:44:40	91	1680	507
11:44:40	87	1680	541
11:44:40	109	1680	545
11:44:40	103	1680	538
11:44:40	112	1681	550
11:44:40	108	1681	548
11:44:40	109	1680	560
11:44:40	91	1680	502
11:44:40	95	1680	505
11:44:40	90	1680	540
11:44:40	107	1680	543
11:44:40	106	1680	537
11:44:40	107	1680	557
11:44:40	106	1680	540
11:44:40	107	1681	560
11:44:40	95	1679	503
11:44:40	90	1677	506
11:44:40	101	1680	541
11:44:40	106	1679	541
11:44:40	103	1679	535
11:44:40	106	1680	560
11:44:40	112	1683	546
11:44:40	114	1684	574
11:44:40	103	1680	525
11:44:40	95	1680	526
11:44:40	113	1681	560
11:44:40	113	1681	560
11:44:40	111	1680	541
11:44:40	111	1686	539
11:44:40	111	1683	548
11:44:40	117	1683	566
11:44:40	103	1683	526
11:44:40	102	1680	509
11:44:40	115	1685	559
11:44:40	115	1685	560
11:44:40	0	1712	15
11:44:40	0	1712	83
11:44:40	0	1709	110
11:44:40	0	1705	150
11:44:40	0	1705	224
11:44:40	0	1705	266
11:44:40	0	1703	291
11:44:40	0	1703	337
11:44:40	0	1706	349
11:44:40	0	1706	391
11:44:40	0	1701	360
11:44:40	0	1698	371
11:44:40	0	1695	390
11:44:40	0	1695	402
11:44:40	2	1691	414
11:44:40	19	1694	478
11:44:40	34	1692	467
11:44:40	45	1695	496
11:44:40	32	1695	449
11:44:40	35	1685	454
11:44:40	42	1685	461
11:44:40	61	1686	503
11:44:40	64	1685	500
11:44:40	77	1691	529
11:44:40	73	1686	503
11:44:40	82	1692	535
11:44:40	64	1690	480
11:44:40	64	1683	484
11:44:40	64	1681	511
11:44:40	80	1686	523
11:44:40	80	1685	511
11:44:40	96	1687	528
11:44:40	92	1684	528
11:44:40	109	1693	499
11:44:40	74	1683	488
11:44:40	86	1681	528
11:44:40	89	1683	528
11:44:40	94	1683	529
11:44:40	94	1681	528
11:44:40	109	1683	527
11:44:40	96	1683	528
11:44:40	108	1681	496
11:44:40	80	1680	495
11:44:40	79	1680	496
11:44:40	81	1680	496
11:44:40	80	1678	496
11:44:40	94	1679	534
11:44:40	105	1679	528
11:44:40	99	1681	547
11:44:40	112	1680	511
11:44:40	87	1679	511
11:44:40	92	1679	511
11:44:40	89	1677	511
11:44:40	91	1677	527
11:44:40	98	1677	535
11:44:40	113	1681	545
11:44:40	111	1679	543
11:44:40	122	1684	549
11:44:40	98	1680	507
11:44:40	94	1679	524
11:44:40	94	1679	511
11:44:40	111	1680	555
11:44:40	43	1690	219
11:44:40	32	1687	253
11:44:40	39	1690	286
11:44:40	28	1687	320
11:44:40	29	1687	316
11:44:40	14	1686	336
11:44:40	14	1683	355
11:44:40	29	1684	402
11:44:40	35	1685	419
11:44:40	37	1683	422
11:44:40	48	1687	439
11:44:40	49	1683	458
11:44:40	45	1683	433
11:44:40	45	1682	442
11:44:40	41	1680	449
11:44:40	60	1681	486
11:44:40	65	1682	486
11:44:40	65	1681	491
11:44:40	67	1686	499
11:44:40	73	1683	498
11:44:40	74	1680	499
11:44:40	79	1681	503
11:44:40	80	1683	511
11:44:40	81	1694	511
11:44:40	80	1682	511
11:44:40	82	1687	511
11:44:40	84	1683	527
11:44:40	88	1682	524
11:44:40	89	1683	526
11:44:40	93	1681	524
11:44:40	90	1686	529
11:44:40	97	1685	540
11:44:40	102	1685	541
11:44:40	102	1686	544
11:44:40	101	1690	537
11:44:40	102	1687	544
11:44:40	106	1689	546
11:44:40	107	1689	547
11:44:40	108	1687	542
11:44:40	108	1690	547
11:44:40	112	1692	548
11:44:40	107	1691	549
11:44:40	125	1693	545
11:44:40	112	1694	548
11:44:40	112	1695	551
11:44:40	112	1694	545
11:44:40	0	1706	0
11:44:40	0	1712	96
11:44:40	0	1710	140
11:44:40	0	1712	207
11:44:40	0	1707	198
11:44:40	0	1703	236
11:44:40	0	1699	266
11:44:40	0	1702	326
11:44:40	0	1699	345
11:44:40	0	1705	391
11:44:40	0	1701	391
11:44:40	7	1704	431
11:44:40	0	1698	390
11:44:40	0	1693	398
11:44:40	6	1694	416
11:44:40	22	1695	454
11:44:40	30	1695	464
11:44:40	48	1698	495
11:44:40	48	1694	483
11:44:40	65	1697	485
11:44:40	45	1693	458
11:44:40	48	1684	464
11:44:40	64	1690	499
11:44:40	69	1690	506
11:44:40	72	1691	503
11:44:40	87	1693	511
11:44:40	80	1690	511
11:44:40	92	1691	491
11:44:40	66	1686	489
11:44:40	70	1686	491
11:44:40	84	1686	528
11:44:40	85	1687	528
11:44:40	89	1689	528
11:44:40	102	1686	534
11:44:40	96	1690	542
11:44:40	112	1690	509
11:44:40	87	1683	509
11:44:40	87	1685	511
11:44:40	90	1682	507
11:44:40	90	1683	511
11:44:40	90	1682	544
11:44:40	109	1684	561
11:44:40	111	1686	549
11:44:40	116	1691	576
11:44:40	95	1683	523
11:44:40	93	1684	524
11:44:40	94	1681	525
11:44:40	92	1680	523
11:44:40	0	1705	48
11:44:40	0	1706	133
11:44:40	0	1706	167
11:44:40	0	1709	231
11:44:40	0	1700	226
11:44:40	0	1699	250
11:44:40	0	1699	308
11:44:40	0	1702	339
11:44:40	0	1697	359
11:44:40	2	1701	401
11:44:40	9	1698	402
11:44:40	27	1703	448
11:44:40	14	1697	411
11:44:40	14	1695	425
11:44:40	39	1697	464
11:44:40	48	1698	476
11:44:40	50	1697	474
11:44:40	58	1699	507
11:44:40	66	1698	499
11:44:40	73	1700	511
11:44:40	61	1699	481
11:44:40	61	1695	482
11:44:40	65	1694	491
11:44:40	69	1692	496
11:44:40	69	1694	497
11:44:40	81	1690	511
11:44:40	80	1694	525
11:44:40	13	1701	179
11:44:40	20	1705	262
11:44:40	15	1701	272
11:44:40	18	1703	334
11:44:40	1	1701	305
11:44:41	0	1699	333
11:44:41	17	1699	384
11:44:41	23	1699	401
11:44:41	29	1699	417
11:44:41	34	1699	449
11:44:41	43	1702	453
11:44:41	0	1731	0
11:44:41	0	1725	64
11:44:41	0	1728	122
11:44:41	0	1722	166
11:44:41	0	1722	242
11:44:41	0	1728	275
11:44:41	0	1721	313
11:44:41	0	1719	343
11:44:41	0	1718	359
11:44:41	0	1718	372
11:44:41	0	1715	400
11:44:41	4	1717	417
11:44:41	11	1716	430
11:44:41	16	1714	438
11:44:41	27	1713	450
11:44:41	34	1712	464
11:44:41	43	1712	470
11:44:41	48	1712	478
11:44:41	55	1711	484
11:44:41	59	1712	493
11:44:41	65	1712	496
11:44:41	68	1711	498
11:44:41	71	1702	501
11:44:41	75	1709	510
11:44:41	80	1709	511
11:44:41	80	1708	511
11:44:41	84	1707	511
11:44:41	85	1706	525
11:44:41	85	1706	527
11:44:41	89	1702	511
11:44:41	90	1705	531
11:44:41	96	1703	529
11:44:41	96	1702	531
11:44:41	101	1703	544
11:44:41	103	1702	547
11:44:41	110	1703	549
11:44:41	109	1703	550
11:44:41	110	1705	551
11:44:41	112	1705	553
11:44:41	113	1702	554
11:44:41	112	1707	548
11:44:41	114	1703	557
11:44:41	115	1702	555
11:44:41	115	1705	555
11:44:41	114	1703	553
11:44:41	129	1707	566
11:44:41	125	1706	558
11:44:41	132	1710	582
11:44:41	110	1705	527
11:44:41	44	1695	270
11:44:41	49	1697	326
11:44:41	48	1697	354
11:44:41	48	1698	378
11:44:41	35	1696	368
11:44:41	34	1693	384
11:44:41	31	1693	398
11:44:41	34	1690	411
11:44:41	36	1686	426
11:44:41	51	1688	458
11:44:41	60	1685	479
11:44:41	64	1689	483
11:44:41	55	1686	457
11:44:41	54	1685	461
11:44:41	71	1686	498
11:44:41	76	1687	501
11:44:41	77	1689	501
11:44:41	80	1686	523
11:44:41	80	1690	511
11:44:41	81	1688	540
11:44:41	70	1684	485
11:44:41	73	1685	484
11:44:41	83	1687	525
11:44:41	90	1685	526
11:44:41	90	1687	525
11:44:41	93	1687	545
11:44:41	92	1687	533
11:44:41	98	1691	550
11:44:41	85	1685	498
11:44:41	80	1685	496
11:44:41	97	1683	536
11:44:41	99	1687	538
11:44:41	97	1686	528
11:44:41	97	1689	553
11:44:41	106	1695	535
11:44:41	106	1690	560
11:44:41	92	1682	499
11:44:41	85	1682	503
11:44:41	99	1684	540
11:44:41	101	1686	542
11:44:41	102	1683	535
11:44:41	102	1687	561
11:44:41	107	1686	534
11:44:41	109	1691	559
11:44:41	87	1683	499
11:44:41	81	1682	499
11:44:41	102	1683	542
11:44:41	99	1685	537
11:44:41	102	1683	537
11:44:41	110	1687	560
11:44:41	108	1687	541
11:44:41	112	1687	560
11:44:41	89	1683	503
11:44:41	86	1680	496
11:44:41	103	1682	541
11:44:41	103	1681	538
11:44:41	102	1683	533
11:44:41	112	1687	547
11:44:41	107	1683	541
11:44:41	113	1687	526
11:44:41	89	1683	503
11:44:41	86	1680	511
11:44:41	101	1683	539
11:44:41	103	1683	540
11:44:41	102	1682	532
11:44:41	112	1685	534
11:44:41	107	1681	538
11:44:41	112	1683	502
11:44:41	87	1685	498
11:44:41	85	1680	499
11:44:41	81	1680	502
11:44:41	82	1680	503
11:44:41	97	1680	537
11:44:41	109	1680	537
11:44:41	105	1681	545
11:44:41	97	1678	507
11:44:41	84	1680	505
11:44:41	83	1677	505
11:44:41	84	1675	503
11:44:41	82	1670	509
11:44:41	99	1675	539
11:44:41	104	1675	539
11:44:41	103	1675	544
11:44:41	91	1676	509
11:44:41	84	1675	510
11:44:41	86	1674	507
11:44:41	84	1671	510
11:44:41	83	1669	506
11:44:41	96	1670	540
11:44:41	100	1674	546
11:44:41	106	1674	559
11:44:41	87	1671	506
11:44:41	85	1671	503
11:44:41	85	1670	506
11:44:41	82	1667	503
11:44:41	97	1670	534
11:44:41	99	1673	559
11:44:41	112	1675	547
11:44:41	110	1677	560
11:44:41	90	1670	501
11:44:41	85	1668	499
11:44:41	86	1667	511
11:44:41	104	1671	541
11:44:41	104	1671	533
11:44:41	103	1675	559
11:44:41	106	1671	538
11:44:41	113	1678	559
11:44:41	93	1671	501
11:44:41	89	1670	497
11:44:41	85	1667	533
11:44:41	101	1673	529
11:44:41	101	1670	531
11:44:41	112	1677	555
11:44:41	109	1674	535
11:44:41	112	1678	554
11:44:41	91	1670	498
11:44:41	88	1671	530
11:44:41	102	1673	528
11:44:41	102	1673	531
11:44:41	101	1674	530
11:44:41	113	1677	541
11:44:41	108	1675	534
11:44:41	114	1679	511
11:44:41	85	1673	495
11:44:41	82	1669	496
11:44:41	83	1676	497
11:44:41	99	1674	534
11:44:41	99	1674	528
11:44:41	112	1674	528
11:44:41	98	1673	531
11:44:41	106	1675	528
11:44:41	99	1676	529
11:44:41	111	1675	526
11:44:41	102	1675	529
11:44:41	102	1677	528
11:44:41	100	1677	528
11:44:41	106	1677	528
11:44:41	99	1675	528
11:44:41	103	1679	528
11:44:41	101	1676	528
11:44:41	105	1677	537
11:44:41	108	1680	542
11:44:41	109	1680	543
11:44:41	110	1680	545
11:44:41	123	1680	542
11:44:41	109	1680	545
11:44:41	112	1682	546
11:44:41	110	1683	544
11:44:41	125	1683	541
11:44:41	112	1682	544
11:44:41	113	1685	546
11:44:41	112	1682	538
11:44:41	123	1691	560
11:44:41	116	1686	539
11:44:41	127	1693	574
11:44:41	103	1685	511
11:44:41	96	1682	511
11:44:41	0	1737	32
11:44:41	0	1738	117
11:44:41	0	1736	155
11:44:41	0	1735	227
11:44:41	0	1726	215
11:44:41	0	1731	275
11:44:41	0	1728	314
11:44:41	0	1727	336
11:44:41	0	1727	365
11:44:41	0	1729	390
11:44:41	0	1728	403
11:44:41	18	1727	403
11:44:41	0	1723	402
11:44:41	6	1718	416
11:44:41	16	1715	427
11:44:41	18	1713	435
11:44:41	27	1713	477
11:44:41	54	1715	482
11:44:41	57	1712	491
11:44:41	64	1712	469
11:44:41	50	1711	477
11:44:41	54	1707	477
11:44:41	55	1708	485
11:44:41	64	1707	485
11:44:41	74	1703	511
11:44:41	80	1704	523
11:44:41	83	1703	532
11:44:41	75	1694	499
11:44:41	74	1699	501
11:44:41	73	1693	528
11:44:41	90	1699	539
11:44:41	93	1698	532
11:44:41	90	1698	534
11:44:41	93	1702	548
11:44:41	98	1699	539
11:44:41	82	1695	508
11:44:41	82	1695	509
11:44:41	91	1697	544
11:44:41	99	1695	541
11:44:41	105	1695	535
11:44:41	100	1694	545
11:44:41	106	1696	549
11:44:41	107	1697	560
11:44:41	95	1695	507
11:44:41	86	1692	510
11:44:41	86	1690	507
11:44:41	102	1691	542
11:44:41	102	1691	540
11:44:41	106	1693	561
11:44:41	103	1692	544
11:44:41	106	1694	562
11:44:41	91	1687	505
11:44:41	96	1686	507
11:44:41	83	1685	508
11:44:41	101	1687	544
11:44:41	102	1689	541
11:44:41	103	1691	568
11:44:41	110	1693	549
11:44:41	109	1681	565
11:44:41	92	1685	503
11:44:41	87	1683	503
11:44:41	101	1683	544
11:44:41	106	1691	544
11:44:41	103	1684	543
11:44:41	110	1687	563
11:44:41	106	1686	542
11:44:41	112	1691	561
11:44:41	89	1683	503
11:44:41	90	1682	504
11:44:41	101	1682	540
11:44:41	103	1683	538
11:44:41	103	1684	530
11:44:41	113	1687	556
11:44:41	110	1686	543
11:44:41	117	1689	528
11:44:41	91	1682	501
11:44:41	87	1682	497
11:44:41	85	1680	501
11:44:41	101	1681	541
11:44:41	101	1673	533
11:44:41	112	1685	544
11:44:41	105	1683	541
11:44:41	113	1681	511
11:44:41	91	1681	507
11:44:41	94	1679	501
11:44:41	86	1680	502
11:44:41	97	1680	539
11:44:41	101	1680	539
11:44:41	113	1696	538
11:44:41	107	1682	543
11:44:41	112	1680	505
11:44:41	87	1679	501
11:44:41	83	1678	503
11:44:41	101	1680	541
11:44:41	105	1680	534
11:44:41	102	1680	535
11:44:41	106	1680	538
11:44:41	108	1680	538
11:44:41	93	1680	505
11:44:41	87	1679	505
11:44:41	83	1677	501
11:44:41	99	1680	539
11:44:41	102	1680	534
11:44:41	102	1682	535
11:44:41	101	1680	532
11:44:41	103	1680	541
11:44:41	91	1679	507
11:44:41	85	1675	503
11:44:41	82	1677	535
11:44:41	98	1680	542
11:44:41	109	1680	535
11:44:41	100	1680	538
11:44:41	101	1679	540
11:44:41	103	1680	545
11:44:41	87	1680	506
11:44:41	86	1678	507
11:44:41	82	1675	507
11:44:41	98	1666	540
11:44:41	100	1679	534
11:44:41	100	1680	557
11:44:41	101	1680	541
11:44:41	106	1680	560
11:44:41	94	1679	506
11:44:41	86	1675	499
11:44:41	82	1675	499
11:44:41	79	1671	503
11:44:41	98	1674	537
11:44:41	109	1680	560
11:44:41	110	1677	541
11:44:41	107	1680	560
11:44:41	89	1680	503
11:44:41	86	1677	504
11:44:41	87	1674	529
11:44:41	103	1676	541
11:44:41	99	1677	539
11:44:41	108	1679	558
11:44:41	109	1679	544
11:44:41	112	1680	558
11:44:41	91	1674	500
11:44:41	95	1676	506
11:44:41	80	1678	531
11:44:41	102	1677	538
11:44:41	97	1676	529
11:44:41	112	1679	539
11:44:41	102	1677	531
11:44:41	113	1679	511
11:44:41	90	1675	498
11:44:41	83	1676	497
11:44:41	97	1674	530
11:44:41	98	1675	535
11:44:41	99	1676	532
11:44:41	112	1679	534
11:44:41	107	1677	538
11:44:41	113	1679	506
11:44:41	85	1674	501
11:44:41	86	1671	498
11:44:41	104	1675	538
11:44:41	106	1676	541
11:44:41	106	1679	531
11:44:41	110	1678	533
11:44:41	109	1682	540
11:44:41	101	1675	500
11:44:41	95	1676	499
11:44:41	88	1674	496
11:44:41	85	1675	506
11:44:41	99	1667	534
11:44:41	99	1671	528
11:44:41	99	1674	530
11:44:41	105	1677	538
11:44:41	91	1673	506
11:44:41	87	1675	499
11:44:41	87	1673	508
11:44:41	106	1674	539
11:44:41	106	1675	531
11:44:41	103	1675	534
11:44:41	106	1675	539
11:44:41	103	1676	550
11:44:41	90	1671	502
11:44:41	90	1674	503
11:44:41	88	1673	503
11:44:41	103	1675	540
11:44:41	102	1673	533
11:44:41	101	1673	554
11:44:41	101	1679	534
11:44:41	105	1677	557
11:44:41	90	1671	497
11:44:41	87	1673	497
11:44:41	81	1669	497
11:44:41	99	1674	538
11:44:41	101	1674	533
11:44:41	101	1676	560
11:44:41	107	1677	535
11:44:41	107	1676	555
11:44:41	87	1670	499
11:44:41	86	1670	497
11:44:41	99	1670	534
11:44:41	103	1670	534
11:44:41	99	1679	530
11:44:41	103	1677	558
11:44:41	101	1675	534
11:44:41	111	1680	557
11:44:41	91	1674	496
11:44:41	81	1670	496
11:44:41	83	1669	498
11:44:41	96	1671	535
11:44:41	96	1672	529
11:44:41	108	1675	555
11:44:41	103	1674	538
11:44:41	112	1678	558
11:44:41	88	1671	498
11:44:41	83	1670	498
11:44:41	82	1669	501
11:44:41	94	1673	533
11:44:41	101	1671	528
11:44:41	109	1674	543
11:44:41	102	1671	537
11:44:41	112	1678	511
11:44:41	83	1670	496
11:44:41	80	1667	496
11:44:41	80	1670	531
11:44:41	97	1661	533
11:44:41	96	1671	528
11:44:41	112	1677	535
11:44:41	98	1675	527
11:44:41	112	1671	502
11:44:41	82	1670	496
11:44:41	81	1667	497
11:44:41	92	1667	528
11:44:41	95	1669	530
11:44:41	101	1670	532
11:44:41	111	1671	528
11:44:41	101	1669	532
11:44:41	112	1671	498
11:44:41	82	1669	495
11:44:41	80	1668	496
11:44:41	96	1669	535
11:44:41	97	1667	531
11:44:41	95	1673	528
11:44:41	103	1672	530
11:44:41	99	1674	537
11:44:41	94	1667	496
11:44:41	80	1670	496
11:44:41	80	1666	496
11:44:41	80	1664	501
11:44:41	97	1669	528
11:44:41	97	1669	528
11:44:41	96	1666	534
11:44:41	99	1669	528
11:44:41	97	1669	528
11:44:41	98	1670	528
11:44:41	98	1673	532
11:44:41	97	1673	529
11:44:41	101	1674	528
11:44:41	103	1674	528
11:44:41	100	1673	533
11:44:41	101	1674	528
11:44:41	100	1674	527
11:44:41	89	1675	527
11:44:41	105	1675	528
11:44:41	100	1679	528
11:44:41	102	1677	528
11:44:41	99	1678	543
11:44:41	103	1678	528
11:44:41	100	1679	527
11:44:41	98	1678	526
11:44:41	101	1679	549
11:44:41	101	1678	526
11:44:41	98	1679	525
11:44:41	100	1679	526
11:44:42	99	1680	550
11:44:42	102	1679	527
11:44:42	97	1680	528
11:44:42	98	1678	528
11:44:42	97	1680	551
11:44:42	102	1680	528
11:44:42	98	1680	525
11:44:42	98	1680	524
11:44:42	95	1680	549
11:44:42	102	1680	528
11:44:42	97	1679	524
11:44:42	98	1680	528
11:44:42	109	1681	534
11:44:42	96	1680	527
11:44:42	96	1680	528
11:44:42	97	1680	527
11:44:42	111	1680	528
11:44:42	101	1680	526
11:44:42	98	1680	525
11:44:42	99	1681	527
11:44:42	110	1680	525
11:44:42	100	1680	527
11:44:42	97	1681	527
11:44:42	97	1680	527
11:44:42	110	1681	525
11:44:42	98	1681	529
11:44:42	99	1681	533
11:44:42	99	1681	541
11:44:42	117	1683	539
11:44:42	103	1682	541
11:44:42	107	1683	543
11:44:42	108	1682	541
11:44:42	119	1687	544
11:44:42	111	1683	542
11:44:42	110	1685	545
11:44:42	110	1684	535
11:44:42	119	1690	573
11:44:42	112	1689	534
11:44:42	112	1690	547
11:44:42	112	1687	543
11:44:42	113	1694	572
11:44:42	112	1690	547
11:44:42	112	1690	548
11:44:42	0	1699	0
11:44:42	0	1698	64
11:44:42	0	1701	144
11:44:42	0	1699	175
11:44:42	0	1701	238
11:44:42	0	1694	222
11:44:42	0	1691	252
11:44:42	0	1686	310
11:44:42	0	1690	336
11:44:42	0	1693	359
11:44:42	0	1696	400
11:44:42	0	1691	400
11:44:42	10	1693	426
11:44:42	0	1686	397
11:44:42	1	1687	437
11:44:42	21	1687	450
11:44:42	30	1685	458
11:44:42	34	1686	462
11:44:42	50	1689	473
11:44:42	49	1686	471
11:44:42	65	1689	464
11:44:42	43	1683	455
11:44:42	56	1683	486
11:44:42	64	1682	493
11:44:42	66	1685	496
11:44:42	69	1682	496
11:44:42	84	1682	500
11:44:42	80	1683	511
11:44:42	90	1682	481
11:44:42	67	1682	507
11:44:42	94	1680	503
11:44:42	80	1680	511
11:44:42	79	1680	487
11:44:42	71	1680	488
11:44:42	81	1680	511
11:44:42	83	1677	527
11:44:42	86	1680	511
11:44:42	87	1679	526
11:44:42	87	1679	524
11:44:42	92	1680	528
11:44:42	80	1678	496
11:44:42	90	1680	528
11:44:42	90	1680	528
11:44:42	83	1666	530
11:44:42	81	1678	494
11:44:42	79	1675	496
11:44:42	92	1677	528
11:44:42	93	1678	528
11:44:42	91	1678	526
11:44:42	96	1676	526
11:44:42	95	1677	532
11:44:42	102	1678	537
11:44:42	80	1675	496
11:44:42	95	1676	525
11:44:42	93	1678	531
11:44:42	96	1677	544
11:44:42	80	1675	495
11:44:42	78	1675	496
11:44:42	95	1675	528
11:44:42	95	1674	527
11:44:42	93	1675	526
11:44:42	95	1680	548
11:44:42	99	1675	528
11:44:42	95	1680	549
11:44:42	80	1674	501
11:44:42	93	1680	545
11:44:42	97	1675	528
11:44:42	97	1679	551
11:44:42	84	1673	505
11:44:42	80	1671	511
11:44:42	106	1677	544
11:44:42	105	1677	544
11:44:42	97	1677	528
11:44:42	98	1677	537
11:44:42	97	1677	531
11:44:42	109	1680	561
11:44:42	93	1677	509
11:44:42	91	1676	507
11:44:42	107	1678	549
11:44:42	110	1678	548
11:44:42	0	1695	0
11:44:42	0	1695	62
11:44:42	0	1697	127
11:44:42	0	1695	173
11:44:42	0	1695	190
11:44:42	0	1688	219
11:44:42	0	1689	255
11:44:42	0	1686	307
11:44:42	0	1687	336
11:44:42	0	1685	354
11:44:42	0	1686	370
11:44:42	0	1686	399
11:44:42	13	1683	387
11:44:42	0	1681	396
11:44:42	0	1681	404
11:44:42	17	1681	446
11:44:42	26	1681	463
11:44:42	33	1680	459
11:44:42	46	1680	464
11:44:42	48	1681	478
11:44:42	46	1680	453
11:44:42	41	1679	461
11:44:42	48	1677	467
11:44:42	64	1679	496
11:44:42	67	1678	496
11:44:42	67	1678	499
11:44:42	71	1678	508
11:44:42	76	1679	503
11:44:42	78	1677	505
11:44:42	80	1674	507
11:44:42	80	1677	511
11:44:42	83	1677	511
11:44:42	81	1679	529
11:44:42	95	1679	530
11:44:42	94	1680	530
11:44:42	95	1679	533
11:44:42	98	1680	533
11:44:42	99	1680	535
11:44:42	105	1680	528
11:44:42	99	1680	536
11:44:42	103	1680	538
11:44:42	99	1682	538
11:44:42	117	1681	534
11:44:42	103	1682	538
11:44:42	108	1684	542
11:44:42	109	1680	533
11:44:42	119	1686	548
11:44:42	111	1683	528
11:44:42	0	1705	0
11:44:42	0	1709	83
11:44:42	0	1705	129
11:44:42	0	1707	204
11:44:42	0	1700	186
11:44:42	0	1696	222
11:44:42	0	1696	256
11:44:42	0	1697	319
11:44:42	0	1693	336
11:44:42	0	1697	368
11:44:42	0	1698	385
11:44:42	4	1698	382
11:44:42	0	1692	384
11:44:42	0	1690	398
11:44:42	11	1687	442
11:44:42	22	1690	448
11:44:42	29	1687	453
11:44:42	48	1687	464
11:44:42	47	1689	477
11:44:42	64	1691	450
11:44:42	38	1686	450
11:44:42	42	1682	458
11:44:42	61	1684	496
11:44:42	66	1684	499
11:44:42	65	1682	498
11:44:42	80	1683	501
11:44:42	77	1685	506
11:44:42	76	1683	494
11:44:42	64	1680	496
11:44:42	71	1680	498
11:44:42	82	1681	536
11:44:42	90	1681	527
11:44:42	85	1680	511
11:44:42	96	1682	527
11:44:42	90	1681	533
11:44:42	102	1680	494
11:44:42	77	1679	493
11:44:42	77	1679	489
11:44:42	71	1676	495
11:44:42	70	1678	494
11:44:42	85	1676	525
11:44:42	87	1676	528
11:44:42	92	1677	532
11:44:42	80	1675	495
11:44:42	77	1670	493
11:44:42	80	1675	496
11:44:42	74	1668	495
11:44:42	71	1667	496
11:44:42	91	1669	528
11:44:42	84	1669	540
11:44:42	96	1667	532
11:44:42	81	1668	502
11:44:42	80	1665	500
11:44:42	76	1666	496
11:44:42	90	1665	534
11:44:42	99	1666	528
11:44:42	96	1666	528
11:44:42	96	1666	541
11:44:42	99	1667	531
11:44:42	83	1667	497
11:44:42	82	1665	502
11:44:42	80	1664	499
11:44:42	98	1665	529
11:44:42	98	1665	528
11:44:42	96	1666	527
11:44:42	96	1669	531
11:44:42	99	1666	544
11:44:42	83	1663	495
11:44:42	80	1664	495
11:44:42	80	1663	491
11:44:42	98	1664	528
11:44:42	96	1665	526
11:44:42	83	1664	546
11:44:42	96	1665	529
11:44:42	99	1667	550
11:44:42	82	1663	491
11:44:42	80	1663	491
11:44:42	75	1662	492
11:44:42	78	1658	496
11:44:42	77	1658	490
11:44:42	87	1663	556
11:44:42	96	1661	534
11:44:42	98	1664	560
11:44:42	83	1660	503
11:44:42	81	1662	506
11:44:42	82	1658	507
11:44:42	83	1659	541
11:44:42	91	1659	528
11:44:42	100	1662	560
11:44:42	102	1664	544
11:44:42	105	1664	557
11:44:42	94	1664	511
11:44:42	90	1664	509
11:44:42	90	1662	511
11:44:42	102	1663	543
11:44:42	98	1661	528
11:44:42	95	1664	535
11:44:42	105	1666	542
11:44:42	108	1667	543
11:44:42	0	1693	10
11:44:42	0	1693	78
11:44:42	0	1691	135
11:44:42	0	1690	182
11:44:42	0	1693	194
11:44:42	0	1685	231
11:44:42	0	1686	261
11:44:42	0	1685	318
11:44:42	0	1685	340
11:44:42	0	1683	362
11:44:42	0	1676	389
11:44:42	2	1684	416
11:44:42	2	1683	400
11:44:42	6	1680	400
11:44:42	10	1680	422
11:44:42	16	1680	433
11:44:42	22	1680	444
11:44:42	37	1682	465
11:44:42	49	1680	475
11:44:42	61	1680	496
11:44:42	64	1680	473
11:44:42	48	1680	476
11:44:42	55	1679	481
11:44:42	54	1677	483
11:44:42	64	1677	490
11:44:42	73	1678	511
11:44:42	94	1678	523
11:44:42	0	1722	0
11:44:42	0	1715	54
11:44:42	0	1716	144
11:44:42	0	1717	195
11:44:42	0	1717	236
11:44:42	0	1714	271
11:44:42	0	1714	307
11:44:42	0	1712	306
11:44:42	0	1711	325
11:44:42	0	1709	345
11:44:42	0	1707	368
11:44:42	0	1706	383
11:44:42	4	1706	426
11:44:42	18	1705	435
11:44:42	27	1703	455
11:44:42	23	1703	433
11:44:42	21	1699	443
11:44:42	27	1695	448
11:44:42	35	1693	454
11:44:42	37	1698	463
11:44:42	58	1691	496
11:44:42	64	1691	496
11:44:42	69	1691	507
11:44:42	62	1688	484
11:44:42	73	1691	511
11:44:42	80	1690	511
11:44:42	80	1691	526
11:44:42	68	1687	491
11:44:42	68	1685	495
11:44:42	69	1683	494
11:44:42	70	1682	496
11:44:42	82	1684	529
11:44:42	86	1684	528
11:44:42	87	1683	531
11:44:42	93	1683	530
11:44:42	80	1680	501
11:44:42	78	1677	502
11:44:42	77	1679	496
11:44:42	80	1677	503
11:44:42	91	1678	531
11:44:42	92	1675	541
11:44:42	97	1680	545
11:44:42	101	1680	556
11:44:42	81	1675	497
11:44:42	80	1674	502
11:44:42	80	1677	537
11:44:42	99	1678	539
11:44:42	95	1677	531
11:44:42	97	1677	555
11:44:42	106	1680	539
11:44:42	106	1680	558
11:44:42	84	1675	497
11:44:42	82	1676	496
11:44:42	94	1675	534
11:44:42	101	1677	535
11:44:42	99	1677	528
11:44:42	100	1680	556
11:44:42	107	1678	534
11:44:42	106	1671	555
11:44:42	84	1674	495
11:44:42	82	1671	496
11:44:42	81	1670	497
11:44:42	99	1674	533
11:44:42	101	1674	528
11:44:42	103	1671	555
11:44:42	103	1676	537
11:44:42	112	1680	555
11:44:42	86	1671	495
11:44:42	88	1669	494
11:44:42	80	1669	493
11:44:42	97	1670	531
11:44:42	97	1671	533
11:44:42	112	1674	541
11:44:42	100	1673	529
11:44:42	110	1677	525
11:44:42	81	1673	491
11:44:42	80	1665	493
11:44:42	82	1673	527
11:44:42	96	1667	529
11:44:42	95	1670	527
11:44:42	108	1673	533
11:44:42	99	1669	531
11:44:42	112	1675	507
11:44:42	82	1665	493
11:44:42	79	1666	493
11:44:42	95	1667	529
11:44:42	98	1670	530
11:44:42	96	1669	528
11:44:42	112	1671	528
11:44:42	99	1670	528
11:44:42	96	1672	525
11:44:42	98	1667	524
11:44:42	111	1670	523
11:44:42	98	1671	527
11:44:42	99	1671	522
11:44:42	97	1669	525
11:44:42	108	1670	511
11:44:42	95	1671	525
11:44:42	96	1671	523
11:44:42	95	1670	511
11:44:42	99	1671	531
11:44:42	98	1674	525
11:44:42	99	1671	523
11:44:42	90	1675	527
11:44:42	96	1674	531
11:44:42	96	1674	511
11:44:42	98	1671	511
11:44:42	97	1674	526
11:44:42	99	1674	528
11:44:42	96	1673	523
11:44:42	97	1676	511
11:44:42	97	1675	527
11:44:42	96	1678	528
11:44:42	102	1675	526
11:44:42	98	1674	524
11:44:42	96	1675	531
11:44:42	102	1675	527
11:44:42	97	1674	526
11:44:42	96	1674	525
11:44:42	95	1676	539
11:44:42	101	1678	528
11:44:42	95	1675	525
11:44:42	94	1675	525
11:44:42	95	1678	546
11:44:42	97	1675	527
11:44:42	95	1675	525
11:44:42	97	1677	526
11:44:42	93	1679	547
11:44:42	98	1680	526
11:44:42	94	1676	511
11:44:42	96	1676	525
11:44:42	103	1678	547
11:44:42	97	1677	528
11:44:42	97	1678	523
11:44:42	97	1678	524
11:44:42	110	1680	531
11:44:42	101	1678	526
11:44:42	98	1676	511
11:44:42	98	1676	524
11:44:42	110	1680	529
11:44:42	97	1680	511
11:44:42	97	1678	523
11:44:42	97	1679	526
11:44:42	111	1679	522
11:44:42	97	1676	524
11:44:42	96	1677	525
11:44:42	97	1676	526
11:44:42	106	1675	511
11:44:42	95	1679	524
11:44:42	97	1678	525
11:44:42	97	1676	523
11:44:42	100	1679	528
11:44:42	98	1679	526
11:44:42	96	1679	522
11:44:42	98	1676	527
11:44:42	97	1676	532
11:44:42	98	1680	524
11:44:42	98	1677	525
11:44:42	96	1678	527
11:44:42	96	1678	536
11:44:42	99	1680	528
11:44:42	83	1676	495
11:44:42	80	1675	495
11:44:42	78	1671	528
11:44:42	95	1673	528
11:44:42	96	1671	528
11:44:42	94	1674	531
11:44:42	100	1674	531
11:44:42	96	1675	527
11:44:42	106	1676	542
11:44:42	107	1678	542
11:44:42	103	1679	535
11:44:42	107	1675	543
11:44:42	108	1678	544
11:44:42	109	1679	543
11:44:42	107	1680	546
11:44:42	109	1680	543
11:44:42	110	1680	542
11:44:42	108	1680	543
11:44:42	112	1680	542
11:44:42	110	1680	543
11:44:42	110	1681	544
11:44:42	105	1680	543
11:44:42	122	1681	540
11:44:42	106	1681	541
11:44:42	0	1707	3
11:44:42	0	1709	91
11:44:42	0	1701	101
11:44:42	0	1711	151
11:44:42	0	1699	224
11:44:42	0	1697	256
11:44:42	0	1697	286
11:44:42	0	1701	336
11:44:42	0	1699	342
11:44:42	0	1700	385
11:44:42	0	1695	353
11:44:42	0	1693	368
11:44:42	0	1690	385
11:44:42	0	1687	399
11:44:42	0	1687	415
11:44:42	16	1691	471
11:44:43	29	1691	462
11:44:43	45	1689	490
11:44:43	22	1685	442
11:44:43	32	1685	448
11:44:43	33	1680	458
11:44:43	37	1680	461
11:44:43	57	1680	494
11:44:43	69	1680	527
11:44:43	64	1680	498
11:44:43	80	1680	506
11:44:43	55	1679	480
11:44:43	59	1678	477
11:44:43	64	1675	479
11:44:43	74	1675	511
11:44:43	76	1677	511
11:44:43	88	1679	524
11:44:43	81	1678	511
11:44:43	97	1677	494
11:44:43	71	1675	489
11:44:43	69	1671	487
11:44:43	83	1673	522
11:44:43	86	1671	528
11:44:43	91	1673	523
11:44:43	103	1675	526
11:44:43	93	1671	525
11:44:43	106	1671	495
11:44:43	76	1670	491
11:44:43	82	1670	506
11:44:43	91	1671	538
11:44:43	102	1673	529
11:44:43	95	1670	528
11:44:43	113	1675	533
11:44:43	102	1673	541
11:44:43	114	1679	523
11:44:43	86	1673	502
11:44:43	90	1674	509
11:44:43	101	1673	532
11:44:43	105	1674	537
11:44:43	97	1674	528
11:44:43	113	1677	563
11:44:43	107	1677	531
11:44:43	112	1680	563
11:44:43	92	1675	502
11:44:43	0	1712	5
11:44:43	0	1715	81
11:44:43	0	1711	127
11:44:43	0	1711	176
11:44:43	0	1710	221
11:44:43	0	1717	268
11:44:43	0	1709	289
11:44:43	0	1709	330
11:44:43	0	1707	347
11:44:43	0	1712	401
11:44:43	0	1709	385
11:44:43	5	1707	413
11:44:43	15	1709	425
11:44:43	19	1711	466
11:44:43	26	1710	451
11:44:43	38	1710	464
11:44:43	45	1708	465
11:44:43	49	1707	496
11:44:43	59	1706	481
11:44:43	62	1707	495
11:44:43	65	1706	499
11:44:43	70	1709	507
11:44:43	73	1707	506
11:44:43	0	1706	18
11:44:43	0	1703	59
11:44:43	0	1697	112
11:44:43	0	1697	156
11:44:43	0	1695	202
11:44:43	0	1693	234
11:44:43	0	1691	292
11:44:43	0	1693	320
11:44:43	0	1693	347
11:44:43	0	1689	342
11:44:43	0	1687	362
11:44:43	0	1687	383
11:44:43	0	1685	403
11:44:43	2	1685	421
11:44:43	18	1685	448
11:44:43	33	1694	449
11:44:43	42	1685	480
11:44:43	63	1684	459
11:44:43	36	1682	461
11:44:43	47	1681	469
11:44:43	49	1680	470
11:44:43	53	1680	479
11:44:43	64	1680	496
11:44:43	80	1681	509
11:44:43	77	1680	511
11:44:43	87	1680	481
11:44:43	77	1680	506
11:44:43	97	1681	511
11:44:43	64	1681	429
11:44:43	65	1682	459
11:44:43	49	1680	416
11:44:43	48	1679	426
11:44:43	48	1680	438
11:44:43	65	1679	470
11:44:43	64	1679	474
11:44:43	70	1679	501
11:44:43	78	1679	494
11:44:43	74	1680	524
11:44:43	61	1674	465
11:44:43	60	1676	465
11:44:43	62	1667	473
11:44:43	64	1669	475
11:44:43	54	1670	481
11:44:43	80	1674	541
11:44:43	82	1673	511
11:44:43	98	1676	556
11:44:43	80	1673	496
11:44:43	80	1671	498
11:44:43	80	1670	502
11:44:43	79	1669	505
11:44:43	80	1667	528
11:44:43	89	1667	544
11:44:43	95	1669	545
11:44:43	104	1671	560
11:44:43	86	1670	506
11:44:43	84	1668	503
11:44:43	100	1671	546
11:44:43	107	1671	547
11:44:43	101	1673	528
11:44:43	98	1671	527
11:44:43	93	1671	531
11:44:43	80	1677	365
11:44:43	64	1675	385
11:44:43	70	1677	374
11:44:43	43	1674	384
11:44:43	39	1670	400
11:44:43	54	1673	434
11:44:43	58	1674	450
11:44:43	58	1674	453
11:44:43	65	1673	462
11:44:43	64	1675	467
11:44:43	59	1673	448
11:44:43	49	1670	454
11:44:43	61	1668	469
11:44:43	64	1669	476
11:44:43	64	1667	480
11:44:43	75	1668	501
11:44:43	87	1667	503
11:44:43	82	1669	528
11:44:43	103	1669	496
11:44:43	73	1667	496
11:44:43	77	1669	496
11:44:43	77	1664	498
11:44:43	78	1666	500
11:44:43	85	1665	524
11:44:43	98	1668	531
11:44:43	92	1667	528
11:44:43	103	1671	508
11:44:43	71	1674	389
11:44:43	60	1675	410
11:44:43	49	1671	394
11:44:43	48	1671	403
11:44:43	47	1667	416
11:44:43	64	1669	453
11:44:43	64	1668	458
11:44:43	68	1669	465
11:44:43	66	1669	481
11:44:43	78	1669	479
11:44:43	57	1669	455
11:44:43	55	1667	459
11:44:43	59	1664	464
11:44:43	60	1664	469
11:44:43	63	1662	467
11:44:43	80	1663	498
11:44:43	80	1665	509
11:44:43	83	1664	528
11:44:43	71	1664	484
11:44:43	68	1662	481
11:44:43	67	1661	485
11:44:43	66	1659	495
11:44:43	75	1659	526
11:44:43	83	1662	530
11:44:43	91	1663	546
11:44:43	98	1663	549
11:44:43	82	1662	503
11:44:43	80	1661	501
11:44:43	80	1663	505
11:44:43	80	1659	506
11:44:43	93	1661	528
11:44:43	90	1661	528
11:44:43	91	1661	535
11:44:43	94	1662	528
11:44:43	80	1659	525
11:44:43	91	1662	523
11:44:43	93	1659	530
11:44:43	86	1664	446
11:44:43	80	1666	460
11:44:43	76	1664	432
11:44:43	64	1662	445
11:44:43	62	1662	448
11:44:43	61	1661	481
11:44:43	78	1662	484
11:44:43	80	1664	499
11:44:43	85	1664	505
11:44:43	87	1665	511
11:44:43	82	1664	487
11:44:43	73	1663	489
11:44:43	74	1664	493
11:44:43	70	1663	495
11:44:43	73	1663	496
11:44:43	75	1663	511
11:44:43	101	1667	528
11:44:43	94	1664	538
11:44:43	111	1669	507
11:44:43	94	1665	523
11:44:43	108	1667	528
11:44:43	96	1665	523
11:44:43	93	1664	511
11:44:43	64	1671	343
11:44:43	57	1671	368
11:44:43	53	1673	397
11:44:43	59	1676	401
11:44:43	42	1679	387
11:44:43	39	1665	400
11:44:43	40	1665	410
11:44:43	48	1666	433
11:44:43	48	1669	462
11:44:43	66	1669	478
11:44:43	70	1670	483
11:44:43	73	1670	496
11:44:43	64	1670	475
11:44:43	64	1669	471
11:44:43	64	1667	475
11:44:43	62	1665	486
11:44:43	67	1665	491
11:44:43	75	1665	510
11:44:43	90	1665	509
11:44:43	86	1669	533
11:44:43	103	1667	498
11:44:43	85	1667	511
11:44:43	98	1669	511
11:44:43	57	1672	373
11:44:43	61	1674	400
11:44:43	64	1674	428
11:44:43	48	1673	400
11:44:43	48	1671	403
11:44:43	48	1673	427
11:44:43	53	1670	434
11:44:43	51	1669	447
11:44:43	64	1670	478
11:44:43	70	1673	490
11:44:43	78	1674	498
11:44:43	6	1682	178
11:44:43	6	1682	237
11:44:43	6	1683	285
11:44:43	12	1685	312
11:44:43	0	1682	311
11:44:43	0	1681	320
11:44:43	0	1680	350
11:44:43	4	1680	371
11:44:43	7	1680	389
11:44:43	23	1680	429
11:44:43	49	1680	443
11:44:43	41	1680	458
11:44:43	0	1710	0
11:44:43	0	1709	65
11:44:43	0	1712	151
11:44:43	0	1707	174
11:44:43	0	1707	219
11:44:43	0	1708	257
11:44:43	0	1709	322
11:44:43	0	1706	330
11:44:43	0	1703	354
11:44:43	0	1703	378
11:44:43	0	1703	415
11:44:43	4	1703	410
11:44:43	16	1705	429
11:44:43	20	1703	443
11:44:43	29	1702	453
11:44:43	38	1707	459
11:44:43	47	1701	471
11:44:43	49	1705	481
11:44:43	55	1702	487
11:44:43	64	1701	494
11:44:43	64	1702	498
11:44:43	69	1702	506
11:44:43	0	1715	9
11:44:43	0	1712	78
11:44:43	0	1711	139
11:44:43	0	1711	179
11:44:43	0	1712	258
11:44:43	0	1711	259
11:44:43	0	1711	297
11:44:43	0	1710	325
11:44:43	0	1712	378
11:44:43	0	1711	375
11:44:43	0	1711	397
11:44:43	1	1709	414
11:44:43	0	1706	146
11:44:43	0	1703	193
11:44:43	0	1703	235
11:44:43	0	1703	275
11:44:43	0	1700	273
11:44:43	0	1696	301
11:44:43	0	1696	336
11:44:43	0	1694	358
11:44:43	0	1693	378
11:44:43	3	1691	410
11:44:43	10	1687	426
11:44:43	18	1692	440
11:44:43	16	1680	426
11:44:43	18	1686	432
11:44:43	22	1685	441
11:44:43	27	1682	448
11:44:43	32	1681	456
11:44:43	54	1681	483
11:44:43	57	1682	496
11:44:43	64	1681	498
11:44:43	53	1680	474
11:44:43	55	1680	476
11:44:43	56	1679	483
11:44:43	60	1677	483
11:44:43	63	1677	509
11:44:43	79	1678	511
11:44:43	80	1679	532
11:44:43	90	1678	541
11:44:43	80	1678	506
11:44:43	80	1675	499
11:44:43	80	1677	509
11:44:43	80	1673	511
11:44:43	80	1674	511
11:44:43	88	1675	528
11:44:43	93	1674	537
11:44:43	101	1678	547
11:44:43	88	1675	511
11:44:43	94	1677	529
11:44:43	99	1680	528
11:44:43	96	1677	529
11:44:43	96	1680	528
11:44:43	77	1680	435
11:44:43	81	1680	443
11:44:43	80	1680	472
11:44:43	65	1680	434
11:44:43	62	1679	442
11:44:43	58	1678	449
11:44:43	80	1680	490
11:44:43	77	1680	493
11:44:43	80	1680	496
11:44:43	81	1680	499
11:44:43	85	1680	510
11:44:43	0	1718	0
11:44:43	0	1715	53
11:44:43	0	1712	112
11:44:43	0	1712	159
11:44:43	0	1712	231
11:44:43	0	1711	262
11:44:43	0	1712	304
11:44:43	0	1710	304
11:44:43	0	1705	321
11:44:43	0	1701	340
11:44:43	0	1705	362
11:44:43	0	1697	379
11:44:43	0	1699	423
11:44:43	16	1697	432
11:44:43	21	1699	451
11:44:43	19	1697	433
11:44:43	16	1693	442
11:44:43	21	1691	446
11:44:43	27	1690	453
11:44:43	32	1687	461
11:44:43	52	1687	494
11:44:43	62	1687	494
11:44:43	65	1686	503
11:44:43	59	1686	479
11:44:43	74	1686	511
11:44:43	73	1686	511
11:44:43	80	1687	511
11:44:43	68	1679	493
11:44:43	69	1683	493
11:44:43	67	1680	491
11:44:43	70	1680	496
11:44:43	84	1680	528
11:44:43	83	1682	528
11:44:43	86	1681	531
11:44:43	90	1680	528
11:44:43	94	1680	528
11:44:43	95	1680	528
11:44:43	92	1681	528
11:44:43	95	1680	528
11:44:43	96	1680	526
11:44:43	91	1680	533
11:44:43	99	1680	528
11:44:43	96	1680	526
11:44:43	95	1680	527
11:44:43	95	1680	545
11:44:43	99	1681	528
11:44:43	99	1680	527
11:44:43	96	1680	527
11:44:43	98	1681	549
11:44:43	102	1682	526
11:44:43	96	1680	527
11:44:43	94	1680	528
11:44:43	97	1681	549
11:44:43	98	1681	527
11:44:43	95	1681	526
11:44:43	98	1681	528
11:44:43	107	1682	547
11:44:43	97	1681	527
11:44:43	98	1680	525
11:44:43	101	1681	527
11:44:43	110	1683	552
11:44:43	96	1680	528
11:44:43	98	1680	523
11:44:43	101	1682	526
11:44:43	109	1683	541
11:44:43	98	1682	525
11:44:43	98	1680	522
11:44:43	97	1683	526
11:44:43	110	1685	529
11:44:43	99	1681	526
11:44:43	99	1680	525
11:44:43	97	1680	528
11:44:43	111	1681	526
11:44:43	99	1681	526
11:44:43	97	1680	526
11:44:43	98	1681	527
11:44:43	110	1681	523
11:44:43	95	1680	523
11:44:43	99	1680	525
11:44:43	96	1680	523
11:44:43	102	1680	511
11:44:43	101	1680	526
11:44:43	95	1680	526
11:44:43	100	1680	528
11:44:43	97	1680	532
11:44:43	97	1680	525
11:44:43	95	1680	525
11:44:43	97	1680	525
11:44:43	99	1681	528
11:44:43	101	1680	526
11:44:43	90	1680	527
11:44:43	97	1680	526
11:44:43	97	1680	529
11:44:43	99	1680	527
11:44:43	99	1680	527
11:44:43	100	1681	528
11:44:43	98	1680	534
11:44:43	100	1680	528
11:44:43	99	1680	528
11:44:43	99	1680	544
11:44:43	103	1680	528
11:44:43	103	1680	527
11:44:43	98	1680	527
11:44:43	100	1680	548
11:44:43	103	1679	528
11:44:43	100	1680	548
11:44:43	84	1678	494
11:44:43	80	1674	495
11:44:43	80	1673	496
11:44:43	79	1671	496
11:44:43	93	1674	529
11:44:43	95	1678	560
11:44:43	98	1674	533
11:44:43	103	1677	557
11:44:43	83	1671	498
11:44:43	80	1670	496
11:44:43	94	1673	531
11:44:43	99	1675	534
11:44:43	99	1674	530
11:44:43	109	1676	554
11:44:43	99	1671	532
11:44:43	112	1676	555
11:44:43	93	1670	497
11:44:43	90	1668	509
11:44:43	107	1671	537
11:44:43	110	1673	546
11:44:43	102	1672	531
11:44:43	102	1674	553
11:44:43	104	1673	532
11:44:43	112	1678	566
11:44:43	95	1671	509
11:44:43	87	1671	511
11:44:44	93	1674	546
11:44:44	109	1675	547
11:44:44	103	1674	531
11:44:44	97	1674	546
11:44:44	101	1674	533
11:44:44	111	1675	560
11:44:44	0	1712	0
11:44:44	0	1713	74
11:44:44	0	1712	133
11:44:44	0	1712	178
11:44:44	0	1712	245
11:44:44	0	1709	270
11:44:44	0	1711	316
11:44:44	0	1707	295
11:44:44	0	1708	362
11:44:44	0	1707	370
11:44:44	0	1709	410
11:44:44	0	1701	371
11:44:44	0	1699	386
11:44:44	0	1701	430
11:44:44	15	1699	443
11:44:44	22	1699	454
11:44:44	42	1701	477
11:44:44	42	1698	472
11:44:44	58	1690	475
11:44:44	38	1694	449
11:44:44	36	1691	455
11:44:44	45	1691	492
11:44:44	59	1696	496
11:44:44	64	1693	497
11:44:44	80	1693	508
11:44:44	75	1692	503
11:44:44	85	1689	482
11:44:44	64	1686	480
11:44:44	67	1686	486
11:44:44	54	1681	490
11:44:44	67	1680	490
11:44:44	78	1682	525
11:44:44	90	1684	526
11:44:44	92	1686	540
11:44:44	106	1683	511
11:44:44	80	1681	511
11:44:44	81	1682	511
11:44:44	80	1680	511
11:44:44	81	1682	523
11:44:44	80	1682	534
11:44:44	100	1680	537
11:44:44	97	1681	550
11:44:44	112	1686	528
11:44:44	92	1680	511
11:44:44	86	1680	511
11:44:44	90	1680	541
11:44:44	105	1682	555
11:44:44	0	1700	83
11:44:44	0	1701	163
11:44:44	0	1698	192
11:44:44	0	1701	252
11:44:44	0	1699	240
11:44:44	0	1693	269
11:44:44	0	1697	325
11:44:44	0	1693	347
11:44:44	0	1695	368
11:44:44	12	1694	411
11:44:44	14	1693	409
11:44:44	29	1696	441
11:44:44	7	1689	400
11:44:44	16	1687	411
11:44:44	18	1683	416
11:44:44	22	1683	432
11:44:44	31	1687	469
11:44:44	58	1683	490
11:44:44	62	1686	493
11:44:44	79	1691	528
11:44:44	55	1684	465
11:44:44	62	1684	481
11:44:44	64	1682	480
11:44:44	66	1681	494
11:44:44	77	1682	511
11:44:44	78	1684	554
11:44:44	91	1685	535
11:44:44	93	1687	559
11:44:44	80	1680	497
11:44:44	78	1681	501
11:44:44	80	1683	542
11:44:44	98	1682	546
11:44:44	0	1729	0
11:44:44	0	1728	64
11:44:44	0	1729	151
11:44:44	0	1728	201
11:44:44	0	1727	239
11:44:44	0	1729	300
11:44:44	0	1725	316
11:44:44	0	1728	361
11:44:44	0	1721	329
11:44:44	0	1718	350
11:44:44	0	1715	370
11:44:44	0	1712	386
11:44:44	0	1712	432
11:44:44	21	1717	465
11:44:44	23	1712	457
11:44:44	43	1713	488
11:44:44	29	1710	446
11:44:44	30	1707	450
11:44:44	38	1705	462
11:44:44	43	1694	464
11:44:44	45	1703	497
11:44:44	74	1705	507
11:44:44	70	1706	510
11:44:44	81	1702	489
11:44:44	63	1699	485
11:44:44	64	1697	489
11:44:44	67	1695	493
11:44:44	64	1694	528
11:44:44	80	1695	529
11:44:44	94	1697	529
11:44:44	87	1697	531
11:44:44	86	1694	499
11:44:44	78	1693	500
11:44:44	80	1690	497
11:44:44	90	1691	541
11:44:44	91	1691	529
11:44:44	94	1698	536
11:44:44	95	1691	533
11:44:44	98	1691	541
11:44:44	85	1689	509
11:44:44	81	1689	502
11:44:44	80	1683	501
11:44:44	97	1685	542
11:44:44	98	1682	536
11:44:44	97	1684	538
11:44:44	100	1687	548
11:44:44	92	1686	544
11:44:44	81	1683	507
11:44:44	82	1685	500
11:44:44	83	1680	498
11:44:44	101	1683	538
11:44:44	100	1682	535
11:44:44	97	1684	538
11:44:44	100	1689	542
11:44:44	102	1682	557
11:44:44	88	1680	503
11:44:44	85	1681	500
11:44:44	82	1677	530
11:44:44	99	1682	539
11:44:44	98	1680	533
11:44:44	98	1681	553
11:44:44	102	1681	538
11:44:44	96	1685	560
11:44:44	89	1680	502
11:44:44	85	1680	501
11:44:44	82	1680	502
11:44:44	99	1680	534
11:44:44	95	1680	535
11:44:44	102	1680	558
11:44:44	105	1681	538
11:44:44	106	1686	561
11:44:44	87	1680	500
11:44:44	87	1680	501
11:44:44	83	1678	503
11:44:44	107	1680	537
11:44:44	98	1680	537
11:44:44	99	1680	560
11:44:44	100	1680	541
11:44:44	107	1687	559
11:44:44	87	1680	502
11:44:44	84	1677	508
11:44:44	84	1674	502
11:44:44	100	1678	539
11:44:44	93	1680	531
11:44:44	112	1680	559
11:44:44	105	1679	532
11:44:44	112	1680	538
11:44:44	85	1678	496
11:44:44	83	1677	495
11:44:44	84	1675	498
11:44:44	101	1677	534
11:44:44	99	1675	529
11:44:44	112	1680	536
11:44:44	106	1678	531
11:44:44	114	1679	503
11:44:44	90	1678	500
11:44:44	86	1676	497
11:44:44	97	1675	531
11:44:44	99	1675	535
11:44:44	102	1677	528
11:44:44	111	1677	528
11:44:44	103	1678	529
11:44:44	95	1677	498
11:44:44	85	1676	497
11:44:44	88	1675	534
11:44:44	101	1677	531
11:44:44	101	1677	531
11:44:44	101	1677	530
11:44:44	103	1680	527
11:44:44	101	1679	531
11:44:44	91	1675	497
11:44:44	88	1675	497
11:44:44	87	1673	505
11:44:44	96	1674	534
11:44:44	99	1675	530
11:44:44	99	1675	531
11:44:44	99	1675	530
11:44:44	103	1677	538
11:44:44	90	1675	503
11:44:44	85	1671	498
11:44:44	81	1672	499
11:44:44	99	1675	540
11:44:44	98	1673	529
11:44:44	105	1675	539
11:44:44	98	1674	531
11:44:44	101	1677	551
11:44:44	85	1673	498
11:44:44	93	1671	497
11:44:44	80	1673	529
11:44:44	97	1673	531
11:44:44	96	1674	528
11:44:44	97	1673	546
11:44:44	101	1675	534
11:44:44	99	1678	555
11:44:44	85	1674	500
11:44:44	82	1677	496
11:44:44	80	1670	499
11:44:44	85	1669	497
11:44:44	93	1671	533
11:44:44	97	1671	557
11:44:44	98	1673	530
11:44:44	97	1673	528
11:44:44	98	1671	529
11:44:44	100	1675	558
11:44:44	106	1673	529
11:44:44	100	1677	528
11:44:44	100	1675	532
11:44:44	102	1679	553
11:44:44	101	1677	528
11:44:44	100	1678	528
11:44:44	99	1680	524
11:44:44	111	1680	543
11:44:44	101	1678	528
11:44:44	96	1678	524
11:44:44	99	1678	523
11:44:44	112	1680	530
11:44:44	100	1676	524
11:44:44	97	1675	528
11:44:44	98	1678	511
11:44:44	112	1679	526
11:44:44	102	1679	527
11:44:44	97	1678	524
11:44:44	97	1678	525
11:44:44	104	1679	511
11:44:44	98	1680	528
11:44:44	97	1680	525
11:44:44	100	1680	525
11:44:44	101	1680	527
11:44:44	98	1680	525
11:44:44	96	1680	525
11:44:44	100	1680	528
11:44:44	96	1679	529
11:44:44	98	1680	527
11:44:44	97	1680	527
11:44:44	99	1680	526
11:44:44	97	1681	530
11:44:44	98	1680	528
11:44:44	89	1680	526
11:44:44	97	1680	528
11:44:44	97	1680	529
11:44:44	98	1680	528
11:44:44	96	1681	526
11:44:44	96	1680	528
11:44:44	103	1680	530
11:44:44	99	1680	526
11:44:44	98	1680	528
11:44:44	98	1681	545
11:44:44	100	1681	528
11:44:44	101	1681	528
11:44:44	97	1680	528
11:44:44	98	1685	554
11:44:44	100	1682	528
11:44:44	97	1680	527
11:44:44	101	1681	528
11:44:44	103	1683	549
11:44:44	98	1681	527
11:44:44	98	1683	527
11:44:44	101	1682	530
11:44:44	113	1686	564
11:44:44	105	1683	529
11:44:44	107	1683	541
11:44:44	109	1685	532
11:44:44	109	1690	566
11:44:44	106	1685	542
11:44:44	111	1686	547
11:44:44	112	1687	538
11:44:44	112	1687	557
11:44:44	112	1687	539
11:44:44	113	1691	546
11:44:44	114	1687	548
11:44:44	112	1690	547
11:44:44	112	1690	548
11:44:44	114	1693	554
11:44:44	49	1691	271
11:44:44	48	1691	299
11:44:44	50	1692	326
11:44:44	39	1690	351
11:44:44	52	1690	346
11:44:44	26	1686	359
11:44:44	26	1683	380
11:44:44	42	1686	419
11:44:44	46	1683	435
11:44:44	48	1685	445
11:44:44	55	1683	450
11:44:44	57	1685	464
11:44:44	58	1683	446
11:44:44	49	1680	449
11:44:44	54	1681	466
11:44:44	73	1683	506
11:44:44	79	1683	497
11:44:44	75	1683	498
11:44:44	81	1683	499
11:44:44	80	1683	526
11:44:44	80	1683	496
11:44:44	75	1681	496
11:44:44	76	1681	496
11:44:44	86	1682	537
11:44:44	93	1681	528
11:44:44	89	1682	525
11:44:44	103	1682	526
11:44:44	93	1682	540
11:44:44	112	1682	509
11:44:44	80	1680	509
11:44:44	0	1702	13
11:44:44	0	1706	80
11:44:44	0	1701	129
11:44:44	0	1699	177
11:44:44	0	1699	226
11:44:44	0	1698	240
11:44:44	0	1698	297
11:44:44	0	1699	320
11:44:44	0	1697	349
11:44:44	0	1696	346
11:44:44	0	1695	364
11:44:44	0	1694	394
11:44:44	3	1694	410
11:44:44	13	1694	428
11:44:44	32	1696	448
11:44:44	33	1693	446
11:44:44	48	1698	462
11:44:44	27	1687	433
11:44:44	56	1693	480
11:44:44	53	1693	479
11:44:44	70	1695	477
11:44:44	48	1690	464
11:44:44	64	1687	496
11:44:44	69	1690	506
11:44:44	74	1689	501
11:44:44	74	1679	498
11:44:44	87	1691	506
11:44:44	81	1687	508
11:44:44	93	1690	493
11:44:44	70	1687	493
11:44:44	80	1685	511
11:44:44	86	1686	525
11:44:44	86	1685	525
11:44:44	90	1685	511
11:44:44	103	1686	525
11:44:44	94	1685	527
11:44:44	93	1684	495
11:44:44	80	1683	527
11:44:44	94	1684	523
11:44:44	94	1683	530
11:44:44	85	1680	496
11:44:44	79	1681	496
11:44:44	92	1682	528
11:44:44	96	1681	529
11:44:44	84	1680	527
11:44:44	94	1683	527
11:44:44	93	1682	525
11:44:44	98	1682	532
11:44:44	82	1680	499
11:44:44	95	1681	528
11:44:44	91	1681	538
11:44:44	98	1681	529
11:44:44	80	1680	499
11:44:44	81	1680	496
11:44:44	97	1680	530
11:44:44	97	1680	534
11:44:44	97	1680	528
11:44:44	94	1682	539
11:44:44	97	1680	530
11:44:44	97	1681	549
11:44:44	84	1680	496
11:44:44	82	1679	511
11:44:44	96	1680	533
11:44:44	96	1680	531
11:44:44	95	1680	528
11:44:44	96	1679	554
11:44:44	101	1681	530
11:44:44	98	1683	553
11:44:44	82	1679	503
11:44:44	97	1680	552
11:44:44	101	1682	531
11:44:44	101	1681	555
11:44:44	85	1679	497
11:44:44	95	1680	551
11:44:44	99	1680	523
11:44:44	102	1684	555
11:44:44	86	1679	496
11:44:44	80	1675	527
11:44:44	97	1679	532
11:44:44	88	1678	530
11:44:44	97	1679	529
11:44:44	97	1680	555
11:44:44	110	1680	529
11:44:44	108	1681	550
11:44:44	84	1678	496
11:44:44	81	1678	526
11:44:44	96	1679	530
11:44:44	96	1679	528
11:44:44	98	1679	528
11:44:44	109	1680	532
11:44:44	102	1679	528
11:44:44	110	1682	508
11:44:44	83	1675	493
11:44:44	112	1685	532
11:44:44	101	1679	528
11:44:44	111	1679	499
11:44:44	86	1675	495
11:44:44	83	1671	496
11:44:44	80	1672	497
11:44:44	80	1669	496
11:44:44	91	1673	526
11:44:44	103	1672	528
11:44:44	96	1671	528
11:44:44	94	1677	497
11:44:44	80	1669	496
11:44:44	80	1669	496
11:44:44	79	1657	496
11:44:44	77	1664	496
11:44:44	91	1669	529
11:44:44	96	1668	528
11:44:44	95	1670	533
11:44:44	83	1666	497
11:44:44	82	1665	501
11:44:44	80	1664	497
11:44:44	80	1665	532
11:44:44	93	1666	531
11:44:44	95	1664	529
11:44:44	94	1665	531
11:44:44	97	1666	533
11:44:44	84	1667	498
11:44:44	80	1665	498
11:44:44	80	1664	498
11:44:44	80	1662	496
11:44:44	79	1662	497
11:44:44	93	1662	528
11:44:44	95	1664	543
11:44:44	98	1664	533
11:44:44	82	1664	505
11:44:44	81	1661	500
11:44:44	87	1661	511
11:44:44	83	1663	511
11:44:44	85	1660	511
11:44:44	98	1663	530
11:44:44	96	1663	532
11:44:44	98	1664	535
11:44:44	91	1664	511
11:44:44	90	1662	503
11:44:44	90	1661	511
11:44:44	88	1661	511
11:44:44	90	1661	511
11:44:44	99	1662	531
11:44:44	102	1664	529
11:44:44	102	1664	533
11:44:44	97	1665	511
11:44:44	90	1663	511
11:44:44	0	1712	3
11:44:44	0	1712	67
11:44:44	0	1714	149
11:44:44	0	1712	179
11:44:44	0	1714	236
11:44:44	0	1709	234
11:44:44	0	1706	261
11:44:44	0	1709	319
11:44:44	0	1702	349
11:44:44	0	1712	370
11:44:44	0	1707	395
11:44:44	0	1702	403
11:44:44	16	1706	403
11:44:44	0	1699	401
11:44:44	2	1698	417
11:44:44	23	1695	458
11:44:44	32	1698	463
11:44:44	37	1695	469
11:44:44	58	1698	478
11:44:44	53	1697	484
11:44:44	73	1695	464
11:44:44	48	1692	465
11:44:44	48	1693	464
11:44:44	65	1685	496
11:44:44	71	1691	496
11:44:44	74	1689	503
11:44:44	80	1690	506
11:44:44	80	1690	511
11:44:44	77	1687	487
11:44:44	70	1691	490
11:44:44	81	1687	523
11:44:44	84	1687	526
11:44:44	86	1691	511
11:44:44	87	1686	525
11:44:44	90	1684	522
11:44:44	91	1686	530
11:44:44	83	1686	496
11:44:45	78	1682	498
11:44:45	80	1681	497
11:44:45	91	1683	532
11:44:45	95	1681	528
11:44:45	96	1681	528
11:44:45	96	1681	539
11:44:45	98	1682	530
11:44:45	87	1682	499
11:44:45	85	1680	499
11:44:45	81	1679	510
11:44:45	101	1680	549
11:44:45	101	1683	533
11:44:45	97	1680	533
11:44:45	100	1680	544
11:44:45	105	1681	549
11:44:45	95	1680	525
11:44:45	94	1680	506
11:44:45	109	1681	552
11:44:45	109	1682	551
11:44:45	110	1683	535
11:44:45	106	1680	530
11:44:45	105	1682	531
11:44:45	105	1682	547
11:44:45	100	1682	511
11:44:45	96	1681	511
11:44:45	96	1680	511
11:44:45	0	1710	9
11:44:45	0	1707	100
11:44:45	0	1710	137
11:44:45	0	1710	208
11:44:45	0	1706	204
11:44:45	0	1699	233
11:44:45	0	1699	271
11:44:45	0	1699	322
11:44:45	0	1701	349
11:44:45	0	1702	391
11:44:45	0	1697	394
11:44:45	6	1705	437
11:44:45	0	1696	398
11:44:45	5	1695	418
11:44:45	16	1694	425
11:44:45	17	1694	442
11:44:45	25	1692	450
11:44:45	38	1691	496
11:44:45	48	1694	496
11:44:45	61	1695	524
11:44:45	52	1692	475
11:44:45	52	1690	478
11:44:45	61	1690	485
11:44:45	62	1687	490
11:44:45	67	1686	511
11:44:45	77	1687	509
11:44:45	81	1687	542
11:44:45	0	1731	0
11:44:45	0	1727	66
11:44:45	0	1727	149
11:44:45	0	1727	199
11:44:45	0	1726	238
11:44:45	0	1728	274
11:44:45	0	1726	311
11:44:45	0	1722	315
11:44:45	0	1718	327
11:44:45	0	1715	352
11:44:45	0	1713	369
11:44:45	0	1712	387
11:44:45	5	1712	429
11:44:45	18	1712	441
11:44:45	27	1712	458
11:44:45	31	1711	439
11:44:45	27	1707	447
11:44:45	28	1707	451
11:44:45	33	1701	461
11:44:45	46	1696	467
11:44:45	59	1707	496
11:44:45	64	1701	505
11:44:45	69	1699	511
11:44:45	62	1699	487
11:44:45	75	1701	511
11:44:45	80	1698	528
11:44:45	81	1688	528
11:44:45	71	1698	496
11:44:45	69	1697	498
11:44:45	75	1695	497
11:44:45	71	1693	499
11:44:45	87	1694	533
11:44:45	87	1695	529
11:44:45	90	1695	544
11:44:45	94	1695	541
11:44:45	81	1694	506
11:44:45	80	1689	505
11:44:45	80	1687	501
11:44:45	80	1687	502
11:44:45	90	1691	541
11:44:45	91	1691	549
11:44:45	98	1687	553
11:44:45	101	1683	560
11:44:45	81	1686	503
11:44:45	82	1683	507
11:44:45	81	1686	539
11:44:45	99	1684	542
11:44:45	98	1684	537
11:44:45	99	1685	556
11:44:45	99	1687	540
11:44:45	109	1689	560
11:44:45	83	1683	501
11:44:45	83	1680	501
11:44:45	96	1683	541
11:44:45	101	1685	539
11:44:45	99	1685	537
11:44:45	99	1684	562
11:44:45	109	1685	538
11:44:45	109	1689	559
11:44:45	86	1681	501
11:44:45	86	1680	500
11:44:45	84	1680	506
11:44:45	99	1680	541
11:44:45	100	1683	533
11:44:45	100	1674	560
11:44:45	108	1681	542
11:44:45	112	1686	560
11:44:45	87	1680	499
11:44:45	86	1680	499
11:44:45	83	1679	531
11:44:45	109	1680	537
11:44:45	98	1680	529
11:44:45	111	1682	554
11:44:45	105	1681	535
11:44:45	112	1685	523
11:44:45	89	1680	497
11:44:45	81	1677	500
11:44:45	81	1678	499
11:44:45	96	1680	539
11:44:45	97	1679	529
11:44:45	111	1680	528
11:44:45	105	1681	537
11:44:45	112	1680	506
11:44:45	85	1680	497
11:44:45	83	1678	498
11:44:45	98	1680	539
11:44:45	101	1679	537
11:44:45	98	1679	528
11:44:45	112	1679	532
11:44:45	105	1680	533
11:44:45	107	1678	499
11:44:45	83	1678	498
11:44:45	82	1677	497
11:44:45	97	1664	533
11:44:45	102	1678	529
11:44:45	97	1677	530
11:44:45	103	1680	529
11:44:45	109	1680	536
11:44:45	90	1678	501
11:44:45	86	1677	499
11:44:45	84	1675	498
11:44:45	84	1677	535
11:44:45	100	1678	532
11:44:45	97	1677	533
11:44:45	99	1677	535
11:44:45	105	1677	539
11:44:45	91	1675	503
11:44:45	83	1677	505
11:44:45	96	1677	537
11:44:45	101	1681	538
11:44:45	97	1678	530
11:44:45	98	1677	531
11:44:45	100	1679	539
11:44:45	103	1673	536
11:44:45	86	1675	500
11:44:45	81	1674	497
11:44:45	84	1675	530
11:44:45	99	1676	538
11:44:45	98	1674	531
11:44:45	97	1677	534
11:44:45	101	1677	539
11:44:45	93	1678	559
11:44:45	83	1675	498
11:44:45	87	1675	498
11:44:45	83	1675	497
11:44:45	91	1673	537
11:44:45	97	1676	533
11:44:45	97	1676	555
11:44:45	101	1678	534
11:44:45	103	1679	554
11:44:45	90	1676	496
11:44:45	87	1675	497
11:44:45	82	1673	501
11:44:45	80	1674	539
11:44:45	96	1674	528
11:44:45	98	1677	557
11:44:45	99	1675	537
11:44:45	111	1678	555
11:44:45	86	1674	499
11:44:45	80	1671	496
11:44:45	81	1669	529
11:44:45	97	1673	534
11:44:45	98	1673	529
11:44:45	110	1678	547
11:44:45	93	1675	534
11:44:45	111	1679	530
11:44:45	82	1670	492
11:44:45	81	1669	491
11:44:45	85	1670	528
11:44:45	96	1675	528
11:44:45	95	1671	526
11:44:45	109	1676	530
11:44:45	99	1674	531
11:44:45	112	1675	496
11:44:45	83	1671	495
11:44:45	80	1671	496
11:44:45	82	1667	527
11:44:45	97	1670	536
11:44:45	95	1673	528
11:44:45	107	1680	528
11:44:45	102	1673	530
11:44:45	95	1671	499
11:44:45	86	1670	496
11:44:45	80	1671	529
11:44:45	100	1675	529
11:44:45	99	1671	528
11:44:45	99	1670	528
11:44:45	102	1674	529
11:44:45	101	1674	533
11:44:45	83	1675	496
11:44:45	81	1670	496
11:44:45	83	1673	496
11:44:45	98	1673	533
11:44:45	104	1673	528
11:44:45	99	1667	529
11:44:45	99	1674	533
11:44:45	103	1674	541
11:44:45	89	1673	496
11:44:45	83	1670	498
11:44:45	80	1667	500
11:44:45	98	1670	531
11:44:45	99	1668	531
11:44:45	97	1673	546
11:44:45	101	1674	538
11:44:45	103	1674	553
11:44:45	89	1678	496
11:44:45	83	1674	496
11:44:45	93	1671	533
11:44:45	99	1669	534
11:44:45	97	1674	529
11:44:45	99	1677	553
11:44:45	102	1671	528
11:44:45	101	1674	528
11:44:45	98	1671	530
11:44:45	99	1674	551
11:44:45	101	1675	527
11:44:45	99	1676	526
11:44:45	99	1675	526
11:44:45	102	1678	542
11:44:45	100	1678	528
11:44:45	96	1676	525
11:44:45	95	1678	528
11:44:45	106	1679	549
11:44:45	99	1677	524
11:44:45	96	1678	527
11:44:45	97	1679	511
11:44:45	107	1679	528
11:44:45	99	1677	525
11:44:45	97	1678	511
11:44:45	96	1677	523
11:44:45	111	1680	511
11:44:45	98	1680	535
11:44:45	104	1680	539
11:44:45	101	1680	539
11:44:45	117	1682	531
11:44:45	101	1680	539
11:44:45	109	1680	540
11:44:45	105	1680	541
11:44:45	115	1685	545
11:44:45	107	1681	538
11:44:45	109	1685	542
11:44:45	107	1682	532
11:44:45	111	1687	569
11:44:45	106	1684	531
11:44:45	110	1685	539
11:44:45	111	1687	539
11:44:45	112	1687	565
11:44:45	0	1712	13
11:44:45	0	1712	79
11:44:45	0	1710	109
11:44:45	0	1710	177
11:44:45	0	1710	233
11:44:45	0	1710	263
11:44:45	0	1706	266
11:44:45	0	1702	293
11:44:45	0	1705	352
11:44:45	0	1709	371
11:44:45	0	1703	383
11:44:45	0	1702	415
11:44:45	0	1701	429
11:44:45	14	1703	451
11:44:45	8	1698	414
11:44:45	11	1697	425
11:44:45	16	1703	432
11:44:45	18	1695	439
11:44:45	26	1690	448
11:44:45	48	1691	505
11:44:45	54	1692	495
11:44:45	61	1697	511
11:44:45	50	1680	478
11:44:45	53	1685	474
11:44:45	54	1686	480
11:44:45	60	1683	479
11:44:45	62	1682	486
11:44:45	76	1683	544
11:44:45	82	1683	525
11:44:45	85	1687	545
11:44:45	71	1681	491
11:44:45	70	1680	491
11:44:45	73	1678	528
11:44:45	81	1680	528
11:44:45	84	1680	527
11:44:45	93	1685	551
11:44:45	89	1681	526
11:44:45	101	1685	549
11:44:45	80	1680	494
11:44:45	80	1680	494
11:44:45	80	1680	530
11:44:45	91	1680	528
11:44:45	91	1680	523
11:44:45	101	1683	543
11:44:45	95	1680	528
11:44:45	107	1683	507
11:44:45	80	1680	493
11:44:45	79	1677	494
11:44:45	79	1677	491
11:44:45	91	1679	530
11:44:45	94	1684	529
11:44:45	108	1680	531
11:44:45	98	1679	530
11:44:45	109	1679	508
11:44:45	80	1678	496
11:44:45	80	1677	496
11:44:45	91	1677	523
11:44:45	93	1677	529
11:44:45	94	1676	528
11:44:45	108	1671	528
11:44:45	99	1678	533
11:44:45	106	1679	509
11:44:45	88	1676	507
11:44:45	87	1675	509
11:44:45	97	1680	546
11:44:45	107	1679	535
11:44:45	98	1678	528
11:44:45	114	1678	538
11:44:45	97	1679	549
11:44:45	116	1682	511
11:44:45	91	1678	510
11:44:45	92	1678	511
11:44:45	106	1678	544
11:44:45	110	1680	551
11:44:45	101	1680	533
11:44:45	112	1681	566
11:44:45	111	1680	537
11:44:45	45	1682	256
11:44:45	31	1683	281
11:44:45	42	1682	308
11:44:45	27	1685	339
11:44:45	45	1683	337
11:44:45	16	1681	351
11:44:45	16	1680	368
11:44:45	32	1680	412
11:44:45	37	1680	430
11:44:45	42	1680	435
11:44:45	48	1681	446
11:44:45	50	1680	464
11:44:45	48	1680	441
11:44:45	47	1680	445
11:44:45	45	1678	450
11:44:45	49	1678	466
11:44:45	57	1676	475
11:44:45	71	1677	499
11:44:45	80	1678	496
11:44:45	80	1679	526
11:44:45	96	1679	491
11:44:45	66	1680	494
11:44:45	71	1675	496
11:44:45	67	1675	497
11:44:45	73	1677	500
11:44:45	75	1677	528
11:44:45	95	1678	526
11:44:45	91	1678	544
11:44:45	107	1680	510
11:44:45	91	1679	528
11:44:45	110	1681	531
11:44:45	0	1717	0
11:44:45	0	1713	48
11:44:45	0	1712	112
11:44:45	0	1711	187
11:44:45	0	1712	225
11:44:45	0	1712	283
11:44:45	0	1712	303
11:44:45	0	1712	343
11:44:45	0	1707	321
11:44:45	0	1702	337
11:44:45	0	1701	369
11:44:45	0	1698	376
11:44:45	0	1697	395
11:44:45	3	1698	457
11:44:45	15	1697	448
11:44:45	27	1700	481
11:44:45	18	1695	436
11:44:45	17	1691	443
11:44:45	26	1689	449
11:44:45	34	1690	460
11:44:45	35	1686	489
11:44:45	63	1690	526
11:44:45	64	1687	503
11:44:45	76	1694	528
11:44:45	51	1684	476
11:44:45	52	1675	475
11:44:45	62	1682	482
11:44:45	58	1680	490
11:44:45	80	1680	511
11:44:45	80	1689	532
11:44:45	83	1681	525
11:44:45	96	1686	511
11:44:45	74	1680	490
11:44:45	70	1678	493
11:44:45	73	1678	526
11:44:45	85	1680	528
11:44:45	85	1678	526
11:44:45	102	1680	528
11:44:45	93	1680	528
11:44:45	106	1679	496
11:44:45	80	1679	496
11:44:45	75	1671	495
11:44:45	77	1671	528
11:44:45	91	1677	530
11:44:45	86	1675	525
11:44:45	103	1677	511
11:44:45	94	1678	528
11:44:45	92	1675	497
11:44:45	80	1671	496
11:44:45	80	1671	496
11:44:45	95	1673	529
11:44:45	95	1675	528
11:44:45	94	1664	528
11:44:45	95	1664	528
11:44:45	99	1674	531
11:44:45	80	1671	496
11:44:45	80	1670	496
11:44:45	80	1671	494
11:44:45	97	1671	530
11:44:45	86	1675	529
11:44:45	98	1670	528
11:44:45	97	1670	538
11:44:45	98	1671	528
11:44:45	85	1674	496
11:44:45	81	1670	496
11:44:45	80	1668	497
11:44:45	77	1664	525
11:44:45	93	1671	531
11:44:45	92	1667	530
11:44:45	93	1667	528
11:44:45	98	1673	547
11:44:45	81	1666	497
11:44:45	80	1666	497
11:44:45	79	1664	496
11:44:45	95	1667	531
11:44:45	95	1666	528
11:44:45	94	1667	545
11:44:45	95	1667	529
11:44:45	101	1671	556
11:44:45	81	1664	496
11:44:45	80	1664	496
11:44:45	80	1663	496
11:44:45	94	1665	533
11:44:45	91	1662	528
11:44:45	93	1668	550
11:44:45	99	1666	528
11:44:45	102	1670	553
11:44:45	83	1665	495
11:44:45	82	1664	494
11:44:45	93	1665	529
11:44:45	97	1664	531
11:44:45	97	1663	526
11:44:45	96	1669	554
11:44:45	97	1667	528
11:44:45	103	1670	548
11:44:45	80	1664	495
11:44:45	80	1663	493
11:44:45	77	1664	494
11:44:45	91	1663	526
11:44:45	94	1664	525
11:44:45	110	1664	547
11:44:45	97	1664	531
11:44:45	109	1668	546
11:44:45	79	1663	490
11:44:45	79	1662	493
11:44:45	79	1661	490
11:44:45	82	1661	528
11:44:45	91	1663	525
11:44:45	103	1665	535
11:44:45	95	1663	528
11:44:45	107	1668	507
11:44:45	80	1661	490
11:44:45	75	1664	492
11:44:45	71	1661	527
11:44:45	90	1663	528
11:44:45	87	1661	523
11:44:45	105	1666	528
11:44:45	95	1666	527
11:44:45	109	1662	491
11:44:45	80	1661	486
11:44:45	76	1659	488
11:44:45	90	1657	526
11:44:45	94	1662	530
11:44:45	92	1661	523
11:44:45	108	1661	523
11:44:45	96	1663	526
11:44:45	103	1664	491
11:44:45	76	1648	489
11:44:45	78	1657	490
11:44:45	95	1659	524
11:44:45	92	1663	511
11:44:45	91	1662	511
11:44:45	97	1657	511
11:44:45	96	1662	528
11:44:45	81	1659	495
11:44:45	80	1659	495
11:44:45	74	1659	491
11:44:45	89	1659	527
11:44:45	94	1662	524
11:44:45	91	1658	528
11:44:45	94	1663	528
11:44:46	94	1662	527
11:44:46	81	1659	489
11:44:46	78	1657	490
11:44:46	77	1658	491
11:44:46	75	1655	491
11:44:46	89	1658	511
11:44:46	92	1658	528
11:44:46	91	1661	528
11:44:46	92	1662	542
11:44:46	81	1658	493
11:44:46	78	1657	491
11:44:46	78	1655	489
11:44:46	90	1656	525
11:44:46	91	1658	511
11:44:46	94	1659	544
11:44:46	93	1659	528
11:44:46	95	1660	542
11:44:46	80	1657	495
11:44:46	78	1654	491
11:44:46	76	1651	496
11:44:46	89	1658	528
11:44:46	92	1658	527
11:44:46	93	1660	547
11:44:46	95	1659	526
11:44:46	94	1663	544
11:44:46	67	1655	490
11:44:46	75	1651	489
11:44:46	75	1653	511
11:44:46	90	1649	525
11:44:46	89	1655	511
11:44:46	96	1665	545
11:44:46	91	1661	524
11:44:46	101	1659	545
11:44:46	76	1655	485
11:44:46	75	1651	487
11:44:46	89	1657	524
11:44:46	90	1656	525
11:44:46	87	1658	524
11:44:46	98	1661	545
11:44:46	94	1659	511
11:44:46	105	1663	530
11:44:46	80	1658	489
11:44:46	77	1653	485
11:44:46	75	1659	490
11:44:46	74	1654	511
11:44:46	86	1655	511
11:44:46	98	1660	527
11:44:46	93	1657	511
11:44:46	105	1655	496
11:44:46	75	1658	489
11:44:46	76	1651	487
11:44:46	85	1653	511
11:44:46	87	1655	525
11:44:46	88	1653	524
11:44:46	102	1655	511
11:44:46	94	1655	526
11:44:46	106	1655	492
11:44:46	79	1653	487
11:44:46	72	1653	486
11:44:46	89	1652	522
11:44:46	91	1657	511
11:44:46	89	1654	511
11:44:46	95	1654	511
11:44:46	89	1658	523
11:44:46	91	1657	521
11:44:46	91	1657	511
11:44:46	94	1659	528
11:44:46	92	1655	511
11:44:46	93	1658	511
11:44:46	91	1659	511
11:44:46	91	1661	527
11:44:46	92	1659	511
11:44:46	92	1661	511
11:44:46	93	1662	511
11:44:46	92	1665	511
11:44:46	91	1662	511
11:44:46	90	1659	511
11:44:46	86	1661	511
11:44:46	90	1663	523
11:44:46	91	1661	511
11:44:46	90	1661	511
11:44:46	90	1655	511
11:44:46	94	1663	528
11:44:46	90	1662	511
11:44:46	89	1661	511
11:44:46	91	1663	530
11:44:46	97	1652	523
11:44:46	93	1664	511
11:44:46	93	1664	511
11:44:46	92	1664	538
11:44:46	95	1655	511
11:44:46	94	1665	511
11:44:46	92	1663	511
11:44:46	93	1666	541
11:44:46	100	1667	511
11:44:46	92	1664	511
11:44:46	94	1665	511
11:44:46	97	1669	539
11:44:46	94	1665	511
11:44:46	93	1665	511
11:44:46	89	1665	511
11:44:46	100	1668	542
11:44:46	93	1666	511
11:44:46	89	1665	511
11:44:46	90	1666	511
11:44:46	112	1669	541
11:44:46	99	1667	529
11:44:46	100	1670	532
11:44:46	101	1670	525
11:44:46	101	1674	560
11:44:46	98	1670	525
11:44:46	102	1673	528
11:44:46	103	1675	528
11:44:46	102	1673	558
11:44:46	101	1673	530
11:44:46	105	1674	537
11:44:46	103	1675	536
11:44:46	103	1674	536
11:44:46	101	1676	529
11:44:46	103	1677	538
11:44:46	0	1698	0
11:44:46	0	1697	63
11:44:46	0	1695	93
11:44:46	0	1693	144
11:44:46	0	1692	213
11:44:46	0	1692	256
11:44:46	0	1693	278
11:44:46	0	1694	308
11:44:46	0	1693	342
11:44:46	0	1690	366
11:44:46	0	1687	353
11:44:46	0	1691	394
11:44:46	0	1685	419
11:44:46	6	1687	425
11:44:46	0	1687	404
11:44:46	2	1681	420
11:44:46	26	1682	454
11:44:46	32	1687	464
11:44:46	29	1683	465
11:44:46	43	1682	471
11:44:46	48	1683	482
11:44:46	54	1682	499
11:44:46	47	1680	464
11:44:46	64	1680	496
11:44:46	64	1680	498
11:44:46	66	1671	526
11:44:46	56	1680	470
11:44:46	57	1679	474
11:44:46	76	1680	509
11:44:46	79	1680	510
11:44:46	80	1680	511
11:44:46	80	1680	535
11:44:46	83	1680	511
11:44:46	81	1680	542
11:44:46	60	1678	484
11:44:46	68	1669	511
11:44:46	82	1667	522
11:44:46	84	1677	511
11:44:46	84	1676	524
11:44:46	88	1680	543
11:44:46	90	1678	525
11:44:46	100	1680	546
11:44:46	82	1675	491
11:44:46	78	1670	487
11:44:46	74	1669	492
11:44:46	77	1669	491
11:44:46	70	1666	525
11:44:46	100	1673	539
11:44:46	91	1671	528
11:44:46	105	1674	508
11:44:46	80	1665	502
11:44:46	82	1667	503
11:44:46	80	1664	506
11:44:46	80	1664	510
11:44:46	89	1666	526
11:44:46	97	1670	561
11:44:46	99	1669	531
11:44:46	105	1671	563
11:44:46	89	1667	500
11:44:46	86	1667	508
11:44:46	84	1667	506
11:44:46	102	1668	545
11:44:46	93	1666	529
11:44:46	101	1667	560
11:44:46	101	1669	541
11:44:46	106	1670	558
11:44:46	0	1709	0
11:44:46	0	1709	65
11:44:46	0	1707	122
11:44:46	0	1709	171
11:44:46	0	1706	210
11:44:46	0	1707	256
11:44:46	0	1702	283
11:44:46	0	1701	311
11:44:46	0	1698	336
11:44:46	0	1699	358
11:44:46	0	1701	391
11:44:46	0	1699	407
11:44:46	6	1703	421
11:44:46	16	1698	437
11:44:46	23	1699	450
11:44:46	32	1699	461
11:44:46	42	1701	469
11:44:46	48	1699	479
11:44:46	52	1698	486
11:44:46	57	1699	493
11:44:46	66	1700	496
11:44:46	68	1698	503
11:44:46	71	1699	507
11:44:46	79	1701	511
11:44:46	80	1698	525
11:44:46	83	1698	528
11:44:46	0	1701	0
11:44:46	0	1701	63
11:44:46	0	1699	118
11:44:46	0	1700	176
11:44:46	0	1696	192
11:44:46	0	1694	225
11:44:46	0	1693	258
11:44:46	0	1694	283
11:44:46	0	1682	336
11:44:46	0	1686	365
11:44:46	0	1690	373
11:44:46	0	1687	398
11:44:46	0	1686	386
11:44:46	0	1685	400
11:44:46	9	1684	432
11:44:46	19	1687	448
11:44:46	26	1681	452
11:44:46	32	1680	464
11:44:46	37	1683	478
11:44:46	45	1685	474
11:44:46	38	1680	455
11:44:46	39	1680	450
11:44:46	42	1679	461
11:44:46	47	1678	464
11:44:46	48	1675	466
11:44:46	65	1677	497
11:44:46	69	1676	511
11:44:46	75	1679	528
11:44:46	62	1675	480
11:44:46	64	1674	480
11:44:46	62	1670	480
11:44:46	63	1667	483
11:44:46	65	1667	492
11:44:46	80	1669	526
11:44:46	87	1669	528
11:44:46	82	1671	544
11:44:46	70	1666	487
11:44:46	71	1667	487
11:44:46	70	1664	490
11:44:46	67	1661	494
11:44:46	81	1665	527
11:44:46	81	1664	544
11:44:46	91	1665	526
11:44:46	90	1667	546
11:44:46	75	1664	491
11:44:46	74	1665	492
11:44:46	75	1662	503
11:44:46	91	1663	525
11:44:46	87	1664	525
11:44:46	96	1664	544
11:44:46	94	1664	527
11:44:46	103	1667	545
11:44:46	81	1663	485
11:44:46	74	1664	486
11:44:46	73	1663	511
11:44:46	89	1663	524
11:44:46	89	1663	511
11:44:46	102	1666	543
11:44:46	93	1664	511
11:44:46	105	1665	544
11:44:46	77	1662	489
11:44:46	76	1659	485
11:44:46	74	1664	525
11:44:46	90	1663	524
11:44:46	94	1661	511
11:44:46	99	1665	533
11:44:46	96	1665	526
11:44:46	107	1666	506
11:44:46	80	1659	490
11:44:46	78	1661	489
11:44:46	92	1662	528
11:44:46	99	1663	528
11:44:46	91	1661	511
11:44:46	112	1665	534
11:44:46	100	1663	531
11:44:46	112	1669	560
11:44:46	87	1664	496
11:44:46	82	1664	501
11:44:46	89	1663	496
11:44:46	99	1664	532
11:44:46	93	1663	525
11:44:46	99	1667	559
11:44:46	100	1665	535
11:44:46	107	1669	560
11:44:46	90	1665	502
11:44:46	80	1664	502
11:44:46	48	1670	304
11:44:46	43	1670	327
11:44:46	51	1674	354
11:44:46	42	1669	368
11:44:46	43	1667	385
11:44:46	45	1669	401
11:44:46	57	1671	418
11:44:46	48	1670	422
11:44:46	48	1670	432
11:44:46	49	1669	442
11:44:46	64	1670	448
11:44:46	57	1671	461
11:44:46	58	1670	464
11:44:46	61	1668	469
11:44:46	67	1669	475
11:44:46	64	1670	478
11:44:46	64	1669	486
11:44:46	67	1669	486
11:44:46	70	1669	499
11:44:46	71	1669	495
11:44:46	74	1670	498
11:44:46	73	1673	497
11:44:46	75	1671	506
11:44:46	83	1675	511
11:44:46	85	1674	511
11:44:46	87	1675	523
11:44:46	87	1675	526
11:44:46	92	1677	527
11:44:46	93	1674	528
11:44:46	95	1675	528
11:44:46	111	1677	528
11:44:46	96	1677	530
11:44:46	98	1679	530
11:44:46	93	1678	528
11:44:46	112	1680	528
11:44:46	98	1678	528
11:44:46	102	1680	531
11:44:46	102	1679	530
11:44:46	112	1681	560
11:44:46	0	1697	0
11:44:46	0	1698	86
11:44:46	0	1694	122
11:44:46	0	1696	193
11:44:46	0	1694	184
11:44:46	0	1687	215
11:44:46	0	1689	282
11:44:46	0	1690	310
11:44:46	0	1689	336
11:44:46	0	1690	381
11:44:46	0	1680	377
11:44:46	0	1690	415
11:44:46	0	1682	377
11:44:46	0	1680	390
11:44:46	0	1681	403
11:44:46	0	1680	413
11:44:46	6	1680	448
11:44:46	42	1680	466
11:44:46	39	1679	465
11:44:46	52	1684	461
11:44:46	34	1676	449
11:44:46	37	1675	455
11:44:46	35	1676	459
11:44:46	49	1674	478
11:44:46	64	1672	495
11:44:46	78	1678	511
11:44:46	76	1675	511
11:44:46	89	1680	547
11:44:46	64	1670	481
11:44:46	66	1674	493
11:44:46	81	1673	511
11:44:46	87	1675	526
11:44:46	80	1673	511
11:44:46	90	1678	553
11:44:46	96	1674	527
11:44:46	97	1680	554
11:44:46	82	1673	499
11:44:46	75	1673	498
11:44:46	80	1675	533
11:44:46	0	1719	13
11:44:46	0	1715	75
11:44:46	0	1719	132
11:44:46	0	1715	201
11:44:46	0	1717	227
11:44:46	0	1714	261
11:44:46	0	1714	293
11:44:46	0	1714	339
11:44:46	0	1712	348
11:44:46	0	1714	367
11:44:46	0	1711	389
11:44:46	0	1712	423
11:44:46	3	1710	418
11:44:46	11	1711	431
11:44:46	19	1709	444
11:44:46	26	1709	472
11:44:46	32	1705	461
11:44:46	47	1707	480
11:44:46	52	1706	480
11:44:46	59	1707	522
11:44:46	64	1707	496
11:44:46	68	1707	506
11:44:46	74	1707	506
11:44:46	75	1706	511
11:44:46	79	1706	511
11:44:46	81	1707	528
11:44:46	83	1707	529
11:44:46	85	1706	530
11:44:46	87	1705	537
11:44:46	91	1706	533
11:44:46	96	1707	537
11:44:46	94	1707	538
11:44:46	108	1705	534
11:44:46	0	1701	64
11:44:46	0	1698	118
11:44:46	0	1699	211
11:44:46	0	1702	240
11:44:46	0	1701	295
11:44:46	0	1695	275
11:44:46	0	1694	303
11:44:46	0	1692	326
11:44:46	0	1687	350
11:44:46	0	1690	394
11:44:46	7	1692	430
11:44:46	19	1689	428
11:44:46	23	1694	455
11:44:46	16	1686	418
11:44:46	18	1683	426
11:44:46	38	1683	464
11:44:46	46	1685	467
11:44:46	48	1683	476
11:44:46	57	1686	502
11:44:46	59	1682	485
11:44:46	77	1685	511
11:44:46	55	1680	464
11:44:46	51	1680	465
11:44:46	69	1681	498
11:44:46	74	1680	505
11:44:46	75	1682	507
11:44:46	83	1681	538
11:44:46	82	1680	511
11:44:46	91	1682	511
11:44:46	68	1680	487
11:44:46	59	1678	485
11:44:46	66	1675	485
11:44:46	69	1674	489
11:44:46	70	1674	526
11:44:46	96	1678	528
11:44:46	90	1680	527
11:44:46	103	1671	501
11:44:46	78	1671	493
11:44:46	77	1670	496
11:44:46	74	1673	493
11:44:46	75	1666	494
11:44:46	87	1668	527
11:44:46	97	1677	527
11:44:46	90	1667	528
11:44:46	86	1667	496
11:44:46	80	1664	496
11:44:46	77	1663	495
11:44:46	76	1662	496
11:44:46	81	1663	496
11:44:46	89	1664	528
11:44:46	96	1665	528
11:44:46	96	1664	529
11:44:46	83	1662	497
11:44:46	79	1661	499
11:44:46	80	1651	496
11:44:46	93	1666	531
11:44:46	96	1663	528
11:44:46	94	1664	531
11:44:46	94	1663	525
11:44:46	98	1666	531
11:44:46	81	1662	501
11:44:46	80	1659	496
11:44:46	80	1659	497
11:44:46	91	1662	528
11:44:46	105	1662	528
11:44:46	93	1662	527
11:44:46	96	1662	528
11:44:46	98	1664	529
11:44:46	81	1662	496
11:44:46	80	1662	496
11:44:46	80	1658	496
11:44:46	75	1658	523
11:44:46	93	1661	526
11:44:46	86	1660	543
11:44:46	95	1659	528
11:44:46	97	1664	546
11:44:46	80	1660	495
11:44:46	82	1659	492
11:44:46	78	1657	491
11:44:46	91	1659	523
11:44:46	92	1658	511
11:44:46	97	1663	544
11:44:46	95	1661	527
11:44:46	100	1664	543
11:44:46	79	1661	486
11:44:46	75	1658	490
11:44:46	71	1655	511
11:44:46	90	1658	527
11:44:46	87	1659	523
11:44:46	101	1661	545
11:44:46	91	1659	526
11:44:46	101	1663	544
11:44:46	76	1657	483
11:44:46	80	1655	491
11:44:46	79	1653	511
11:44:46	89	1658	511
11:44:46	86	1661	511
11:44:46	101	1661	528
11:44:46	93	1660	511
11:44:46	108	1661	495
11:44:46	78	1658	494
11:44:46	75	1658	492
11:44:46	91	1658	523
11:44:46	93	1658	525
11:44:46	91	1659	526
11:44:46	109	1661	511
11:44:46	96	1661	511
11:44:46	100	1659	491
11:44:46	79	1655	487
11:44:46	78	1655	490
11:44:46	78	1653	489
11:44:46	94	1657	526
11:44:46	91	1655	511
11:44:46	97	1659	511
11:44:46	94	1658	530
11:44:46	80	1655	493
11:44:46	80	1654	493
11:44:46	77	1654	493
11:44:46	69	1651	491
11:44:46	89	1655	525
11:44:47	87	1655	523
11:44:47	89	1654	528
11:44:47	91	1647	526
11:44:47	80	1655	492
11:44:47	76	1651	488
11:44:47	75	1653	491
11:44:47	85	1654	523
11:44:47	90	1653	511
11:44:47	89	1656	530
11:44:47	89	1657	527
11:44:47	93	1657	543
11:44:47	80	1654	489
11:44:47	74	1651	486
11:44:47	73	1650	486
11:44:47	88	1652	523
11:44:47	89	1653	523
11:44:47	90	1653	549
11:44:47	95	1656	523
11:44:47	90	1658	545
11:44:47	79	1654	491
11:44:47	74	1652	486
11:44:47	74	1651	491
11:44:47	86	1655	527
11:44:47	87	1657	511
11:44:47	89	1659	543
11:44:47	91	1656	527
11:44:47	96	1663	539
11:44:47	77	1651	488
11:44:47	73	1653	491
11:44:47	83	1654	511
11:44:47	85	1654	511
11:44:47	84	1654	522
11:44:47	96	1657	541
11:44:47	92	1654	511
11:44:47	103	1659	542
11:44:47	75	1651	482
11:44:47	76	1645	481
11:44:47	75	1654	511
11:44:47	90	1653	511
11:44:47	86	1659	511
11:44:47	101	1657	528
11:44:47	95	1655	525
11:44:47	108	1661	497
11:44:47	80	1651	483
11:44:47	75	1653	481
11:44:47	77	1650	483
11:44:47	90	1654	528
11:44:47	93	1655	523
11:44:47	102	1654	511
11:44:47	93	1657	528
11:44:47	103	1654	486
11:44:47	76	1651	487
11:44:47	78	1650	486
11:44:47	86	1653	511
11:44:47	90	1651	525
11:44:47	90	1648	511
11:44:47	95	1652	511
11:44:47	94	1655	511
11:44:47	83	1656	491
11:44:47	75	1650	487
11:44:47	83	1655	511
11:44:47	87	1654	527
11:44:47	86	1654	511
11:44:47	88	1655	511
11:44:47	90	1655	523
11:44:47	93	1659	511
11:44:47	80	1657	499
11:44:47	79	1654	490
11:44:47	73	1653	511
11:44:47	91	1655	528
11:44:47	91	1653	511
11:44:47	90	1653	511
11:44:47	87	1658	526
11:44:47	101	1657	539
11:44:47	80	1654	491
11:44:47	74	1652	494
11:44:47	86	1655	523
11:44:47	97	1659	538
11:44:47	92	1656	511
11:44:47	90	1662	525
11:44:47	86	1659	527
11:44:47	102	1659	546
11:44:47	85	1659	497
11:44:47	83	1657	498
11:44:47	85	1657	503
11:44:47	101	1659	537
11:44:47	96	1659	523
11:44:47	93	1657	526
11:44:47	98	1658	531
11:44:47	103	1663	535
11:44:47	89	1661	503
11:44:47	98	1662	528
11:44:47	95	1660	511
11:44:47	0	1697	0
11:44:47	0	1697	59
11:44:47	0	1696	118
11:44:47	0	1693	174
11:44:47	0	1694	180
11:44:47	0	1687	247
11:44:47	0	1691	282
11:44:47	0	1693	310
11:44:47	0	1689	306
11:44:47	0	1685	330
11:44:47	0	1683	346
11:44:47	0	1683	394
11:44:47	0	1683	410
11:44:47	3	1682	417
11:44:47	16	1682	429
11:44:47	20	1681	443
11:44:47	21	1682	427
11:44:47	16	1680	433
11:44:47	38	1681	471
11:44:47	48	1680	476
11:44:47	48	1680	474
11:44:47	54	1680	482
11:44:47	60	1680	496
11:44:47	64	1680	495
11:44:47	53	1679	465
11:44:47	53	1678	469
11:44:47	54	1673	467
11:44:47	73	1676	502
11:44:47	79	1675	501
11:44:47	77	1675	503
11:44:47	79	1679	511
11:44:47	83	1675	528
11:44:47	67	1673	483
11:44:47	64	1670	483
11:44:47	81	1674	511
11:44:47	85	1674	525
11:44:47	82	1671	511
11:44:47	84	1674	532
11:44:47	84	1670	511
11:44:47	88	1671	540
11:44:47	78	1668	487
11:44:47	70	1668	490
11:44:47	76	1667	487
11:44:47	87	1667	529
11:44:47	89	1667	527
11:44:47	90	1669	557
11:44:47	97	1671	542
11:44:47	101	1671	556
11:44:47	86	1670	507
11:44:47	85	1667	501
11:44:47	85	1667	507
11:44:47	84	1666	510
11:44:47	83	1665	511
11:44:47	95	1665	528
11:44:47	96	1667	540
11:44:47	104	1669	546
11:44:47	96	1667	511
11:44:47	92	1665	510
11:44:47	86	1664	511
11:44:47	85	1663	511
11:44:47	0	1691	0
11:44:47	0	1690	64
11:44:47	0	1691	116
11:44:47	0	1689	174
11:44:47	0	1682	194
11:44:47	0	1683	221
11:44:47	0	1681	263
11:44:47	0	1682	310
11:44:47	0	1685	327
11:44:47	0	1682	356
11:44:47	0	1682	387
11:44:47	0	1683	404
11:44:47	0	1681	397
11:44:47	0	1681	398
11:44:47	6	1680	418
11:44:47	14	1680	432
11:44:47	19	1679	440
11:44:47	33	1679	462
11:44:47	46	1678	464
11:44:47	53	1680	491
11:44:47	62	1680	468
11:44:47	48	1678	469
11:44:47	50	1677	477
11:44:47	53	1675	479
11:44:47	59	1673	486
11:44:47	67	1675	498
11:44:47	90	1673	507
11:44:47	0	1719	5
11:44:47	0	1719	70
11:44:47	0	1715	128
11:44:47	0	1716	176
11:44:47	0	1714	226
11:44:47	0	1712	258
11:44:47	0	1712	290
11:44:47	0	1712	320
11:44:47	0	1712	349
11:44:47	0	1711	367
11:44:47	0	1708	385
11:44:47	0	1708	401
11:44:47	9	1708	419
11:44:47	11	1703	429
11:44:47	17	1709	441
11:44:47	29	1706	477
11:44:47	36	1705	464
11:44:47	47	1706	480
11:44:47	52	1706	486
11:44:47	59	1707	496
11:44:47	64	1708	495
11:44:47	70	1707	507
11:44:47	74	1706	510
11:44:47	79	1706	511
11:44:47	77	1706	528
11:44:47	82	1706	527
11:44:47	85	1705	528
11:44:47	86	1704	528
11:44:47	94	1705	529
11:44:47	92	1703	531
11:44:47	95	1705	534
11:44:47	95	1706	534
11:44:47	112	1705	533
11:44:47	2	1697	155
11:44:47	0	1696	198
11:44:47	1	1699	282
11:44:47	4	1696	303
11:44:47	11	1697	343
11:44:47	0	1689	320
11:44:47	0	1691	336
11:44:47	0	1691	359
11:44:47	1	1680	379
11:44:47	15	1686	419
11:44:47	25	1687	451
11:44:47	35	1686	445
11:44:47	39	1686	474
11:44:47	31	1682	434
11:44:47	36	1682	437
11:44:47	48	1681	479
11:44:47	58	1681	483
11:44:47	58	1680	486
11:44:47	64	1683	511
11:44:47	67	1681	496
11:44:47	80	1683	526
11:44:47	58	1680	469
11:44:47	61	1668	476
11:44:47	65	1680	503
11:44:47	77	1680	508
11:44:47	78	1677	509
11:44:47	90	1680	542
11:44:47	87	1679	511
11:44:47	95	1680	528
11:44:47	75	1678	486
11:44:47	68	1674	487
11:44:47	68	1674	487
11:44:47	66	1671	494
11:44:47	71	1673	525
11:44:47	97	1674	528
11:44:47	89	1672	526
11:44:47	102	1673	500
11:44:47	74	1670	490
11:44:47	74	1667	494
11:44:47	69	1666	493
11:44:47	70	1665	494
11:44:47	74	1665	530
11:44:47	103	1667	528
11:44:47	91	1665	529
11:44:47	106	1666	499
11:44:47	77	1666	496
11:44:47	78	1663	496
11:44:47	75	1662	496
11:44:47	78	1662	496
11:44:47	88	1661	528
11:44:47	100	1664	526
11:44:47	94	1663	525
11:44:47	90	1661	495
11:44:47	77	1661	495
11:44:47	75	1659	493
11:44:47	93	1661	528
11:44:47	93	1664	523
11:44:47	91	1662	511
11:44:47	93	1662	511
11:44:47	97	1663	528
11:44:47	85	1659	496
11:44:47	78	1661	496
11:44:47	80	1665	493
11:44:47	91	1661	528
11:44:47	95	1661	524
11:44:47	93	1662	511
11:44:47	93	1663	529
11:44:47	96	1661	530
11:44:47	80	1661	491
11:44:47	78	1659	492
11:44:47	78	1649	493
11:44:47	74	1655	525
11:44:47	94	1660	523
11:44:47	87	1658	533
11:44:47	90	1659	526
11:44:47	92	1661	544
11:44:47	80	1661	494
11:44:47	80	1657	490
11:44:47	77	1655	493
11:44:47	75	1655	523
11:44:47	89	1663	511
11:44:47	92	1662	548
11:44:47	94	1658	525
11:44:47	91	1663	544
11:44:47	77	1655	491
11:44:47	75	1654	488
11:44:47	77	1652	491
11:44:47	87	1652	525
11:44:47	89	1655	524
11:44:47	87	1659	547
11:44:47	92	1657	511
11:44:47	101	1662	547
11:44:47	81	1653	487
11:44:47	80	1654	487
11:44:47	77	1655	511
11:44:47	87	1658	524
11:44:47	89	1656	526
11:44:47	101	1658	543
11:44:47	96	1658	523
11:44:47	105	1662	530
11:44:47	80	1655	480
11:44:47	75	1653	483
11:44:47	73	1653	523
11:44:47	90	1655	523
11:44:47	90	1655	509
11:44:47	86	1655	507
11:44:47	87	1655	509
11:44:47	85	1657	509
11:44:47	87	1658	511
11:44:47	86	1657	511
11:44:47	87	1655	511
11:44:47	86	1659	511
11:44:47	89	1658	510
11:44:47	86	1659	511
11:44:47	87	1659	510
11:44:47	87	1658	511
11:44:47	89	1658	509
11:44:47	87	1660	511
11:44:47	89	1657	511
11:44:47	87	1655	511
11:44:47	87	1658	511
11:44:47	90	1655	511
11:44:47	87	1660	510
11:44:47	90	1658	511
11:44:47	89	1657	511
11:44:47	90	1659	511
11:44:47	88	1658	511
11:44:47	89	1659	511
11:44:47	87	1658	511
11:44:47	87	1658	511
11:44:47	91	1659	511
11:44:47	90	1659	511
11:44:47	91	1660	511
11:44:47	91	1659	511
11:44:47	89	1658	511
11:44:47	91	1659	511
11:44:47	93	1658	511
11:44:47	90	1659	511
11:44:47	90	1658	511
11:44:47	94	1658	511
11:44:47	90	1659	523
11:44:47	94	1663	527
11:44:47	86	1659	526
11:44:47	91	1660	511
11:44:47	91	1660	511
11:44:47	89	1662	526
11:44:47	98	1661	536
11:44:47	80	1659	489
11:44:47	74	1659	493
11:44:47	77	1654	488
11:44:47	90	1659	525
11:44:47	87	1660	511
11:44:47	87	1658	535
11:44:47	89	1662	528
11:44:47	95	1662	543
11:44:47	77	1658	486
11:44:47	73	1655	485
11:44:47	87	1658	511
11:44:47	94	1659	528
11:44:47	88	1657	511
11:44:47	93	1657	511
11:44:47	93	1658	511
11:44:47	98	1661	533
11:44:47	99	1661	529
11:44:47	99	1662	533
11:44:47	102	1664	531
11:44:47	101	1663	533
11:44:47	102	1663	532
11:44:47	105	1664	531
11:44:47	104	1664	543
11:44:47	107	1666	536
11:44:47	90	1665	505
11:44:47	89	1664	496
11:44:47	90	1664	506
11:44:47	0	1706	1
11:44:47	0	1703	77
11:44:47	0	1702	130
11:44:47	0	1699	151
11:44:47	0	1701	215
11:44:47	0	1700	254
11:44:47	0	1703	301
11:44:47	0	1696	291
11:44:47	0	1702	337
11:44:47	0	1696	369
11:44:47	0	1697	400
11:44:47	0	1694	219
11:44:47	0	1695	258
11:44:47	0	1694	294
11:44:47	0	1693	295
11:44:47	0	1694	342
11:44:47	0	1693	363
11:44:47	5	1691	385
11:44:47	0	1691	377
11:44:47	1	1690	390
11:44:47	19	1682	429
11:44:47	30	1690	443
11:44:47	40	1687	447
11:44:47	36	1687	425
11:44:47	28	1685	395
11:44:47	43	1687	446
11:44:47	49	1686	448
11:44:47	54	1690	470
11:44:47	45	1680	432
11:44:47	45	1681	447
11:44:47	62	1682	478
11:44:47	64	1687	482
11:44:47	64	1682	483
11:44:47	67	1684	509
11:44:47	75	1682	494
11:44:47	76	1690	527
11:44:47	61	1681	471
11:44:47	75	1680	526
11:44:47	80	1680	501
11:44:47	80	1684	532
11:44:47	66	1680	475
11:44:47	65	1678	502
11:44:47	80	1680	511
11:44:47	86	1679	511
11:44:47	81	1680	509
11:44:47	84	1680	543
11:44:47	85	1679	523
11:44:47	94	1680	541
11:44:47	74	1676	482
11:44:47	87	1680	544
11:44:47	95	1680	525
11:44:47	97	1680	541
11:44:47	73	1675	486
11:44:47	96	1680	541
11:44:47	92	1677	523
11:44:47	101	1679	542
11:44:47	77	1675	494
11:44:47	80	1673	527
11:44:47	90	1674	527
11:44:47	90	1675	527
11:44:47	88	1671	511
11:44:47	97	1677	528
11:44:47	96	1680	525
11:44:47	102	1673	496
11:44:47	77	1671	511
11:44:47	105	1674	511
11:44:47	94	1675	526
11:44:47	106	1674	487
11:44:47	80	1669	485
11:44:47	73	1666	484
11:44:47	74	1664	488
11:44:47	66	1655	489
11:44:47	87	1666	511
11:44:47	94	1666	511
11:44:47	92	1666	528
11:44:47	81	1667	493
11:44:47	74	1664	493
11:44:47	74	1664	495
11:44:47	70	1661	494
11:44:47	72	1658	496
11:44:47	91	1662	528
11:44:47	92	1661	531
11:44:47	95	1664	532
11:44:47	80	1661	496
11:44:47	79	1661	496
11:44:47	77	1658	496
11:44:47	75	1657	496
11:44:47	75	1655	495
11:44:47	90	1658	527
11:44:47	87	1659	531
11:44:47	93	1659	528
11:44:47	80	1658	497
11:44:47	80	1653	494
11:44:47	72	1654	494
11:44:47	73	1650	495
11:44:47	71	1649	496
11:44:47	91	1655	527
11:44:47	85	1658	531
11:44:47	94	1654	546
11:44:47	79	1654	496
11:44:47	77	1651	493
11:44:47	74	1652	493
11:44:47	75	1651	496
11:44:47	73	1651	526
11:44:47	84	1651	544
11:44:47	94	1649	530
11:44:47	88	1655	545
11:44:47	79	1649	486
11:44:47	70	1648	485
11:44:47	72	1650	495
11:44:47	86	1650	522
11:44:47	85	1652	511
11:44:47	87	1655	544
11:44:47	91	1652	523
11:44:47	96	1657	542
11:44:47	72	1652	483
11:44:47	74	1648	483
11:44:47	72	1649	483
11:44:47	73	1649	485
11:44:47	68	1648	511
11:44:47	99	1651	528
11:44:47	83	1650	511
11:44:47	87	1655	507
11:44:47	72	1648	477
11:44:47	71	1648	483
11:44:47	68	1647	483
11:44:47	81	1649	511
11:44:47	74	1651	511
11:44:47	97	1651	511
11:44:47	87	1649	511
11:44:47	100	1651	491
11:44:47	75	1649	484
11:44:47	73	1649	483
11:44:47	85	1651	527
11:44:47	89	1650	511
11:44:47	85	1653	511
11:44:47	93	1653	510
11:44:47	79	1655	511
11:44:47	80	1654	487
11:44:47	75	1649	487
11:44:47	69	1650	485
11:44:47	85	1651	524
11:44:47	86	1646	511
11:44:47	85	1654	511
11:44:47	86	1654	523
11:44:47	91	1654	511
11:44:47	76	1652	491
11:44:47	74	1652	490
11:44:47	73	1650	486
11:44:47	70	1648	490
11:44:47	83	1653	511
11:44:47	85	1650	511
11:44:48	85	1653	527
11:44:48	91	1654	529
11:44:48	79	1653	488
11:44:48	78	1652	488
11:44:48	73	1649	491
11:44:48	85	1653	525
11:44:48	86	1653	511
11:44:48	85	1653	539
11:44:48	91	1655	527
11:44:48	87	1661	546
11:44:48	70	1653	491
11:44:48	82	1653	538
11:44:48	91	1655	521
11:44:48	89	1661	541
11:44:48	78	1654	482
11:44:48	77	1657	482
11:44:48	74	1654	501
11:44:48	86	1653	511
11:44:48	84	1657	511
11:44:48	84	1659	549
11:44:48	88	1659	511
11:44:48	96	1661	543
11:44:48	77	1655	491
11:44:48	74	1652	487
11:44:48	73	1651	511
11:44:48	85	1657	528
11:44:48	83	1655	525
11:44:48	93	1661	544
11:44:48	93	1659	526
11:44:48	98	1661	543
11:44:48	78	1654	483
11:44:48	73	1655	511
11:44:48	89	1655	523
11:44:48	90	1659	524
11:44:48	89	1662	511
11:44:48	100	1662	528
11:44:48	90	1659	511
11:44:48	103	1665	503
11:44:48	75	1659	480
11:44:48	77	1658	482
11:44:48	85	1659	509
11:44:48	86	1659	511
11:44:48	86	1659	511
11:44:48	99	1661	511
11:44:48	89	1660	511
11:44:48	110	1662	503
11:44:48	80	1659	528
11:44:48	103	1664	511
11:44:48	92	1664	523
11:44:48	105	1663	496
11:44:48	84	1662	501
11:44:48	80	1661	503
11:44:48	80	1658	503
11:44:48	97	1663	529
11:44:48	89	1661	527
11:44:48	106	1667	529
11:44:48	90	1663	527
11:44:48	112	1667	509
11:44:48	0	1705	0
11:44:48	0	1703	64
11:44:48	0	1706	121
11:44:48	0	1703	179
11:44:48	0	1701	195
11:44:48	0	1698	225
11:44:48	0	1695	259
11:44:48	0	1693	315
11:44:48	0	1695	342
11:44:48	0	1695	359
11:44:48	0	1695	375
11:44:48	0	1695	398
11:44:48	0	1696	387
11:44:48	0	1690	400
11:44:48	15	1692	434
11:44:48	18	1692	448
11:44:48	28	1689	455
11:44:48	34	1687	462
11:44:48	43	1687	463
11:44:48	55	1687	477
11:44:48	41	1689	459
11:44:48	39	1686	461
11:44:48	47	1682	464
11:44:48	46	1680	467
11:44:48	48	1680	467
11:44:48	65	1683	498
11:44:48	69	1682	511
11:44:48	74	1680	510
11:44:48	62	1677	483
11:44:48	65	1680	486
11:44:48	64	1679	487
11:44:48	65	1678	499
11:44:48	76	1679	505
11:44:48	80	1677	523
11:44:48	80	1679	547
11:44:48	93	1680	542
11:44:48	80	1680	510
11:44:48	81	1678	499
11:44:48	84	1677	511
11:44:48	95	1678	544
11:44:48	96	1679	530
11:44:48	92	1677	537
11:44:48	109	1679	536
11:44:48	102	1680	543
11:44:48	115	1678	510
11:44:48	86	1679	509
11:44:48	87	1677	511
11:44:48	0	1728	0
11:44:48	0	1723	60
11:44:48	0	1723	144
11:44:48	0	1724	199
11:44:48	0	1723	235
11:44:48	0	1725	291
11:44:48	0	1721	309
11:44:48	0	1722	361
11:44:48	0	1717	325
11:44:48	0	1713	350
11:44:48	0	1712	368
11:44:48	0	1710	384
11:44:48	0	1709	430
11:44:48	17	1712	459
11:44:48	22	1710	452
11:44:48	40	1712	464
11:44:48	20	1706	438
11:44:48	24	1703	445
11:44:48	31	1700	452
11:44:48	37	1697	464
11:44:48	43	1702	495
11:44:48	70	1702	507
11:44:48	66	1699	510
11:44:48	81	1702	496
11:44:48	61	1692	482
11:44:48	62	1693	484
11:44:48	63	1688	491
11:44:48	65	1691	490
11:44:48	78	1691	528
11:44:48	93	1691	528
11:44:48	85	1691	531
11:44:48	100	1696	499
11:44:48	78	1687	496
11:44:48	73	1686	496
11:44:48	87	1688	532
11:44:48	91	1685	529
11:44:48	90	1687	525
11:44:48	89	1687	528
11:44:48	96	1690	532
11:44:48	80	1690	498
11:44:48	83	1684	503
11:44:48	79	1682	496
11:44:48	91	1687	533
11:44:48	94	1682	529
11:44:48	93	1684	535
11:44:48	100	1684	540
11:44:48	97	1684	531
11:44:48	85	1682	500
11:44:48	82	1680	501
11:44:48	95	1680	532
11:44:48	97	1681	533
11:44:48	103	1680	530
11:44:48	101	1680	530
11:44:48	99	1681	538
11:44:48	103	1678	538
11:44:48	86	1682	501
11:44:48	84	1681	498
11:44:48	80	1680	498
11:44:48	95	1680	534
11:44:48	100	1680	529
11:44:48	99	1680	531
11:44:48	100	1680	535
11:44:48	102	1681	553
11:44:48	87	1680	499
11:44:48	83	1680	501
11:44:48	80	1677	501
11:44:48	81	1677	532
11:44:48	94	1679	528
11:44:48	95	1680	553
11:44:48	97	1681	535
11:44:48	90	1680	555
11:44:48	85	1679	498
11:44:48	80	1675	496
11:44:48	80	1673	496
11:44:48	96	1677	532
11:44:48	94	1677	528
11:44:48	96	1680	555
11:44:48	102	1670	533
11:44:48	109	1680	554
11:44:48	86	1675	495
11:44:48	80	1675	496
11:44:48	81	1672	527
11:44:48	95	1675	528
11:44:48	97	1675	528
11:44:48	105	1679	552
11:44:48	101	1678	531
11:44:48	110	1680	549
11:44:48	85	1674	493
11:44:48	80	1671	494
11:44:48	100	1675	528
11:44:48	99	1675	531
11:44:48	95	1675	528
11:44:48	108	1679	535
11:44:48	101	1677	528
11:44:48	108	1678	499
11:44:48	81	1673	487
11:44:48	80	1674	491
11:44:48	93	1671	529
11:44:48	94	1675	528
11:44:48	94	1672	526
11:44:48	110	1675	528
11:44:48	98	1674	528
11:44:48	109	1674	495
11:44:48	82	1671	496
11:44:48	80	1670	494
11:44:48	80	1669	494
11:44:48	90	1671	530
11:44:48	90	1667	525
11:44:48	105	1674	528
11:44:48	97	1671	529
11:44:48	94	1671	496
11:44:48	80	1670	496
11:44:48	80	1668	498
11:44:48	91	1669	529
11:44:48	93	1675	527
11:44:48	95	1669	528
11:44:48	92	1670	526
11:44:48	100	1670	530
11:44:48	82	1671	499
11:44:48	80	1669	496
11:44:48	78	1667	496
11:44:48	94	1667	532
11:44:48	95	1669	528
11:44:48	92	1669	528
11:44:48	94	1667	529
11:44:48	98	1669	528
11:44:48	81	1667	497
11:44:48	79	1667	496
11:44:48	79	1666	507
11:44:48	93	1669	537
11:44:48	95	1676	528
11:44:48	91	1669	528
11:44:48	97	1669	528
11:44:48	97	1671	533
11:44:48	84	1668	499
11:44:48	81	1666	496
11:44:48	80	1665	496
11:44:48	96	1666	535
11:44:48	95	1668	528
11:44:48	88	1667	528
11:44:48	97	1673	530
11:44:48	99	1671	551
11:44:48	84	1670	496
11:44:48	80	1667	499
11:44:48	80	1667	496
11:44:48	79	1665	496
11:44:48	90	1665	529
11:44:48	91	1665	542
11:44:48	93	1671	535
11:44:48	98	1670	546
11:44:48	80	1666	496
11:44:48	79	1664	496
11:44:48	79	1664	496
11:44:48	94	1668	535
11:44:48	96	1666	529
11:44:48	96	1666	550
11:44:48	101	1669	531
11:44:48	98	1674	547
11:44:48	80	1668	496
11:44:48	80	1664	493
11:44:48	80	1664	496
11:44:48	94	1669	529
11:44:48	92	1667	522
11:44:48	94	1669	549
11:44:48	94	1670	533
11:44:48	98	1671	550
11:44:48	80	1667	496
11:44:48	81	1666	496
11:44:48	91	1666	528
11:44:48	94	1666	528
11:44:48	93	1667	528
11:44:48	99	1669	548
11:44:48	97	1670	532
11:44:48	106	1671	546
11:44:48	82	1658	493
11:44:48	80	1667	491
11:44:48	78	1669	524
11:44:48	93	1667	526
11:44:48	93	1666	528
11:44:48	106	1671	540
11:44:48	92	1669	534
11:44:48	107	1673	528
11:44:48	80	1667	489
11:44:48	79	1663	489
11:44:48	80	1664	489
11:44:48	90	1666	529
11:44:48	90	1664	523
11:44:48	105	1668	529
11:44:48	96	1666	527
11:44:48	107	1671	502
11:44:48	80	1664	491
11:44:48	80	1663	493
11:44:48	77	1663	492
11:44:48	95	1664	528
11:44:48	88	1666	525
11:44:48	106	1666	528
11:44:48	97	1666	526
11:44:48	106	1666	495
11:44:48	81	1665	495
11:44:48	80	1662	496
11:44:48	89	1665	528
11:44:48	94	1665	529
11:44:48	91	1664	511
11:44:48	102	1665	527
11:44:48	97	1666	529
11:44:48	91	1666	496
11:44:48	83	1664	495
11:44:48	80	1661	496
11:44:48	92	1663	528
11:44:48	96	1664	533
11:44:48	95	1665	528
11:44:48	97	1665	526
11:44:48	97	1665	530
11:44:48	83	1665	496
11:44:48	84	1664	496
11:44:48	78	1663	495
11:44:48	95	1665	531
11:44:48	96	1665	527
11:44:48	93	1666	526
11:44:48	95	1665	529
11:44:48	98	1666	528
11:44:48	82	1665	496
11:44:48	90	1668	496
11:44:48	79	1663	496
11:44:48	79	1663	501
11:44:48	94	1663	528
11:44:48	95	1664	528
11:44:48	94	1664	534
11:44:48	97	1667	533
11:44:48	85	1664	496
11:44:48	80	1662	496
11:44:48	80	1662	495
11:44:48	93	1662	529
11:44:48	97	1662	527
11:44:48	96	1664	527
11:44:48	82	1665	531
11:44:48	99	1664	546
11:44:48	80	1663	496
11:44:48	80	1662	493
11:44:48	80	1659	496
11:44:48	96	1664	529
11:44:48	93	1663	528
11:44:48	94	1664	543
11:44:48	98	1664	528
11:44:48	94	1664	526
11:44:48	98	1665	525
11:44:48	94	1667	546
11:44:48	96	1665	511
11:44:48	96	1667	523
11:44:48	97	1666	528
11:44:48	95	1669	543
11:44:48	93	1668	523
11:44:48	95	1667	511
11:44:48	97	1667	511
11:44:48	94	1671	546
11:44:48	97	1668	511
11:44:48	92	1666	511
11:44:48	95	1668	511
11:44:48	102	1673	541
11:44:48	94	1670	511
11:44:48	96	1669	511
11:44:48	96	1670	511
11:44:48	107	1672	528
11:44:48	93	1670	511
11:44:48	93	1669	511
11:44:48	90	1670	511
11:44:48	107	1673	511
11:44:48	96	1673	511
11:44:48	96	1671	511
11:44:48	94	1670	511
11:44:48	111	1670	511
11:44:48	98	1674	511
11:44:48	96	1671	525
11:44:48	96	1671	523
