"sep=	"
Shimmer_Timestamp	Shimmer_EMG_ENV	Shimmer_EMG_RAW	Shimmer_EMG_REF
hh:mm:ss	unit	unit	unit
15:06:09	196.0000	367.0000	0
15:06:09	204.0000	331.0000	0
15:06:09	201.0000	304.0000	0
15:06:09	203.0000	280.0000	0
15:06:09	201.0000	367.0000	0
15:06:09	201.0000	336.0000	0
15:06:09	201.0000	311.0000	0
15:06:09	198.0000	279.0000	0
15:06:09	197.0000	368.0000	0
15:06:09	199.0000	336.0000	0
15:06:09	202.0000	304.0000	0
15:06:09	194.0000	383.0000	0
15:06:09	198.0000	346.0000	0
15:06:09	198.0000	317.0000	0
15:06:09	203.0000	288.0000	0
15:06:09	198.0000	373.0000	0
15:06:09	198.0000	336.0000	0
15:06:09	196.0000	307.0000	0
15:06:09	199.0000	285.0000	0
15:06:09	199.0000	369.0000	0
15:06:09	202.0000	336.0000	0
15:06:09	201.0000	304.0000	0
15:06:09	201.0000	281.0000	0
15:06:09	197.0000	373.0000	0
15:06:09	197.0000	335.0000	0
15:06:09	197.0000	307.0000	0
15:06:09	197.0000	282.0000	0
15:06:09	194.0000	371.0000	0
15:06:09	193.0000	323.0000	0
15:06:09	201.0000	307.0000	0
15:06:09	195.0000	281.0000	0
15:06:09	199.0000	370.0000	0
15:06:09	198.0000	336.0000	0
15:06:09	199.0000	304.0000	0
15:06:09	199.0000	278.0000	0
15:06:09	197.0000	371.0000	0
15:06:09	193.0000	333.0000	0
15:06:09	195.0000	304.0000	0
15:06:09	197.0000	281.0000	0
15:06:09	196.0000	370.0000	0
15:06:09	198.0000	335.0000	0
15:06:09	198.0000	304.0000	0
15:06:09	194.0000	279.0000	0
15:06:09	197.0000	373.0000	0
15:06:09	194.0000	335.0000	0
15:06:09	197.0000	304.0000	0
15:06:09	202.0000	383.0000	0
15:06:09	201.0000	343.0000	0
15:06:09	204.0000	315.0000	0
15:06:09	199.0000	287.0000	0
15:06:09	199.0000	376.0000	0
15:06:09	202.0000	336.0000	0
15:06:09	199.0000	307.0000	0
15:06:09	201.0000	281.0000	0
15:06:09	196.0000	359.0000	0
15:06:09	193.0000	336.0000	0
15:06:09	194.0000	299.0000	0
15:06:09	194.0000	278.0000	0
15:06:09	193.0000	371.0000	0
15:06:09	196.0000	336.0000	0
15:06:09	192.0000	305.0000	0
15:06:09	199.0000	286.0000	0
15:06:09	195.0000	361.0000	0
15:06:09	196.0000	338.0000	0
15:06:09	197.0000	299.0000	0
15:06:09	194.0000	291.0000	0
15:06:09	197.0000	371.0000	0
15:06:09	193.0000	336.0000	0
15:06:09	199.0000	305.0000	0
15:06:09	197.0000	282.0000	0
15:06:09	192.0000	371.0000	0
15:06:09	192.0000	335.0000	0
15:06:09	192.0000	305.0000	0
15:06:09	192.0000	280.0000	0
15:06:09	195.0000	362.0000	0
15:06:09	195.0000	336.0000	0
15:06:09	196.0000	306.0000	0
15:06:09	195.0000	282.0000	0
15:06:09	197.0000	372.0000	0
15:06:09	193.0000	343.0000	0
15:06:09	196.0000	304.0000	0
15:06:09	192.0000	384.0000	0
15:06:09	192.0000	342.0000	0
15:06:09	193.0000	312.0000	0
15:06:09	196.0000	290.0000	0
15:06:09	197.0000	370.0000	0
15:06:09	195.0000	328.0000	0
15:06:09	193.0000	307.0000	0
15:06:09	196.0000	288.0000	0
15:06:09	198.0000	369.0000	0
15:06:09	200.0000	336.0000	0
15:06:09	193.0000	304.0000	0
15:06:09	198.0000	284.0000	0
15:06:09	202.0000	370.0000	0
15:06:09	203.0000	336.0000	0
15:06:09	194.0000	310.0000	0
15:06:09	202.0000	283.0000	0
15:06:09	194.0000	370.0000	0
15:06:09	199.0000	336.0000	0
15:06:09	193.0000	306.0000	0
15:06:09	198.0000	282.0000	0
15:06:09	204.0000	373.0000	0
15:06:09	194.0000	322.0000	0
15:06:09	198.0000	310.0000	0
15:06:09	199.0000	286.0000	0
15:06:09	209.0000	373.0000	0
15:06:09	197.0000	326.0000	0
15:06:09	199.0000	306.0000	0
15:06:09	192.0000	272.0000	0
15:06:09	204.0000	370.0000	0
15:06:09	201.0000	336.0000	0
15:06:09	200.0000	305.0000	0
15:06:09	201.0000	284.0000	0
15:06:09	201.0000	370.0000	0
15:06:09	206.0000	336.0000	0
15:06:09	207.0000	307.0000	0
15:06:09	205.0000	281.0000	0
15:06:09	193.0000	369.0000	0
15:06:10	197.0000	336.0000	0
15:06:10	190.0000	305.0000	0
15:06:10	197.0000	384.0000	0
15:06:10	192.0000	341.0000	0
15:06:10	195.0000	316.0000	0
15:06:10	198.0000	292.0000	0
15:06:10	197.0000	375.0000	0
15:06:10	192.0000	336.0000	0
15:06:10	197.0000	307.0000	0
15:06:10	201.0000	285.0000	0
15:06:10	202.0000	371.0000	0
15:06:10	203.0000	335.0000	0
15:06:10	197.0000	306.0000	0
15:06:10	210.0000	291.0000	0
15:06:10	197.0000	373.0000	0
15:06:10	202.0000	336.0000	0
15:06:10	199.0000	308.0000	0
15:06:10	208.0000	292.0000	0
15:06:10	201.0000	372.0000	0
15:06:10	201.0000	336.0000	0
15:06:10	197.0000	310.0000	0
15:06:10	208.0000	293.0000	0
15:06:10	193.0000	363.0000	0
15:06:10	200.0000	336.0000	0
15:06:10	202.0000	304.0000	0
15:06:10	203.0000	283.0000	0
15:06:10	196.0000	365.0000	0
15:06:10	192.0000	334.0000	0
15:06:10	195.0000	306.0000	0
15:06:10	203.0000	288.0000	0
15:06:10	194.0000	372.0000	0
15:06:10	188.0000	336.0000	0
15:06:10	192.0000	306.0000	0
15:06:10	202.0000	290.0000	0
15:06:10	198.0000	372.0000	0
15:06:10	192.0000	336.0000	0
15:06:10	194.0000	304.0000	0
15:06:10	198.0000	383.0000	0
15:06:10	196.0000	344.0000	0
15:06:10	197.0000	302.0000	0
15:06:10	197.0000	287.0000	0
15:06:10	198.0000	384.0000	0
15:06:10	197.0000	337.0000	0
15:06:10	192.0000	308.0000	0
15:06:10	197.0000	286.0000	0
15:06:10	198.0000	379.0000	0
15:06:10	203.0000	336.0000	0
15:06:10	192.0000	305.0000	0
15:06:10	205.0000	285.0000	0
15:06:10	204.0000	370.0000	0
15:06:10	198.0000	336.0000	0
15:06:10	202.0000	308.0000	0
15:06:10	206.0000	284.0000	0
15:06:10	208.0000	372.0000	0
15:06:10	208.0000	336.0000	0
15:06:10	202.0000	307.0000	0
15:06:10	207.0000	285.0000	0
15:06:10	206.0000	378.0000	0
15:06:10	199.0000	326.0000	0
15:06:10	202.0000	310.0000	0
15:06:10	208.0000	274.0000	0
15:06:10	204.0000	368.0000	0
15:06:10	205.0000	336.0000	0
15:06:10	205.0000	307.0000	0
15:06:10	202.0000	282.0000	0
15:06:10	206.0000	370.0000	0
15:06:10	207.0000	335.0000	0
15:06:10	207.0000	308.0000	0
15:06:10	205.0000	280.0000	0
15:06:10	205.0000	372.0000	0
15:06:10	206.0000	336.0000	0
15:06:10	207.0000	311.0000	0
15:06:10	204.0000	284.0000	0
15:06:10	207.0000	375.0000	0
15:06:10	208.0000	336.0000	0
15:06:10	208.0000	309.0000	0
15:06:10	207.0000	384.0000	0
15:06:10	202.0000	343.0000	0
15:06:10	206.0000	318.0000	0
15:06:10	214.0000	304.0000	0
15:06:10	208.0000	380.0000	0
15:06:10	210.0000	352.0000	0
15:06:10	208.0000	311.0000	0
15:06:10	212.0000	300.0000	0
15:06:10	192.0000	366.0000	0
15:06:10	211.0000	342.0000	0
15:06:10	210.0000	320.0000	0
15:06:10	208.0000	295.0000	0
15:06:10	203.0000	373.0000	0
15:06:10	199.0000	349.0000	0
15:06:10	205.0000	306.0000	0
15:06:10	202.0000	287.0000	0
15:06:10	207.0000	375.0000	0
15:06:10	207.0000	336.0000	0
15:06:10	205.0000	311.0000	0
15:06:10	208.0000	286.0000	0
15:06:10	208.0000	375.0000	0
15:06:10	206.0000	343.0000	0
15:06:10	208.0000	315.0000	0
15:06:10	208.0000	291.0000	0
15:06:10	214.0000	385.0000	0
15:06:10	206.0000	336.0000	0
15:06:10	208.0000	311.0000	0
15:06:10	204.0000	274.0000	0
15:06:10	208.0000	375.0000	0
15:06:10	206.0000	338.0000	0
15:06:10	206.0000	308.0000	0
15:06:10	208.0000	287.0000	0
15:06:10	206.0000	378.0000	0
15:06:10	204.0000	336.0000	0
15:06:10	204.0000	311.0000	0
15:06:10	215.0000	398.0000	0
15:06:10	206.0000	346.0000	0
15:06:10	206.0000	320.0000	0
15:06:10	205.0000	293.0000	0
15:06:10	213.0000	386.0000	0
15:06:10	208.0000	341.0000	0
15:06:10	204.0000	305.0000	0
15:06:10	208.0000	282.0000	0
15:06:10	208.0000	382.0000	0
15:06:10	204.0000	336.0000	0
15:06:10	204.0000	327.0000	0
15:06:10	204.0000	285.0000	0
15:06:10	209.0000	384.0000	0
15:06:10	206.0000	336.0000	0
15:06:10	208.0000	316.0000	0
15:06:10	208.0000	284.0000	0
15:06:10	208.0000	385.0000	0
15:06:10	204.0000	337.0000	0
15:06:10	201.0000	317.0000	0
15:06:10	206.0000	283.0000	0
15:06:10	205.0000	385.0000	0
15:06:10	198.0000	337.0000	0
15:06:10	198.0000	319.0000	0
15:06:10	199.0000	285.0000	0
15:06:10	196.0000	378.0000	0
15:06:10	193.0000	339.0000	0
15:06:10	193.0000	319.0000	0
15:06:10	192.0000	285.0000	0
15:06:10	192.0000	369.0000	0
15:06:10	192.0000	336.0000	0
15:06:10	202.0000	318.0000	0
15:06:10	192.0000	281.0000	0
15:06:10	205.0000	373.0000	0
15:06:10	199.0000	336.0000	0
15:06:10	201.0000	319.0000	0
15:06:10	202.0000	282.0000	0
15:06:10	209.0000	371.0000	0
15:06:10	213.0000	349.0000	0
15:06:10	208.0000	321.0000	0
15:06:10	206.0000	386.0000	0
15:06:10	211.0000	359.0000	0
15:06:10	210.0000	319.0000	0
15:06:10	213.0000	294.0000	0
15:06:10	206.0000	378.0000	0
15:06:10	203.0000	353.0000	0
15:06:10	202.0000	313.0000	0
15:06:10	202.0000	289.0000	0
15:06:10	202.0000	374.0000	0
15:06:10	202.0000	351.0000	0
15:06:10	205.0000	311.0000	0
15:06:10	201.0000	287.0000	0
15:06:10	202.0000	376.0000	0
15:06:10	202.0000	351.0000	0
15:06:10	203.0000	311.0000	0
15:06:10	202.0000	288.0000	0
15:06:10	198.0000	377.0000	0
15:06:10	198.0000	338.0000	0
15:06:10	199.0000	312.0000	0
15:06:10	197.0000	289.0000	0
15:06:10	205.0000	377.0000	0
15:06:10	198.0000	339.0000	0
15:06:10	198.0000	315.0000	0
15:06:10	222.0000	286.0000	0
15:06:10	208.0000	375.0000	0
15:06:10	203.0000	340.0000	0
15:06:10	202.0000	311.0000	0
15:06:10	205.0000	285.0000	0
15:06:10	208.0000	383.0000	0
15:06:10	195.0000	336.0000	0
15:06:10	198.0000	307.0000	0
15:06:10	195.0000	286.0000	0
15:06:10	206.0000	377.0000	0
15:06:10	201.0000	339.0000	0
15:06:10	203.0000	309.0000	0
15:06:10	214.0000	398.0000	0
15:06:10	199.0000	347.0000	0
15:06:10	205.0000	317.0000	0
15:06:10	208.0000	292.0000	0
15:06:10	208.0000	389.0000	0
15:06:10	197.0000	338.0000	0
15:06:10	199.0000	313.0000	0
15:06:10	199.0000	288.0000	0
15:06:10	204.0000	387.0000	0
15:06:10	196.0000	337.0000	0
15:06:10	194.0000	309.0000	0
15:06:10	202.0000	286.0000	0
15:06:10	208.0000	387.0000	0
15:06:10	199.0000	337.0000	0
15:06:10	202.0000	308.0000	0
15:06:10	203.0000	286.0000	0
15:06:10	208.0000	385.0000	0
15:06:10	202.0000	349.0000	0
15:06:10	201.0000	301.0000	0
15:06:10	206.0000	285.0000	0
15:06:10	199.0000	384.0000	0
15:06:10	199.0000	337.0000	0
15:06:10	198.0000	310.0000	0
15:06:10	202.0000	284.0000	0
15:06:10	197.0000	382.0000	0
15:06:10	199.0000	343.0000	0
15:06:10	201.0000	299.0000	0
15:06:10	199.0000	287.0000	0
15:06:10	192.0000	380.0000	0
15:06:10	195.0000	336.0000	0
15:06:10	195.0000	300.0000	0
15:06:10	193.0000	286.0000	0
15:06:10	194.0000	378.0000	0
15:06:10	196.0000	346.0000	0
15:06:10	198.0000	304.0000	0
15:06:10	195.0000	283.0000	0
15:06:10	199.0000	384.0000	0
15:06:10	195.0000	335.0000	0
15:06:10	194.0000	306.0000	0
15:06:10	198.0000	384.0000	0
15:06:10	195.0000	345.0000	0
15:06:10	198.0000	317.0000	0
15:06:10	195.0000	297.0000	0
15:06:10	194.0000	374.0000	0
15:06:10	201.0000	338.0000	0
15:06:10	198.0000	307.0000	0
15:06:10	201.0000	285.0000	0
15:06:10	191.0000	373.0000	0
15:06:10	195.0000	337.0000	0
15:06:10	195.0000	307.0000	0
15:06:10	194.0000	285.0000	0
15:06:10	192.0000	375.0000	0
15:06:10	195.0000	336.0000	0
15:06:10	195.0000	309.0000	0
15:06:10	196.0000	286.0000	0
15:06:10	193.0000	384.0000	0
15:06:10	194.0000	325.0000	0
15:06:10	195.0000	309.0000	0
15:06:10	205.0000	284.0000	0
15:06:10	195.0000	384.0000	0
15:06:10	195.0000	329.0000	0
15:06:10	197.0000	311.0000	0
15:06:10	196.0000	283.0000	0
15:06:10	192.0000	372.0000	0
15:06:10	195.0000	337.0000	0
15:06:10	193.0000	306.0000	0
15:06:10	192.0000	282.0000	0
15:06:10	197.0000	375.0000	0
15:06:10	192.0000	337.0000	0
15:06:10	192.0000	309.0000	0
15:06:10	192.0000	282.0000	0
15:06:10	195.0000	374.0000	0
15:06:10	195.0000	337.0000	0
15:06:10	192.0000	310.0000	0
15:06:10	193.0000	284.0000	0
15:06:10	196.0000	372.0000	0
15:06:10	192.0000	336.0000	0
15:06:10	192.0000	306.0000	0
15:06:10	205.0000	397.0000	0
15:06:10	192.0000	345.0000	0
15:06:10	197.0000	318.0000	0
15:06:10	194.0000	289.0000	0
15:06:10	208.0000	385.0000	0
15:06:11	196.0000	337.0000	0
15:06:11	198.0000	308.0000	0
15:06:11	195.0000	283.0000	0
15:06:11	206.0000	385.0000	0
15:06:11	195.0000	336.0000	0
15:06:11	199.0000	304.0000	0
15:06:11	196.0000	283.0000	0
15:06:11	204.0000	384.0000	0
15:06:11	194.0000	337.0000	0
15:06:11	193.0000	308.0000	0
15:06:11	193.0000	286.0000	0
15:06:11	207.0000	384.0000	0
15:06:11	197.0000	336.0000	0
15:06:11	202.0000	311.0000	0
15:06:11	199.0000	286.0000	0
15:06:11	204.0000	384.0000	0
15:06:11	198.0000	336.0000	0
15:06:11	199.0000	305.0000	0
15:06:11	202.0000	285.0000	0
15:06:11	203.0000	387.0000	0
15:06:11	194.0000	336.0000	0
15:06:11	193.0000	317.0000	0
15:06:11	195.0000	285.0000	0
15:06:11	201.0000	384.0000	0
15:06:11	195.0000	336.0000	0
15:06:11	198.0000	317.0000	0
15:06:11	196.0000	285.0000	0
15:06:11	194.0000	379.0000	0
15:06:11	194.0000	346.0000	0
15:06:11	202.0000	309.0000	0
15:06:11	192.0000	287.0000	0
15:06:11	208.0000	370.0000	0
15:06:11	210.0000	346.0000	0
15:06:11	213.0000	320.0000	0
15:06:11	218.0000	368.0000	0
15:06:11	222.0000	347.0000	0
15:06:11	215.0000	320.0000	0
15:06:11	214.0000	294.0000	0
15:06:11	209.0000	379.0000	0
15:06:11	208.0000	350.0000	0
15:06:11	210.0000	311.0000	0
15:06:11	208.0000	288.0000	0
15:06:11	203.0000	375.0000	0
15:06:11	198.0000	339.0000	0
15:06:11	202.0000	307.0000	0
15:06:11	198.0000	287.0000	0
15:06:11	211.0000	375.0000	0
15:06:11	209.0000	351.0000	0
15:06:11	210.0000	313.0000	0
15:06:11	213.0000	290.0000	0
15:06:11	209.0000	385.0000	0
15:06:11	204.0000	348.0000	0
15:06:11	207.0000	315.0000	0
15:06:11	205.0000	286.0000	0
15:06:11	207.0000	371.0000	0
15:06:11	207.0000	335.0000	0
15:06:11	205.0000	308.0000	0
15:06:11	206.0000	285.0000	0
15:06:11	208.0000	374.0000	0
15:06:11	208.0000	336.0000	0
15:06:11	209.0000	311.0000	0
15:06:11	218.0000	288.0000	0
15:06:11	336.0000	385.0000	0
15:06:11	347.0000	351.0000	0
15:06:11	362.0000	331.0000	0
15:06:11	370.0000	314.0000	0
15:06:11	407.0000	395.0000	0
15:06:11	406.0000	366.0000	0
15:06:11	407.0000	344.0000	0
15:06:11	368.0000	403.0000	0
15:06:11	367.0000	374.0000	0
15:06:11	365.0000	351.0000	0
15:06:11	362.0000	331.0000	0
15:06:11	320.0000	393.0000	0
15:06:11	319.0000	361.0000	0
15:06:11	317.0000	336.0000	0
15:06:11	315.0000	315.0000	0
15:06:11	282.0000	393.0000	0
15:06:11	281.0000	355.0000	0
15:06:11	281.0000	327.0000	0
15:06:11	277.0000	304.0000	0
15:06:11	261.0000	385.0000	0
15:06:11	261.0000	356.0000	0
15:06:11	263.0000	324.0000	0
15:06:11	259.0000	304.0000	0
15:06:11	304.0000	387.0000	0
15:06:11	305.0000	353.0000	0
15:06:11	304.0000	327.0000	0
15:06:11	304.0000	305.0000	0
15:06:11	292.0000	386.0000	0
15:06:11	285.0000	353.0000	0
15:06:11	298.0000	330.0000	0
15:06:11	299.0000	307.0000	0
15:06:11	315.0000	383.0000	0
15:06:11	319.0000	362.0000	0
15:06:11	322.0000	334.0000	0
15:06:11	321.0000	317.0000	0
15:06:11	393.0000	395.0000	0
15:06:11	396.0000	363.0000	0
15:06:11	398.0000	339.0000	0
15:06:11	397.0000	320.0000	0
15:06:11	407.0000	400.0000	0
15:06:11	405.0000	368.0000	0
15:06:11	400.0000	347.0000	0
15:06:11	466.0000	414.0000	0
15:06:11	464.0000	375.0000	0
15:06:11	464.0000	367.0000	0
15:06:11	458.0000	341.0000	0
15:06:11	533.0000	413.0000	0
15:06:11	534.0000	380.0000	0
15:06:11	541.0000	370.0000	0
15:06:11	551.0000	347.0000	0
15:06:11	593.0000	419.0000	0
15:06:11	591.0000	395.0000	0
15:06:11	579.0000	379.0000	0
15:06:11	574.0000	352.0000	0
15:06:11	511.0000	423.0000	0
15:06:11	508.0000	395.0000	0
15:06:11	503.0000	371.0000	0
15:06:11	498.0000	354.0000	0
15:06:11	561.0000	420.0000	0
15:06:11	560.0000	398.0000	0
15:06:11	558.0000	379.0000	0
15:06:11	551.0000	347.0000	0
15:06:11	528.0000	416.0000	0
15:06:11	511.0000	384.0000	0
15:06:11	511.0000	375.0000	0
15:06:11	511.0000	355.0000	0
15:06:11	617.0000	427.0000	0
15:06:11	624.0000	386.0000	0
15:06:11	631.0000	385.0000	0
15:06:11	640.0000	356.0000	0
15:06:11	856.0000	438.0000	0
15:06:11	866.0000	426.0000	0
15:06:11	864.0000	416.0000	0
15:06:11	858.0000	403.0000	0
15:06:11	827.0000	459.0000	0
15:06:11	838.0000	438.0000	0
15:06:11	842.0000	430.0000	0
15:06:11	845.0000	414.0000	0
15:06:11	852.0000	464.0000	0
15:06:11	864.0000	445.0000	0
15:06:11	877.0000	435.0000	0
15:06:11	860.0000	470.0000	0
15:06:11	869.0000	453.0000	0
15:06:11	880.0000	439.0000	0
15:06:11	882.0000	432.0000	0
15:06:11	993.0000	480.0000	0
15:06:11	995.0000	463.0000	0
15:06:11	1004.0000	456.0000	0
15:06:11	1018.0000	447.0000	0
15:06:11	1070.0000	495.0000	0
15:06:11	1061.0000	482.0000	0
15:06:11	1056.0000	469.0000	0
15:06:11	1043.0000	462.0000	0
15:06:11	1042.0000	498.0000	0
15:06:11	1059.0000	482.0000	0
15:06:11	1074.0000	479.0000	0
15:06:11	1104.0000	467.0000	0
15:06:11	1006.0000	497.0000	0
15:06:11	1007.0000	482.0000	0
15:06:11	1012.0000	474.0000	0
15:06:11	1168.0000	511.0000	0
15:06:11	1181.0000	494.0000	0
15:06:11	1200.0000	498.0000	0
15:06:11	1216.0000	496.0000	0
15:06:11	1386.0000	531.0000	0
15:06:11	1378.0000	533.0000	0
15:06:11	1361.0000	533.0000	0
15:06:11	1349.0000	529.0000	0
15:06:11	1232.0000	551.0000	0
15:06:11	1230.0000	535.0000	0
15:06:11	1232.0000	528.0000	0
15:06:11	1217.0000	507.0000	0
15:06:11	1399.0000	555.0000	0
15:06:11	1433.0000	549.0000	0
15:06:11	1450.0000	555.0000	0
15:06:11	1445.0000	556.0000	0
15:06:11	1751.0000	589.0000	0
15:06:11	1760.0000	595.0000	0
15:06:11	1744.0000	609.0000	0
15:06:11	1503.0000	610.0000	0
15:06:11	1493.0000	607.0000	0
15:06:11	1482.0000	602.0000	0
15:06:11	1466.0000	607.0000	0
15:06:11	1373.0000	595.0000	0
15:06:11	1385.0000	591.0000	0
15:06:11	1392.0000	584.0000	0
15:06:11	1409.0000	577.0000	0
15:06:11	1711.0000	602.0000	0
15:06:11	1739.0000	609.0000	0
15:06:11	1744.0000	624.0000	0
15:06:11	1750.0000	623.0000	0
15:06:11	1634.0000	629.0000	0
15:06:11	1625.0000	628.0000	0
15:06:11	1599.0000	631.0000	0
15:06:11	1535.0000	626.0000	0
15:06:11	1575.0000	624.0000	0
15:06:11	1555.0000	624.0000	0
15:06:11	1575.0000	624.0000	0
15:06:11	1535.0000	624.0000	0
15:06:11	1535.0000	615.0000	0
15:06:11	1527.0000	619.0000	0
15:06:11	1569.0000	615.0000	0
15:06:11	1744.0000	625.0000	0
15:06:11	1737.0000	629.0000	0
15:06:11	1727.0000	639.0000	0
15:06:11	1719.0000	642.0000	0
15:06:11	1668.0000	642.0000	0
15:06:11	1662.0000	639.0000	0
15:06:11	1648.0000	641.0000	0
15:06:11	1625.0000	629.0000	0
15:06:11	1616.0000	635.0000	0
15:06:11	1616.0000	627.0000	0
15:06:11	1630.0000	638.0000	0
15:06:11	1719.0000	640.0000	0
15:06:11	1714.0000	644.0000	0
15:06:11	1715.0000	655.0000	0
15:06:11	1725.0000	657.0000	0
15:06:12	1739.0000	653.0000	0
15:06:12	1762.0000	656.0000	0
15:06:12	1788.0000	659.0000	0
15:06:12	1796.0000	661.0000	1
15:06:12	2062.0000	676.0000	0
15:06:12	2064.0000	688.0000	0
15:06:12	2071.0000	706.0000	0
15:06:12	2098.0000	714.0000	10
15:06:12	2790.0000	754.0000	0
15:06:12	2761.0000	799.0000	0
15:06:12	2724.0000	831.0000	9
15:06:12	3134.0000	858.0000	0
15:06:12	3165.0000	899.0000	0
15:06:12	3171.0000	943.0000	21
15:06:12	3207.0000	971.0000	39
15:06:12	3213.0000	1006.0000	0
15:06:12	3169.0000	1044.0000	4
15:06:12	3115.0000	1052.0000	29
15:06:12	3056.0000	1074.0000	48
15:06:12	3667.0000	1110.0000	0
15:06:12	3664.0000	1150.0000	21
15:06:12	3676.0000	1168.0000	43
15:06:12	3687.0000	1192.0000	0
15:06:12	3682.0000	1215.0000	18
15:06:12	3680.0000	1227.0000	48
15:06:12	3675.0000	1238.0000	68
15:06:12	3680.0000	1268.0000	0
15:06:12	3686.0000	1290.0000	23
15:06:12	3671.0000	1287.0000	52
15:06:12	3694.0000	1299.0000	78
15:06:12	3694.0000	1328.0000	0
15:06:12	3682.0000	1330.0000	30
15:06:12	3713.0000	1328.0000	58
15:06:12	3691.0000	1341.0000	0
15:06:12	3682.0000	1337.0000	29
15:06:12	3685.0000	1333.0000	59
15:06:12	3687.0000	1338.0000	81
15:06:12	3696.0000	1367.0000	0
15:06:12	3683.0000	1361.0000	26
15:06:12	3691.0000	1358.0000	64
15:06:12	3686.0000	1353.0000	81
15:06:12	3692.0000	1386.0000	0
15:06:12	3683.0000	1375.0000	32
15:06:12	3683.0000	1367.0000	64
15:06:12	3692.0000	1380.0000	0
15:06:12	3686.0000	1373.0000	32
15:06:12	3659.0000	1364.0000	62
15:06:12	3682.0000	1360.0000	82
15:06:12	3671.0000	1386.0000	0
15:06:12	3683.0000	1388.0000	36
15:06:12	3687.0000	1374.0000	65
15:06:12	3687.0000	1376.0000	83
15:06:12	3689.0000	1403.0000	0
15:06:12	3677.0000	1389.0000	35
15:06:12	3678.0000	1381.0000	64
15:06:12	3695.0000	1392.0000	0
15:06:12	3687.0000	1383.0000	34
15:06:12	3683.0000	1376.0000	64
15:06:12	3685.0000	1371.0000	85
15:06:12	3694.0000	1397.0000	0
15:06:12	3687.0000	1390.0000	33
15:06:12	3687.0000	1378.0000	64
15:06:12	3689.0000	1378.0000	83
15:06:12	3694.0000	1403.0000	0
15:06:12	3689.0000	1394.0000	32
15:06:12	3680.0000	1387.0000	64
15:06:12	3685.0000	1394.0000	0
15:06:12	3682.0000	1390.0000	32
15:06:12	3694.0000	1375.0000	66
15:06:12	3689.0000	1371.0000	87
15:06:12	3685.0000	1404.0000	3
15:06:12	3687.0000	1393.0000	32
15:06:12	3687.0000	1384.0000	64
15:06:12	3686.0000	1379.0000	87
15:06:12	3683.0000	1409.0000	0
15:06:12	3683.0000	1395.0000	33
15:06:12	3697.0000	1384.0000	66
15:06:12	3687.0000	1402.0000	0
15:06:12	3685.0000	1390.0000	44
15:06:12	3687.0000	1381.0000	65
15:06:12	3693.0000	1376.0000	84
15:06:12	3696.0000	1417.0000	1
15:06:12	3674.0000	1399.0000	43
15:06:12	3700.0000	1388.0000	64
15:06:12	3693.0000	1382.0000	87
15:06:12	3684.0000	1421.0000	0
15:06:12	3686.0000	1385.0000	45
15:06:12	3685.0000	1388.0000	64
15:06:12	3712.0000	1412.0000	0
15:06:12	3693.0000	1387.0000	44
15:06:12	3696.0000	1378.0000	79
15:06:12	3690.0000	1376.0000	93
15:06:12	3713.0000	1419.0000	0
15:06:12	3689.0000	1395.0000	33
15:06:12	3692.0000	1371.0000	80
15:06:12	3689.0000	1377.0000	91
15:06:12	3714.0000	1413.0000	0
15:06:12	3691.0000	1390.0000	43
15:06:12	3694.0000	1374.0000	80
15:06:12	3696.0000	1402.0000	0
15:06:12	3687.0000	1391.0000	48
15:06:12	3695.0000	1375.0000	72
15:06:12	3690.0000	1372.0000	105
15:06:12	3697.0000	1413.0000	0
15:06:12	3690.0000	1398.0000	47
15:06:12	3695.0000	1383.0000	67
15:06:12	3712.0000	1414.0000	0
15:06:12	3685.0000	1390.0000	35
15:06:12	3692.0000	1379.0000	75
15:06:12	3694.0000	1371.0000	90
15:06:12	3713.0000	1422.0000	0
15:06:12	3689.0000	1398.0000	34
15:06:12	3693.0000	1393.0000	71
15:06:12	3693.0000	1381.0000	88
15:06:12	3712.0000	1417.0000	0
15:06:12	3689.0000	1400.0000	32
15:06:12	3696.0000	1391.0000	64
15:06:12	3677.0000	1393.0000	0
15:06:12	3701.0000	1395.0000	34
15:06:12	3690.0000	1387.0000	64
15:06:12	3696.0000	1381.0000	87
15:06:12	3701.0000	1394.0000	0
15:06:12	3713.0000	1408.0000	28
15:06:12	3696.0000	1403.0000	51
15:06:12	3695.0000	1386.0000	86
15:06:12	3696.0000	1419.0000	0
15:06:12	3707.0000	1416.0000	33
15:06:12	3712.0000	1397.0000	64
15:06:12	3690.0000	1408.0000	0
15:06:12	3696.0000	1392.0000	35
15:06:12	3690.0000	1387.0000	64
15:06:12	3696.0000	1381.0000	85
15:06:12	3686.0000	1412.0000	0
15:06:12	3689.0000	1401.0000	34
15:06:12	3707.0000	1392.0000	64
15:06:12	3683.0000	1387.0000	85
15:06:12	3696.0000	1418.0000	0
15:06:12	3691.0000	1407.0000	32
15:06:12	3710.0000	1398.0000	59
15:06:12	3696.0000	1407.0000	0
15:06:12	3688.0000	1391.0000	33
15:06:12	3696.0000	1385.0000	64
15:06:12	3712.0000	1390.0000	83
15:06:12	3699.0000	1418.0000	0
15:06:12	3694.0000	1399.0000	41
15:06:12	3693.0000	1380.0000	65
15:06:12	3713.0000	1393.0000	85
15:06:12	3699.0000	1422.0000	0
15:06:12	3697.0000	1407.0000	34
15:06:12	3696.0000	1397.0000	64
15:06:12	3695.0000	1407.0000	0
15:06:12	3693.0000	1395.0000	37
15:06:12	3677.0000	1381.0000	64
15:06:12	3691.0000	1384.0000	83
15:06:12	3693.0000	1414.0000	0
15:06:12	3675.0000	1402.0000	20
15:06:12	3699.0000	1393.0000	65
15:06:12	3650.0000	1387.0000	93
15:06:12	3690.0000	1416.0000	0
15:06:12	3691.0000	1403.0000	33
15:06:12	3693.0000	1384.0000	65
15:06:12	3698.0000	1409.0000	0
15:06:12	3691.0000	1393.0000	35
15:06:12	3689.0000	1379.0000	64
15:06:12	3692.0000	1379.0000	87
15:06:12	3696.0000	1417.0000	0
15:06:12	3687.0000	1396.0000	39
15:06:12	3694.0000	1383.0000	69
15:06:12	3695.0000	1376.0000	96
15:06:12	3702.0000	1418.0000	0
15:06:12	3691.0000	1404.0000	34
15:06:12	3693.0000	1390.0000	66
15:06:12	3693.0000	1406.0000	0
15:06:12	3694.0000	1389.0000	36
15:06:12	3690.0000	1385.0000	66
15:06:12	3693.0000	1376.0000	90
15:06:12	3699.0000	1414.0000	0
15:06:12	3695.0000	1396.0000	33
15:06:12	3693.0000	1387.0000	70
15:06:12	3696.0000	1378.0000	93
15:06:12	3698.0000	1419.0000	0
15:06:12	3694.0000	1401.0000	41
15:06:12	3697.0000	1390.0000	66
15:06:12	3696.0000	1408.0000	0
15:06:12	3690.0000	1391.0000	35
15:06:12	3695.0000	1379.0000	68
15:06:12	3696.0000	1371.0000	93
15:06:12	3696.0000	1415.0000	0
15:06:12	3691.0000	1399.0000	36
15:06:12	3697.0000	1386.0000	66
15:06:12	3692.0000	1382.0000	92
15:06:12	3696.0000	1415.0000	0
15:06:12	3696.0000	1406.0000	33
15:06:12	3699.0000	1398.0000	55
15:06:12	3696.0000	1403.0000	0
15:06:12	3671.0000	1403.0000	18
15:06:12	3680.0000	1387.0000	64
15:06:12	3691.0000	1383.0000	86
15:06:12	3697.0000	1417.0000	0
15:06:12	3696.0000	1400.0000	37
15:06:12	3691.0000	1389.0000	65
15:06:12	3696.0000	1380.0000	86
15:06:12	3699.0000	1419.0000	0
15:06:12	3693.0000	1404.0000	35
15:06:12	3695.0000	1394.0000	66
15:06:12	3701.0000	1407.0000	0
15:06:12	3693.0000	1392.0000	32
15:06:12	3696.0000	1385.0000	64
15:06:12	3697.0000	1381.0000	86
15:06:12	3696.0000	1414.0000	0
15:06:12	3689.0000	1402.0000	32
15:06:12	3694.0000	1392.0000	64
15:06:12	3696.0000	1403.0000	0
15:06:12	3697.0000	1388.0000	37
15:06:12	3694.0000	1378.0000	73
15:06:12	3694.0000	1369.0000	95
15:06:12	3701.0000	1415.0000	0
15:06:12	3691.0000	1397.0000	39
15:06:12	3696.0000	1395.0000	67
15:06:12	3692.0000	1385.0000	97
15:06:12	3699.0000	1422.0000	0
15:06:12	3691.0000	1406.0000	29
15:06:12	3695.0000	1392.0000	64
15:06:12	3696.0000	1403.0000	0
15:06:12	3691.0000	1395.0000	32
15:06:12	3696.0000	1388.0000	64
15:06:12	3690.0000	1380.0000	91
15:06:12	3698.0000	1418.0000	0
15:06:13	3687.0000	1392.0000	42
15:06:13	3699.0000	1383.0000	71
15:06:13	3696.0000	1381.0000	96
15:06:13	3707.0000	1421.0000	0
15:06:13	3696.0000	1404.0000	33
15:06:13	3696.0000	1394.0000	65
15:06:13	3697.0000	1408.0000	0
15:06:13	3698.0000	1392.0000	33
15:06:13	3694.0000	1385.0000	65
15:06:13	3693.0000	1378.0000	87
15:06:13	3697.0000	1418.0000	0
15:06:13	3696.0000	1402.0000	35
15:06:13	3695.0000	1388.0000	66
15:06:13	3696.0000	1383.0000	88
15:06:13	3701.0000	1422.0000	0
15:06:13	3696.0000	1405.0000	38
15:06:13	3695.0000	1390.0000	67
15:06:13	3698.0000	1408.0000	0
15:06:13	3696.0000	1391.0000	37
15:06:13	3683.0000	1384.0000	69
15:06:13	3691.0000	1374.0000	92
15:06:13	3700.0000	1411.0000	0
15:06:13	3691.0000	1394.0000	42
15:06:13	3689.0000	1383.0000	71
15:06:13	3696.0000	1380.0000	96
15:06:13	3696.0000	1414.0000	0
15:06:13	3719.0000	1403.0000	34
15:06:13	3690.0000	1392.0000	66
15:06:13	3707.0000	1410.0000	0
15:06:13	3696.0000	1387.0000	42
15:06:13	3693.0000	1378.0000	75
15:06:13	3712.0000	1373.0000	96
15:06:13	3690.0000	1410.0000	0
15:06:13	3689.0000	1392.0000	41
15:06:13	3698.0000	1384.0000	74
15:06:13	3673.0000	1378.0000	86
15:06:13	3697.0000	1421.0000	1
15:06:13	3699.0000	1407.0000	37
15:06:13	3696.0000	1388.0000	70
15:06:13	3696.0000	1408.0000	0
15:06:13	3692.0000	1393.0000	35
15:06:13	3693.0000	1389.0000	64
15:06:13	3695.0000	1381.0000	85
15:06:13	3697.0000	1409.0000	0
15:06:13	3699.0000	1399.0000	32
15:06:13	3692.0000	1383.0000	70
15:06:13	3694.0000	1380.0000	91
15:06:13	3698.0000	1424.0000	0
15:06:13	3697.0000	1397.0000	48
15:06:13	3697.0000	1392.0000	72
15:06:13	3697.0000	1408.0000	0
15:06:13	3699.0000	1393.0000	31
15:06:13	3696.0000	1386.0000	65
15:06:13	3694.0000	1380.0000	86
15:06:13	3707.0000	1414.0000	0
15:06:13	3695.0000	1398.0000	30
15:06:13	3689.0000	1385.0000	64
15:06:13	3693.0000	1384.0000	84
15:06:13	3700.0000	1421.0000	0
15:06:13	3696.0000	1405.0000	36
15:06:13	3690.0000	1386.0000	65
15:06:13	3721.0000	1419.0000	0
15:06:13	3693.0000	1391.0000	33
15:06:13	3690.0000	1374.0000	74
15:06:13	3696.0000	1380.0000	86
15:06:13	3703.0000	1419.0000	0
15:06:13	3690.0000	1399.0000	37
15:06:13	3694.0000	1386.0000	80
15:06:13	3694.0000	1376.0000	92
15:06:13	3708.0000	1424.0000	0
15:06:13	3713.0000	1406.0000	26
15:06:13	3696.0000	1392.0000	80
15:06:13	3706.0000	1392.0000	0
15:06:13	3710.0000	1398.0000	33
15:06:13	3711.0000	1385.0000	51
15:06:13	3694.0000	1382.0000	95
15:06:13	3719.0000	1415.0000	0
15:06:13	3715.0000	1407.0000	32
15:06:13	3710.0000	1396.0000	55
15:06:13	3678.0000	1375.0000	86
15:06:13	3701.0000	1421.0000	0
15:06:13	3712.0000	1410.0000	33
15:06:13	3693.0000	1398.0000	64
15:06:13	3716.0000	1407.0000	0
15:06:13	3693.0000	1393.0000	33
15:06:13	3711.0000	1386.0000	64
15:06:13	3696.0000	1379.0000	87
15:06:13	3718.0000	1411.0000	0
15:06:13	3695.0000	1404.0000	33
15:06:13	3718.0000	1394.0000	64
15:06:13	3698.0000	1408.0000	0
15:06:13	3712.0000	1407.0000	32
15:06:13	3694.0000	1389.0000	64
15:06:13	3696.0000	1382.0000	86
15:06:13	3699.0000	1415.0000	0
15:06:13	3713.0000	1406.0000	32
15:06:13	3694.0000	1393.0000	64
15:06:13	3713.0000	1389.0000	87
15:06:13	3698.0000	1421.0000	0
15:06:13	3714.0000	1407.0000	30
15:06:13	3690.0000	1392.0000	64
15:06:13	3694.0000	1398.0000	0
15:06:13	3691.0000	1389.0000	22
15:06:13	3697.0000	1384.0000	67
15:06:13	3696.0000	1377.0000	92
15:06:13	3690.0000	1407.0000	0
15:06:13	3677.0000	1402.0000	43
15:06:13	3707.0000	1391.0000	64
15:06:13	3695.0000	1382.0000	90
15:06:13	3703.0000	1418.0000	0
15:06:13	3696.0000	1402.0000	38
15:06:13	3715.0000	1388.0000	66
15:06:13	3702.0000	1408.0000	0
15:06:13	3696.0000	1392.0000	33
15:06:13	3695.0000	1389.0000	64
15:06:13	3713.0000	1383.0000	82
15:06:13	3703.0000	1417.0000	0
15:06:13	3690.0000	1402.0000	32
15:06:13	3693.0000	1384.0000	64
15:06:13	3707.0000	1387.0000	83
15:06:13	3698.0000	1421.0000	0
15:06:13	3693.0000	1403.0000	35
15:06:13	3696.0000	1398.0000	64
15:06:13	3696.0000	1407.0000	0
15:06:13	3692.0000	1396.0000	34
15:06:13	3705.0000	1389.0000	64
15:06:13	3703.0000	1382.0000	84
15:06:13	3713.0000	1414.0000	0
15:06:13	3695.0000	1402.0000	35
15:06:13	3696.0000	1385.0000	67
15:06:13	3695.0000	1385.0000	87
15:06:13	3698.0000	1419.0000	0
15:06:13	3696.0000	1405.0000	33
15:06:13	3697.0000	1389.0000	66
15:06:13	3691.0000	1408.0000	0
15:06:13	3696.0000	1396.0000	39
15:06:13	3685.0000	1386.0000	61
15:06:13	3687.0000	1367.0000	94
15:06:13	3698.0000	1417.0000	0
15:06:13	3703.0000	1392.0000	39
15:06:13	3694.0000	1382.0000	71
15:06:13	3687.0000	1371.0000	96
15:06:13	3699.0000	1421.0000	0
15:06:13	3696.0000	1402.0000	36
15:06:13	3690.0000	1388.0000	71
15:06:13	3702.0000	1413.0000	0
15:06:13	3693.0000	1392.0000	37
15:06:13	3699.0000	1380.0000	70
15:06:13	3677.0000	1388.0000	80
15:06:13	3696.0000	1414.0000	0
15:06:13	3695.0000	1400.0000	34
15:06:13	3709.0000	1387.0000	64
15:06:13	3696.0000	1385.0000	86
15:06:13	3697.0000	1421.0000	0
15:06:13	3705.0000	1403.0000	37
15:06:13	3711.0000	1396.0000	64
15:06:13	3690.0000	1407.0000	0
15:06:13	3696.0000	1397.0000	34
15:06:13	3696.0000	1386.0000	66
15:06:13	3711.0000	1378.0000	92
15:06:13	3699.0000	1417.0000	0
15:06:13	3698.0000	1402.0000	33
15:06:13	3695.0000	1388.0000	64
15:06:13	3689.0000	1384.0000	86
15:06:13	3696.0000	1423.0000	0
15:06:13	3696.0000	1406.0000	32
15:06:13	3691.0000	1395.0000	64
15:06:13	3709.0000	1411.0000	0
15:06:13	3696.0000	1397.0000	32
15:06:13	3696.0000	1387.0000	64
15:06:13	3697.0000	1383.0000	84
15:06:13	3697.0000	1416.0000	0
15:06:13	3696.0000	1406.0000	34
15:06:13	3695.0000	1395.0000	63
15:06:13	3694.0000	1392.0000	86
15:06:13	3703.0000	1423.0000	0
15:06:13	3696.0000	1405.0000	37
15:06:13	3702.0000	1386.0000	69
15:06:13	3703.0000	1411.0000	0
15:06:13	3696.0000	1400.0000	35
15:06:13	3715.0000	1388.0000	68
15:06:13	3696.0000	1382.0000	85
15:06:13	3697.0000	1419.0000	0
15:06:13	3695.0000	1399.0000	37
15:06:13	3695.0000	1387.0000	66
15:06:13	3696.0000	1386.0000	90
15:06:13	3696.0000	1415.0000	0
15:06:13	3695.0000	1403.0000	35
15:06:13	3696.0000	1386.0000	66
15:06:13	3703.0000	1405.0000	0
15:06:13	3696.0000	1395.0000	35
15:06:13	3693.0000	1391.0000	66
15:06:14	3698.0000	1383.0000	87
15:06:14	3703.0000	1414.0000	0
15:06:14	3696.0000	1400.0000	37
15:06:14	3695.0000	1386.0000	65
15:06:14	3696.0000	1386.0000	91
15:06:14	3705.0000	1416.0000	0
15:06:14	3699.0000	1405.0000	35
15:06:14	3696.0000	1391.0000	66
15:06:14	3703.0000	1408.0000	0
15:06:14	3696.0000	1400.0000	33
15:06:14	3696.0000	1387.0000	64
15:06:14	3696.0000	1387.0000	85
15:06:14	3698.0000	1418.0000	0
15:06:14	3697.0000	1406.0000	42
15:06:14	3686.0000	1392.0000	54
15:06:14	3696.0000	1411.0000	0
15:06:14	3696.0000	1395.0000	38
15:06:14	3694.0000	1388.0000	64
15:06:14	3695.0000	1386.0000	86
15:06:14	3698.0000	1420.0000	0
15:06:14	3697.0000	1406.0000	45
15:06:14	3694.0000	1388.0000	63
15:06:14	3694.0000	1383.0000	89
15:06:14	3701.0000	1421.0000	0
15:06:14	3696.0000	1406.0000	45
15:06:14	3695.0000	1392.0000	64
15:06:14	3697.0000	1423.0000	0
15:06:14	3693.0000	1396.0000	32
15:06:14	3696.0000	1384.0000	73
15:06:14	3695.0000	1386.0000	85
15:06:14	3716.0000	1426.0000	0
15:06:14	3694.0000	1403.0000	36
15:06:14	3692.0000	1379.0000	76
15:06:14	3691.0000	1385.0000	85
15:06:14	3719.0000	1429.0000	0
15:06:14	3695.0000	1409.0000	32
15:06:14	3696.0000	1382.0000	74
15:06:14	3703.0000	1411.0000	0
15:06:14	3696.0000	1395.0000	43
15:06:14	3709.0000	1390.0000	64
15:06:14	3687.0000	1382.0000	99
15:06:14	3698.0000	1414.0000	0
15:06:14	3693.0000	1396.0000	46
15:06:14	3696.0000	1382.0000	74
15:06:14	3696.0000	1384.0000	105
15:06:14	3701.0000	1421.0000	0
15:06:14	3695.0000	1407.0000	48
15:06:14	3696.0000	1387.0000	72
15:06:14	3710.0000	1414.0000	0
15:06:14	3710.0000	1413.0000	22
15:06:14	3675.0000	1386.0000	66
15:06:14	3700.0000	1378.0000	91
15:06:14	3721.0000	1424.0000	0
15:06:14	3701.0000	1399.0000	36
15:06:14	3695.0000	1392.0000	74
15:06:14	3697.0000	1379.0000	94
15:06:14	3717.0000	1424.0000	0
15:06:14	3696.0000	1407.0000	34
15:06:14	3696.0000	1394.0000	70
15:06:14	3702.0000	1410.0000	0
15:06:14	3712.0000	1399.0000	36
15:06:14	3696.0000	1384.0000	64
15:06:14	3696.0000	1383.0000	93
15:06:14	3698.0000	1416.0000	0
15:06:14	3716.0000	1413.0000	30
15:06:14	3696.0000	1392.0000	63
15:06:14	3693.0000	1387.0000	98
15:06:14	3702.0000	1424.0000	0
15:06:14	3712.0000	1419.0000	33
15:06:14	3693.0000	1400.0000	64
15:06:14	3695.0000	1408.0000	0
15:06:14	3713.0000	1403.0000	19
15:06:14	3711.0000	1402.0000	64
15:06:14	3717.0000	1386.0000	78
15:06:14	3693.0000	1417.0000	0
15:06:14	3696.0000	1402.0000	38
15:06:14	3712.0000	1398.0000	62
15:06:14	3698.0000	1389.0000	86
15:06:14	3697.0000	1424.0000	0
15:06:14	3696.0000	1410.0000	34
15:06:14	3713.0000	1400.0000	64
15:06:14	3702.0000	1410.0000	0
15:06:14	3696.0000	1389.0000	35
15:06:14	3696.0000	1386.0000	65
15:06:14	3709.0000	1392.0000	85
15:06:14	3685.0000	1408.0000	0
15:06:14	3697.0000	1403.0000	33
15:06:14	3694.0000	1393.0000	64
15:06:14	3710.0000	1388.0000	83
15:06:14	3699.0000	1420.0000	0
15:06:14	3699.0000	1401.0000	41
15:06:14	3699.0000	1389.0000	72
15:06:14	3695.0000	1409.0000	0
15:06:14	3702.0000	1391.0000	38
15:06:14	3718.0000	1389.0000	66
15:06:14	3696.0000	1379.0000	94
15:06:14	3715.0000	1425.0000	0
15:06:14	3702.0000	1400.0000	42
15:06:14	3696.0000	1383.0000	80
15:06:14	3703.0000	1408.0000	0
15:06:14	3691.0000	1387.0000	48
15:06:14	3703.0000	1383.0000	73
15:06:14	3698.0000	1372.0000	95
15:06:14	3696.0000	1419.0000	0
15:06:14	3699.0000	1403.0000	42
15:06:14	3705.0000	1387.0000	74
15:06:14	781.0000	602.0000	0
15:06:14	764.0000	567.0000	0
15:06:14	762.0000	538.0000	0
15:06:14	755.0000	506.0000	0
15:06:14	623.0000	499.0000	0
15:06:14	618.0000	475.0000	0
15:06:14	615.0000	448.0000	0
15:06:14	511.0000	474.0000	0
15:06:14	506.0000	439.0000	0
15:06:14	508.0000	412.0000	0
15:06:14	497.0000	389.0000	0
15:06:14	569.0000	448.0000	0
15:06:14	576.0000	418.0000	0
15:06:14	575.0000	399.0000	0
15:06:14	563.0000	378.0000	0
15:06:14	749.0000	449.0000	0
15:06:14	750.0000	428.0000	0
15:06:14	751.0000	414.0000	0
15:06:14	750.0000	400.0000	0
15:06:14	644.0000	454.0000	0
15:06:14	640.0000	430.0000	0
15:06:14	640.0000	406.0000	0
15:06:14	634.0000	389.0000	0
15:06:14	550.0000	446.0000	0
15:06:14	557.0000	417.0000	0
15:06:14	557.0000	402.0000	0
15:06:14	546.0000	374.0000	0
15:06:14	451.0000	433.0000	0
15:06:14	463.0000	400.0000	0
15:06:14	462.0000	390.0000	0
15:06:14	449.0000	357.0000	0
15:06:14	379.0000	423.0000	0
15:06:14	387.0000	384.0000	0
15:06:14	391.0000	369.0000	0
15:06:14	393.0000	345.0000	0
15:06:14	343.0000	423.0000	0
15:06:14	337.0000	373.0000	0
15:06:14	336.0000	346.0000	0
15:06:14	336.0000	327.0000	0
15:06:14	299.0000	414.0000	0
15:06:14	293.0000	368.0000	0
15:06:14	290.0000	348.0000	0
15:06:14	259.0000	411.0000	0
15:06:14	266.0000	384.0000	0
15:06:14	257.0000	341.0000	0
15:06:14	256.0000	317.0000	0
15:06:14	234.0000	398.0000	0
15:06:14	234.0000	359.0000	0
15:06:14	234.0000	331.0000	0
15:06:14	234.0000	305.0000	0
15:06:14	218.0000	394.0000	0
15:06:14	214.0000	356.0000	0
15:06:14	212.0000	325.0000	0
15:06:14	213.0000	301.0000	0
15:06:14	202.0000	389.0000	0
15:06:14	201.0000	348.0000	0
15:06:14	199.0000	321.0000	0
15:06:14	205.0000	298.0000	0
15:06:14	193.0000	384.0000	0
15:06:14	192.0000	346.0000	0
15:06:14	190.0000	320.0000	0
15:06:14	192.0000	290.0000	0
15:06:14	181.0000	381.0000	0
15:06:14	180.0000	347.0000	0
15:06:14	181.0000	315.0000	0
15:06:14	182.0000	291.0000	0
15:06:14	177.0000	383.0000	0
15:06:14	176.0000	343.0000	0
15:06:14	177.0000	317.0000	0
15:06:14	177.0000	289.0000	0
15:06:14	175.0000	382.0000	0
15:06:14	175.0000	332.0000	0
15:06:14	176.0000	314.0000	0
15:06:14	168.0000	391.0000	0
15:06:14	168.0000	353.0000	0
15:06:14	167.0000	321.0000	0
15:06:14	169.0000	293.0000	0
15:06:14	165.0000	384.0000	0
15:06:14	163.0000	340.0000	0
15:06:14	166.0000	312.0000	0
15:06:14	159.0000	288.0000	0
15:06:14	159.0000	381.0000	0
15:06:14	158.0000	340.0000	0
15:06:14	158.0000	309.0000	0
15:06:14	156.0000	286.0000	0
15:06:14	155.0000	368.0000	0
15:06:14	157.0000	342.0000	0
15:06:14	153.0000	302.0000	0
15:06:14	157.0000	286.0000	0
15:06:14	155.0000	377.0000	0
15:06:14	151.0000	338.0000	0
15:06:14	151.0000	307.0000	0
15:06:14	153.0000	286.0000	0
15:06:14	154.0000	378.0000	0
15:06:14	151.0000	340.0000	0
15:06:14	151.0000	306.0000	0
15:06:15	149.0000	287.0000	0
15:06:15	150.0000	374.0000	0
15:06:15	160.0000	337.0000	0
15:06:15	147.0000	307.0000	0
15:06:15	144.0000	278.0000	0
15:06:15	155.0000	378.0000	0
15:06:15	159.0000	339.0000	0
15:06:15	155.0000	304.0000	0
15:06:15	149.0000	279.0000	0
15:06:15	150.0000	378.0000	0
15:06:15	154.0000	338.0000	0
15:06:15	150.0000	307.0000	0
15:06:15	149.0000	279.0000	0
15:06:15	150.0000	368.0000	0
15:06:15	159.0000	337.0000	0
15:06:15	148.0000	313.0000	0
15:06:15	153.0000	388.0000	0
15:06:15	149.0000	347.0000	0
15:06:15	149.0000	320.0000	0
15:06:15	146.0000	288.0000	0
15:06:15	150.0000	381.0000	0
15:06:15	149.0000	340.0000	0
15:06:15	146.0000	310.0000	0
15:06:15	145.0000	282.0000	0
15:06:15	147.0000	379.0000	0
15:06:15	149.0000	336.0000	0
15:06:15	156.0000	307.0000	0
15:06:15	147.0000	281.0000	0
15:06:15	151.0000	378.0000	0
15:06:15	150.0000	337.0000	0
15:06:15	155.0000	311.0000	0
15:06:15	149.0000	289.0000	0
15:06:15	151.0000	379.0000	0
15:06:15	152.0000	336.0000	0
15:06:15	156.0000	311.0000	0
15:06:15	151.0000	281.0000	0
15:06:15	150.0000	378.0000	0
15:06:15	151.0000	336.0000	0
15:06:15	151.0000	306.0000	0
15:06:15	150.0000	280.0000	0
15:06:15	151.0000	378.0000	0
15:06:15	151.0000	336.0000	0
15:06:15	153.0000	313.0000	0
15:06:15	149.0000	283.0000	0
15:06:15	150.0000	378.0000	0
15:06:15	149.0000	336.0000	0
15:06:15	147.0000	305.0000	0
15:06:15	145.0000	272.0000	0
15:06:15	148.0000	377.0000	0
15:06:15	153.0000	337.0000	0
15:06:15	148.0000	305.0000	0
15:06:15	152.0000	387.0000	0
15:06:15	150.0000	347.0000	0
15:06:15	151.0000	320.0000	0
15:06:15	154.0000	288.0000	0
15:06:15	156.0000	379.0000	0
15:06:15	157.0000	338.0000	0
15:06:15	155.0000	309.0000	0
15:06:15	167.0000	293.0000	0
15:06:15	161.0000	381.0000	0
15:06:15	156.0000	337.0000	0
15:06:15	161.0000	311.0000	0
15:06:15	170.0000	294.0000	0
15:06:15	168.0000	377.0000	0
15:06:15	163.0000	340.0000	0
15:06:15	169.0000	303.0000	0
15:06:15	170.0000	298.0000	0
15:06:15	167.0000	381.0000	0
15:06:15	162.0000	339.0000	0
15:06:15	171.0000	302.0000	0
15:06:15	173.0000	296.0000	0
15:06:15	171.0000	382.0000	0
15:06:15	163.0000	342.0000	0
15:06:15	167.0000	309.0000	0
15:06:15	177.0000	297.0000	0
15:06:15	176.0000	380.0000	0
15:06:15	168.0000	338.0000	0
15:06:15	173.0000	310.0000	0
15:06:15	176.0000	295.0000	0
15:06:15	173.0000	381.0000	0
15:06:15	170.0000	339.0000	0
15:06:15	172.0000	314.0000	0
15:06:15	176.0000	298.0000	0
15:06:15	157.0000	368.0000	0
15:06:15	176.0000	343.0000	0
15:06:15	176.0000	314.0000	0
15:06:15	182.0000	295.0000	0
15:06:15	178.0000	382.0000	0
15:06:15	179.0000	347.0000	0
15:06:15	176.0000	314.0000	0
15:06:15	175.0000	390.0000	0
15:06:15	176.0000	351.0000	0
15:06:15	178.0000	325.0000	0
15:06:15	176.0000	294.0000	0
15:06:15	174.0000	380.0000	0
15:06:15	176.0000	343.0000	0
15:06:15	178.0000	318.0000	0
15:06:15	176.0000	288.0000	0
15:06:15	177.0000	383.0000	0
15:06:15	178.0000	345.0000	0
15:06:15	179.0000	313.0000	0
15:06:15	177.0000	293.0000	0
15:06:15	179.0000	379.0000	0
15:06:15	182.0000	345.0000	0
15:06:15	183.0000	316.0000	0
15:06:15	182.0000	288.0000	0
15:06:15	180.0000	381.0000	0
15:06:15	181.0000	341.0000	0
15:06:15	180.0000	314.0000	0
15:06:15	178.0000	288.0000	0
15:06:15	179.0000	383.0000	0
15:06:15	181.0000	343.0000	0
15:06:15	176.0000	316.0000	0
15:06:15	180.0000	288.0000	0
15:06:15	181.0000	385.0000	0
15:06:15	183.0000	345.0000	0
15:06:15	185.0000	314.0000	0
15:06:15	183.0000	288.0000	0
15:06:15	182.0000	384.0000	0
15:06:15	187.0000	342.0000	0
15:06:15	186.0000	315.0000	0
15:06:15	187.0000	301.0000	0
15:06:15	183.0000	383.0000	0
15:06:15	175.0000	336.0000	0
15:06:15	175.0000	313.0000	0
15:06:15	186.0000	394.0000	0
15:06:15	179.0000	351.0000	0
15:06:15	182.0000	321.0000	0
15:06:15	187.0000	298.0000	0
15:06:15	187.0000	384.0000	0
15:06:15	192.0000	344.0000	0
15:06:15	188.0000	315.0000	0
15:06:15	199.0000	301.0000	0
15:06:15	182.0000	373.0000	0
15:06:15	177.0000	349.0000	0
15:06:15	185.0000	317.0000	0
15:06:15	190.0000	303.0000	0
15:06:15	183.0000	383.0000	0
15:06:15	183.0000	342.0000	0
15:06:15	184.0000	315.0000	0
15:06:15	189.0000	300.0000	0
15:06:15	179.0000	383.0000	0
15:06:15	182.0000	352.0000	0
15:06:15	186.0000	314.0000	0
15:06:15	191.0000	299.0000	0
15:06:15	182.0000	382.0000	0
15:06:15	175.0000	342.0000	0
15:06:15	179.0000	314.0000	0
15:06:15	189.0000	299.0000	0
15:06:15	176.0000	381.0000	0
15:06:15	167.0000	341.0000	0
15:06:15	176.0000	315.0000	0
15:06:15	177.0000	297.0000	0
15:06:15	174.0000	383.0000	0
15:06:15	166.0000	342.0000	0
15:06:15	173.0000	314.0000	0
15:06:15	176.0000	300.0000	0
15:06:15	178.0000	370.0000	0
15:06:15	181.0000	343.0000	0
15:06:15	172.0000	304.0000	0
15:06:15	191.0000	291.0000	0
15:06:15	190.0000	384.0000	0
15:06:15	185.0000	343.0000	0
15:06:15	190.0000	315.0000	0
15:06:15	192.0000	395.0000	0
15:06:15	192.0000	355.0000	0
15:06:15	182.0000	323.0000	0
15:06:15	192.0000	298.0000	0
15:06:15	186.0000	384.0000	0
15:06:15	183.0000	340.0000	0
15:06:15	187.0000	312.0000	0
15:06:15	186.0000	289.0000	0
15:06:15	186.0000	384.0000	0
15:06:15	190.0000	347.0000	0
15:06:15	182.0000	315.0000	0
15:06:15	183.0000	288.0000	0
15:06:15	182.0000	381.0000	0
15:06:15	181.0000	343.0000	0
15:06:15	182.0000	318.0000	0
15:06:15	186.0000	299.0000	0
15:06:15	189.0000	381.0000	0
15:06:15	189.0000	341.0000	0
15:06:15	189.0000	313.0000	0
15:06:15	187.0000	287.0000	0
15:06:15	186.0000	385.0000	0
15:06:15	187.0000	348.0000	0
15:06:15	191.0000	315.0000	0
15:06:15	184.0000	288.0000	0
15:06:15	186.0000	382.0000	0
15:06:15	186.0000	342.0000	0
15:06:15	180.0000	313.0000	0
15:06:15	183.0000	288.0000	0
15:06:15	185.0000	383.0000	0
15:06:15	183.0000	345.0000	0
15:06:15	186.0000	316.0000	0
15:06:15	185.0000	291.0000	0
15:06:15	180.0000	371.0000	0
15:06:15	186.0000	341.0000	0
15:06:15	182.0000	314.0000	0
15:06:15	162.0000	382.0000	0
15:06:15	191.0000	361.0000	0
15:06:15	187.0000	329.0000	0
15:06:15	207.0000	300.0000	0
15:06:15	183.0000	386.0000	0
15:06:15	181.0000	343.0000	0
15:06:15	179.0000	317.0000	0
15:06:15	185.0000	293.0000	0
15:06:15	177.0000	370.0000	0
15:06:15	192.0000	342.0000	0
15:06:15	190.0000	323.0000	0
15:06:15	195.0000	297.0000	0
15:06:16	192.0000	368.0000	0
15:06:16	192.0000	343.0000	0
15:06:16	196.0000	320.0000	0
15:06:16	186.0000	291.0000	0
15:06:16	190.0000	370.0000	0
15:06:16	187.0000	332.0000	0
15:06:16	190.0000	318.0000	0
15:06:16	188.0000	288.0000	0
15:06:16	187.0000	379.0000	0
15:06:16	187.0000	342.0000	0
15:06:16	186.0000	313.0000	0
15:06:16	183.0000	288.0000	0
15:06:16	186.0000	382.0000	0
15:06:16	189.0000	347.0000	0
15:06:16	186.0000	314.0000	0
15:06:16	183.0000	289.0000	0
15:06:16	181.0000	382.0000	0
15:06:16	186.0000	346.0000	0
15:06:16	182.0000	316.0000	0
15:06:16	182.0000	289.0000	0
15:06:16	177.0000	383.0000	0
15:06:16	183.0000	341.0000	0
15:06:16	180.0000	314.0000	0
15:06:16	189.0000	391.0000	0
15:06:16	189.0000	353.0000	0
15:06:16	183.0000	321.0000	0
15:06:16	189.0000	295.0000	0
15:06:16	186.0000	382.0000	0
15:06:16	187.0000	343.0000	0
15:06:16	184.0000	316.0000	0
15:06:16	185.0000	293.0000	0
15:06:16	179.0000	379.0000	0
15:06:16	185.0000	342.0000	0
15:06:16	178.0000	315.0000	0
15:06:16	182.0000	291.0000	0
15:06:16	176.0000	376.0000	0
15:06:16	181.0000	343.0000	0
15:06:16	184.0000	314.0000	0
15:06:16	180.0000	288.0000	0
15:06:16	176.0000	382.0000	0
15:06:16	183.0000	345.0000	0
15:06:16	181.0000	312.0000	0
15:06:16	186.0000	292.0000	0
15:06:16	181.0000	382.0000	0
15:06:16	187.0000	343.0000	0
15:06:16	182.0000	314.0000	0
15:06:16	181.0000	289.0000	0
15:06:16	179.0000	384.0000	0
15:06:16	183.0000	342.0000	0
15:06:16	179.0000	315.0000	0
15:06:16	182.0000	289.0000	0
15:06:16	183.0000	386.0000	0
15:06:16	183.0000	345.0000	0
15:06:16	182.0000	315.0000	0
15:06:16	184.0000	289.0000	0
15:06:16	179.0000	384.0000	0
15:06:16	182.0000	336.0000	0
15:06:16	177.0000	315.0000	0
15:06:16	182.0000	291.0000	0
15:06:16	178.0000	384.0000	0
15:06:16	182.0000	346.0000	0
15:06:16	181.0000	315.0000	0
15:06:16	182.0000	393.0000	0
15:06:16	181.0000	355.0000	0
15:06:16	177.0000	320.0000	0
15:06:16	179.0000	294.0000	0
15:06:16	179.0000	390.0000	0
15:06:16	176.0000	336.0000	0
15:06:16	179.0000	319.0000	0
15:06:16	176.0000	290.0000	0
15:06:16	185.0000	389.0000	0
15:06:16	180.0000	338.0000	0
15:06:16	179.0000	314.0000	0
15:06:16	180.0000	289.0000	0
15:06:16	188.0000	388.0000	0
15:06:16	181.0000	337.0000	0
15:06:16	181.0000	311.0000	0
15:06:16	182.0000	287.0000	0
15:06:16	189.0000	380.0000	0
15:06:16	183.0000	341.0000	0
15:06:16	187.0000	313.0000	0
15:06:16	183.0000	288.0000	0
15:06:16	181.0000	382.0000	0
15:06:16	181.0000	342.0000	0
15:06:16	181.0000	311.0000	0
15:06:16	183.0000	289.0000	0
15:06:16	181.0000	384.0000	0
15:06:16	181.0000	342.0000	0
15:06:16	181.0000	313.0000	0
15:06:16	185.0000	290.0000	0
15:06:16	181.0000	383.0000	0
15:06:16	180.0000	343.0000	0
15:06:16	183.0000	315.0000	0
15:06:16	184.0000	291.0000	0
15:06:16	182.0000	384.0000	0
15:06:16	179.0000	344.0000	0
15:06:16	183.0000	313.0000	0
15:06:16	180.0000	290.0000	0
15:06:16	179.0000	384.0000	0
15:06:16	190.0000	343.0000	0
15:06:16	179.0000	314.0000	0
15:06:16	179.0000	383.0000	0
15:06:16	181.0000	354.0000	0
15:06:16	182.0000	321.0000	0
15:06:16	182.0000	295.0000	0
15:06:16	183.0000	392.0000	0
15:06:16	181.0000	347.0000	0
15:06:16	179.0000	313.0000	0
15:06:16	180.0000	289.0000	0
15:06:16	182.0000	391.0000	0
15:06:16	180.0000	345.0000	0
15:06:16	181.0000	316.0000	0
15:06:16	182.0000	290.0000	0
15:06:16	182.0000	385.0000	0
15:06:16	182.0000	341.0000	0
15:06:16	182.0000	314.0000	0
15:06:16	175.0000	286.0000	0
15:06:16	183.0000	393.0000	0
15:06:16	183.0000	343.0000	0
15:06:16	184.0000	316.0000	0
15:06:16	182.0000	290.0000	0
15:06:16	183.0000	385.0000	0
15:06:16	183.0000	342.0000	0
15:06:16	186.0000	311.0000	0
15:06:16	185.0000	291.0000	0
15:06:16	182.0000	390.0000	0
15:06:16	181.0000	342.0000	0
15:06:16	182.0000	314.0000	0
15:06:16	182.0000	288.0000	0
15:06:16	198.0000	386.0000	0
15:06:16	177.0000	347.0000	0
15:06:16	183.0000	314.0000	0
15:06:16	183.0000	291.0000	0
15:06:16	190.0000	385.0000	0
15:06:16	178.0000	340.0000	0
15:06:16	183.0000	310.0000	0
15:06:16	182.0000	288.0000	0
15:06:16	190.0000	392.0000	0
15:06:16	178.0000	341.0000	0
15:06:16	182.0000	310.0000	0
15:06:16	182.0000	393.0000	0
15:06:16	183.0000	362.0000	0
15:06:16	188.0000	320.0000	0
15:06:16	183.0000	295.0000	0
15:06:16	185.0000	384.0000	0
15:06:16	181.0000	343.0000	0
15:06:16	181.0000	318.0000	0
15:06:16	186.0000	288.0000	0
15:06:16	182.0000	382.0000	0
15:06:16	179.0000	343.0000	0
15:06:16	177.0000	315.0000	0
15:06:16	178.0000	290.0000	0
15:06:16	179.0000	390.0000	0
15:06:16	176.0000	340.0000	0
15:06:16	176.0000	313.0000	0
15:06:16	176.0000	288.0000	0
15:06:16	175.0000	384.0000	0
15:06:16	174.0000	339.0000	0
15:06:16	176.0000	314.0000	0
15:06:16	174.0000	286.0000	0
15:06:16	176.0000	383.0000	0
15:06:16	176.0000	342.0000	0
15:06:16	179.0000	314.0000	0
15:06:16	177.0000	289.0000	0
15:06:16	177.0000	382.0000	0
15:06:16	178.0000	342.0000	0
15:06:16	178.0000	313.0000	0
15:06:16	176.0000	288.0000	0
15:06:16	185.0000	383.0000	0
15:06:16	181.0000	343.0000	0
15:06:16	182.0000	317.0000	0
15:06:16	180.0000	288.0000	0
15:06:16	178.0000	380.0000	0
15:06:16	176.0000	342.0000	0
15:06:16	179.0000	311.0000	0
15:06:16	184.0000	397.0000	0
15:06:16	176.0000	363.0000	0
15:06:16	176.0000	311.0000	0
15:06:16	176.0000	294.0000	0
15:06:16	183.0000	390.0000	0
15:06:16	177.0000	353.0000	0
15:06:16	177.0000	311.0000	0
15:06:16	180.0000	288.0000	0
15:06:16	182.0000	379.0000	0
15:06:16	179.0000	339.0000	0
15:06:16	181.0000	310.0000	0
15:06:16	180.0000	286.0000	0
15:06:16	178.0000	386.0000	0
15:06:16	176.0000	339.0000	0
15:06:16	176.0000	311.0000	0
15:06:16	176.0000	285.0000	0
15:06:16	178.0000	390.0000	0
15:06:16	176.0000	339.0000	0
15:06:16	176.0000	310.0000	0
15:06:16	176.0000	287.0000	0
15:06:16	190.0000	385.0000	0
15:06:16	177.0000	340.0000	0
15:06:16	179.0000	310.0000	0
15:06:16	178.0000	288.0000	0
15:06:16	184.0000	393.0000	0
15:06:17	183.0000	340.0000	0
15:06:17	185.0000	316.0000	0
15:06:17	180.0000	289.0000	0
15:06:17	178.0000	394.0000	0
15:06:17	178.0000	341.0000	0
15:06:17	176.0000	304.0000	0
15:06:17	176.0000	288.0000	0
15:06:17	179.0000	391.0000	0
15:06:17	177.0000	343.0000	0
15:06:17	178.0000	314.0000	0
15:06:17	176.0000	288.0000	0
15:06:17	181.0000	391.0000	0
15:06:17	177.0000	341.0000	0
15:06:17	176.0000	314.0000	0
15:06:17	176.0000	390.0000	0
15:06:17	176.0000	352.0000	0
15:06:17	176.0000	319.0000	0
15:06:17	176.0000	293.0000	0
15:06:17	181.0000	384.0000	0
15:06:17	179.0000	344.0000	0
15:06:17	176.0000	317.0000	0
15:06:17	181.0000	289.0000	0
15:06:17	182.0000	383.0000	0
15:06:17	177.0000	341.0000	0
15:06:17	177.0000	316.0000	0
15:06:17	179.0000	284.0000	0
15:06:17	178.0000	382.0000	0
15:06:17	176.0000	341.0000	0
15:06:17	179.0000	312.0000	0
15:06:17	178.0000	286.0000	0
15:06:17	176.0000	381.0000	0
15:06:17	176.0000	343.0000	0
15:06:17	176.0000	314.0000	0
15:06:17	179.0000	289.0000	0
15:06:17	182.0000	384.0000	0
15:06:17	179.0000	345.0000	0
15:06:17	177.0000	316.0000	0
15:06:17	178.0000	287.0000	0
15:06:17	179.0000	384.0000	0
15:06:17	177.0000	342.0000	0
15:06:17	179.0000	314.0000	0
15:06:17	178.0000	290.0000	0
15:06:17	181.0000	391.0000	0
15:06:17	178.0000	339.0000	0
15:06:17	179.0000	314.0000	0
15:06:17	177.0000	286.0000	0
15:06:17	178.0000	382.0000	0
15:06:17	178.0000	345.0000	0
15:06:17	182.0000	313.0000	0
15:06:17	181.0000	289.0000	0
15:06:17	178.0000	384.0000	0
15:06:17	176.0000	345.0000	0
15:06:17	179.0000	314.0000	0
15:06:17	190.0000	402.0000	0
15:06:17	180.0000	365.0000	0
15:06:17	182.0000	310.0000	0
15:06:17	181.0000	298.0000	0
15:06:17	182.0000	389.0000	0
15:06:17	181.0000	353.0000	0
15:06:17	176.0000	311.0000	0
15:06:17	178.0000	288.0000	0
15:06:17	187.0000	394.0000	0
15:06:17	179.0000	343.0000	0
15:06:17	176.0000	309.0000	0
15:06:17	179.0000	288.0000	0
15:06:17	183.0000	389.0000	0
15:06:17	176.0000	340.0000	0
15:06:17	177.0000	318.0000	0
15:06:17	177.0000	288.0000	0
15:06:17	184.0000	390.0000	0
15:06:17	176.0000	341.0000	0
15:06:17	178.0000	309.0000	0
15:06:17	182.0000	284.0000	0
15:06:17	178.0000	390.0000	0
15:06:17	176.0000	338.0000	0
15:06:17	163.0000	318.0000	0
15:06:17	176.0000	286.0000	0
15:06:17	181.0000	390.0000	0
15:06:17	176.0000	346.0000	0
15:06:17	178.0000	316.0000	0
15:06:17	179.0000	290.0000	0
15:06:17	177.0000	374.0000	0
15:06:17	178.0000	341.0000	0
15:06:17	177.0000	309.0000	0
15:06:17	178.0000	288.0000	0
15:06:17	176.0000	379.0000	0
15:06:17	178.0000	345.0000	0
15:06:17	176.0000	312.0000	0
15:06:17	174.0000	393.0000	0
15:06:17	176.0000	353.0000	0
15:06:17	176.0000	320.0000	0
15:06:17	176.0000	291.0000	0
15:06:17	175.0000	385.0000	0
15:06:17	176.0000	343.0000	0
15:06:17	176.0000	315.0000	0
15:06:17	178.0000	292.0000	0
15:06:17	177.0000	381.0000	0
15:06:17	178.0000	337.0000	0
15:06:17	182.0000	320.0000	0
15:06:17	179.0000	288.0000	0
15:06:17	185.0000	384.0000	0
15:06:17	177.0000	333.0000	0
15:06:17	182.0000	316.0000	0
15:06:17	179.0000	283.0000	0
15:06:17	180.0000	383.0000	0
15:06:17	183.0000	347.0000	0
15:06:17	182.0000	317.0000	0
15:06:17	182.0000	293.0000	0
15:06:17	176.0000	383.0000	0
15:06:17	182.0000	350.0000	0
15:06:17	192.0000	330.0000	0
15:06:17	182.0000	292.0000	0
15:06:17	178.0000	394.0000	0
15:06:17	176.0000	347.0000	0
15:06:17	178.0000	313.0000	0
15:06:17	178.0000	391.0000	0
15:06:17	181.0000	358.0000	0
15:06:17	182.0000	325.0000	0
15:06:17	180.0000	299.0000	0
15:06:17	179.0000	386.0000	0
15:06:17	181.0000	347.0000	0
15:06:17	183.0000	573.0000	0
15:06:17	187.0000	528.0000	0
15:06:17	181.0000	470.0000	0
15:06:17	177.0000	417.0000	0
15:06:17	177.0000	451.0000	0
15:06:17	176.0000	400.0000	0
15:06:17	176.0000	357.0000	0
15:06:17	177.0000	530.0000	0
15:06:17	178.0000	470.0000	0
15:06:17	182.0000	427.0000	0
15:06:17	181.0000	397.0000	0
15:06:17	187.0000	432.0000	0
15:06:17	181.0000	387.0000	0
15:06:17	182.0000	354.0000	0
15:06:17	181.0000	410.0000	0
15:06:17	180.0000	368.0000	0
15:06:17	175.0000	336.0000	0
15:06:17	185.0000	306.0000	0
15:06:17	181.0000	391.0000	0
15:06:17	180.0000	352.0000	0
15:06:17	176.0000	322.0000	0
15:06:17	178.0000	293.0000	0
15:06:17	176.0000	387.0000	0
15:06:17	176.0000	347.0000	0
15:06:17	176.0000	318.0000	0
15:06:17	176.0000	290.0000	0
15:06:17	176.0000	382.0000	0
15:06:17	176.0000	342.0000	0
15:06:17	173.0000	312.0000	0
15:06:17	174.0000	279.0000	0
15:06:17	179.0000	384.0000	0
15:06:17	175.0000	334.0000	0
15:06:17	188.0000	316.0000	0
15:06:17	176.0000	290.0000	0
15:06:17	179.0000	382.0000	0
15:06:17	176.0000	336.0000	0
15:06:17	178.0000	309.0000	0
15:06:17	178.0000	286.0000	0
15:06:17	176.0000	379.0000	0
15:06:17	176.0000	343.0000	0
15:06:17	181.0000	311.0000	0
15:06:17	176.0000	289.0000	0
15:06:17	177.0000	382.0000	0
15:06:17	177.0000	342.0000	0
15:06:17	178.0000	315.0000	0
15:06:17	176.0000	288.0000	0
15:06:17	176.0000	385.0000	0
15:06:17	176.0000	340.0000	0
15:06:17	176.0000	311.0000	0
15:06:17	177.0000	397.0000	0
15:06:17	176.0000	351.0000	0
15:06:17	178.0000	322.0000	0
15:06:17	183.0000	304.0000	0
15:06:17	161.0000	373.0000	0
15:06:17	187.0000	352.0000	0
15:06:17	179.0000	326.0000	0
15:06:17	177.0000	291.0000	0
15:06:17	161.0000	371.0000	0
15:06:17	179.0000	342.0000	0
15:06:17	177.0000	312.0000	0
15:06:17	186.0000	301.0000	0
15:06:17	177.0000	383.0000	0
15:06:17	178.0000	344.0000	0
15:06:17	176.0000	313.0000	0
15:06:17	183.0000	297.0000	0
15:06:17	178.0000	381.0000	0
15:06:17	182.0000	343.0000	0
15:06:17	176.0000	310.0000	0
15:06:17	190.0000	295.0000	0
15:06:17	176.0000	383.0000	0
15:06:17	177.0000	345.0000	0
15:06:17	176.0000	312.0000	0
15:06:17	190.0000	298.0000	0
15:06:17	178.0000	381.0000	0
15:06:17	179.0000	342.0000	0
15:06:18	178.0000	317.0000	0
15:06:18	182.0000	298.0000	0
15:06:18	176.0000	380.0000	0
15:06:18	179.0000	340.0000	0
15:06:18	176.0000	312.0000	0
15:06:18	186.0000	297.0000	0
15:06:18	176.0000	382.0000	0
15:06:18	183.0000	351.0000	0
15:06:18	176.0000	311.0000	0
15:06:18	176.0000	285.0000	0
15:06:18	176.0000	384.0000	0
15:06:18	183.0000	353.0000	0
15:06:18	176.0000	312.0000	0
15:06:18	177.0000	396.0000	0
15:06:18	178.0000	355.0000	0
15:06:18	185.0000	336.0000	0
15:06:18	183.0000	304.0000	0
15:06:18	174.0000	377.0000	0
15:06:18	181.0000	345.0000	0
15:06:18	181.0000	325.0000	0
15:06:18	179.0000	290.0000	0
15:06:18	174.0000	382.0000	0
15:06:18	178.0000	342.0000	0
15:06:18	184.0000	322.0000	0
15:06:18	178.0000	290.0000	0
15:06:18	170.0000	381.0000	0
15:06:18	179.0000	342.0000	0
15:06:18	181.0000	322.0000	0
15:06:18	176.0000	286.0000	0
15:06:18	176.0000	380.0000	0
15:06:18	180.0000	342.0000	0
15:06:18	182.0000	324.0000	0
15:06:18	177.0000	287.0000	0
15:06:18	176.0000	375.0000	0
15:06:18	182.0000	339.0000	0
15:06:18	183.0000	314.0000	0
15:06:18	184.0000	288.0000	0
15:06:18	177.0000	382.0000	0
15:06:18	178.0000	342.0000	0
15:06:18	179.0000	322.0000	0
15:06:18	177.0000	290.0000	0
15:06:18	176.0000	381.0000	0
15:06:18	179.0000	341.0000	0
15:06:18	178.0000	321.0000	0
15:06:18	178.0000	286.0000	0
15:06:18	174.0000	379.0000	0
15:06:18	176.0000	341.0000	0
15:06:18	176.0000	312.0000	0
15:06:18	176.0000	288.0000	0
15:06:18	177.0000	382.0000	0
15:06:18	176.0000	344.0000	0
15:06:18	179.0000	314.0000	0
15:06:18	176.0000	383.0000	0
15:06:18	175.0000	353.0000	0
15:06:18	166.0000	310.0000	0
15:06:18	181.0000	301.0000	0
15:06:18	182.0000	384.0000	0
15:06:18	179.0000	346.0000	0
15:06:18	182.0000	315.0000	0
15:06:18	187.0000	302.0000	0
15:06:18	183.0000	383.0000	0
15:06:18	179.0000	346.0000	0
15:06:18	183.0000	315.0000	0
15:06:18	189.0000	294.0000	0
15:06:18	183.0000	383.0000	0
15:06:18	178.0000	336.0000	0
15:06:18	183.0000	311.0000	0
15:06:18	185.0000	291.0000	0
15:06:18	185.0000	384.0000	0
15:06:18	183.0000	343.0000	0
15:06:18	182.0000	317.0000	0
15:06:18	185.0000	289.0000	0
15:06:18	176.0000	371.0000	0
15:06:18	178.0000	344.0000	0
15:06:18	182.0000	314.0000	0
15:06:18	187.0000	298.0000	0
15:06:18	181.0000	384.0000	0
15:06:18	185.0000	346.0000	0
15:06:18	181.0000	315.0000	0
15:06:18	178.0000	288.0000	0
15:06:18	178.0000	383.0000	0
15:06:18	182.0000	342.0000	0
15:06:18	184.0000	314.0000	0
15:06:18	183.0000	287.0000	0
15:06:18	181.0000	382.0000	0
15:06:18	180.0000	346.0000	0
15:06:18	178.0000	314.0000	0
15:06:18	189.0000	389.0000	0
15:06:18	186.0000	354.0000	0
15:06:18	195.0000	331.0000	0
15:06:18	193.0000	298.0000	0
15:06:18	176.0000	379.0000	0
15:06:18	183.0000	337.0000	0
15:06:18	188.0000	327.0000	0
15:06:18	188.0000	298.0000	0
15:06:18	177.0000	379.0000	0
15:06:18	176.0000	341.0000	0
15:06:18	176.0000	311.0000	0
15:06:18	176.0000	284.0000	0
15:06:18	176.0000	381.0000	0
15:06:18	176.0000	339.0000	0
15:06:18	176.0000	312.0000	0
15:06:18	176.0000	285.0000	0
15:06:18	188.0000	370.0000	0
15:06:18	187.0000	343.0000	0
15:06:18	187.0000	314.0000	0
15:06:18	191.0000	289.0000	0
15:06:18	194.0000	394.0000	0
15:06:18	193.0000	345.0000	0
15:06:18	194.0000	306.0000	0
15:06:18	196.0000	294.0000	0
15:06:18	195.0000	385.0000	0
15:06:18	195.0000	344.0000	0
15:06:18	195.0000	318.0000	0
15:06:18	194.0000	289.0000	0
15:06:18	193.0000	389.0000	0
15:06:18	195.0000	354.0000	0
15:06:18	198.0000	305.0000	0
15:06:18	198.0000	294.0000	0
15:06:18	194.0000	383.0000	0
15:06:18	194.0000	342.0000	0
15:06:18	197.0000	314.0000	0
15:06:18	198.0000	398.0000	0
15:06:18	198.0000	355.0000	0
15:06:18	197.0000	322.0000	0
15:06:18	198.0000	300.0000	0
15:06:18	194.0000	386.0000	0
15:06:18	193.0000	347.0000	0
15:06:18	192.0000	320.0000	0
15:06:18	192.0000	292.0000	0
15:06:18	195.0000	395.0000	0
15:06:18	191.0000	354.0000	0
15:06:18	190.0000	322.0000	0
15:06:18	193.0000	293.0000	0
15:06:18	193.0000	382.0000	0
15:06:18	193.0000	355.0000	0
15:06:18	192.0000	315.0000	0
15:06:18	197.0000	295.0000	0
15:06:18	193.0000	391.0000	0
15:06:18	188.0000	354.0000	0
15:06:18	194.0000	323.0000	0
15:06:18	193.0000	288.0000	0
15:06:18	189.0000	384.0000	0
15:06:18	187.0000	356.0000	0
15:06:18	189.0000	315.0000	0
15:06:18	185.0000	299.0000	0
15:06:18	192.0000	384.0000	0
15:06:18	193.0000	355.0000	0
15:06:18	194.0000	317.0000	0
15:06:18	193.0000	292.0000	0
15:06:18	192.0000	386.0000	0
15:06:18	194.0000	355.0000	0
15:06:18	198.0000	323.0000	0
15:06:18	194.0000	289.0000	0
15:06:18	195.0000	392.0000	0
15:06:18	193.0000	353.0000	0
15:06:18	193.0000	325.0000	0
15:06:18	205.0000	289.0000	0
15:06:18	192.0000	384.0000	0
15:06:18	193.0000	346.0000	0
15:06:18	193.0000	318.0000	0
15:06:18	189.0000	400.0000	0
15:06:18	189.0000	367.0000	0
15:06:18	188.0000	317.0000	0
15:06:18	192.0000	299.0000	0
15:06:18	203.0000	388.0000	0
15:06:18	193.0000	349.0000	0
15:06:18	198.0000	318.0000	0
15:06:18	195.0000	293.0000	0
15:06:18	197.0000	395.0000	0
15:06:18	191.0000	345.0000	0
15:06:18	192.0000	315.0000	0
15:06:18	192.0000	289.0000	0
15:06:18	199.0000	393.0000	0
15:06:18	192.0000	346.0000	0
15:06:18	193.0000	315.0000	0
15:06:18	193.0000	291.0000	0
15:06:18	201.0000	389.0000	0
15:06:18	197.0000	346.0000	0
15:06:18	196.0000	324.0000	0
15:06:18	195.0000	291.0000	0
15:06:18	198.0000	396.0000	0
15:06:18	194.0000	343.0000	0
15:06:18	192.0000	315.0000	0
15:06:18	196.0000	291.0000	0
15:06:18	202.0000	394.0000	0
15:06:18	195.0000	344.0000	0
15:06:18	195.0000	315.0000	0
15:06:18	194.0000	295.0000	0
15:06:18	197.0000	394.0000	0
15:06:18	192.0000	345.0000	0
15:06:18	194.0000	322.0000	0
15:06:18	195.0000	291.0000	0
15:06:18	193.0000	394.0000	0
15:06:18	192.0000	345.0000	0
15:06:18	193.0000	325.0000	0
15:06:18	191.0000	289.0000	0
15:06:18	195.0000	389.0000	0
15:06:18	193.0000	343.0000	0
15:06:18	192.0000	324.0000	0
15:06:18	197.0000	386.0000	0
15:06:18	203.0000	359.0000	0
15:06:18	195.0000	323.0000	0
15:06:18	195.0000	304.0000	0
15:06:18	194.0000	389.0000	0
15:06:18	202.0000	358.0000	0
15:06:18	195.0000	316.0000	0
15:06:18	196.0000	303.0000	0
15:06:18	194.0000	384.0000	0
15:06:18	201.0000	355.0000	0
15:06:18	193.0000	315.0000	0
15:06:18	198.0000	295.0000	0
15:06:18	194.0000	384.0000	0
15:06:18	193.0000	352.0000	0
15:06:18	194.0000	318.0000	0
15:06:18	194.0000	292.0000	0
15:06:18	193.0000	380.0000	0
15:06:19	192.0000	354.0000	0
15:06:19	193.0000	319.0000	0
15:06:19	192.0000	292.0000	0
15:06:19	194.0000	384.0000	0
15:06:19	192.0000	344.0000	0
15:06:19	195.0000	317.0000	0
15:06:19	192.0000	290.0000	0
15:06:19	194.0000	384.0000	0
15:06:19	194.0000	348.0000	0
15:06:19	195.0000	315.0000	0
15:06:19	195.0000	293.0000	0
15:06:19	194.0000	384.0000	0
15:06:19	193.0000	345.0000	0
15:06:19	195.0000	315.0000	0
15:06:19	194.0000	292.0000	0
15:06:19	196.0000	386.0000	0
15:06:19	194.0000	347.0000	0
15:06:19	198.0000	317.0000	0
15:06:19	201.0000	403.0000	0
15:06:19	206.0000	356.0000	0
15:06:19	205.0000	325.0000	0
15:06:19	206.0000	303.0000	0
15:06:19	204.0000	385.0000	0
15:06:19	199.0000	352.0000	0
15:06:19	198.0000	321.0000	0
15:06:19	199.0000	294.0000	0
15:06:19	213.0000	384.0000	0
15:06:19	209.0000	349.0000	0
15:06:19	218.0000	318.0000	0
15:06:19	211.0000	294.0000	0
15:06:19	215.0000	385.0000	0
15:06:19	211.0000	347.0000	0
15:06:19	214.0000	320.0000	0
15:06:19	211.0000	293.0000	0
15:06:19	211.0000	385.0000	0
15:06:19	210.0000	349.0000	0
15:06:19	209.0000	320.0000	0
15:06:19	211.0000	294.0000	0
15:06:19	213.0000	385.0000	0
15:06:19	211.0000	348.0000	0
15:06:19	210.0000	320.0000	0
15:06:19	213.0000	297.0000	0
15:06:19	213.0000	390.0000	0
15:06:19	208.0000	347.0000	0
15:06:19	213.0000	318.0000	0
15:06:19	211.0000	298.0000	0
15:06:19	209.0000	397.0000	0
15:06:19	208.0000	351.0000	0
15:06:19	208.0000	320.0000	0
15:06:19	209.0000	293.0000	0
15:06:19	221.0000	397.0000	0
15:06:19	219.0000	350.0000	0
15:06:19	223.0000	320.0000	0
15:06:19	219.0000	295.0000	0
15:06:19	245.0000	399.0000	0
15:06:19	243.0000	352.0000	0
15:06:19	245.0000	324.0000	0
15:06:19	265.0000	403.0000	0
15:06:19	265.0000	367.0000	0
15:06:19	266.0000	336.0000	0
15:06:19	267.0000	314.0000	0
15:06:19	250.0000	395.0000	0
15:06:19	244.0000	360.0000	0
15:06:19	243.0000	332.0000	0
15:06:19	246.0000	297.0000	0
15:06:19	279.0000	390.0000	0
15:06:19	283.0000	351.0000	0
15:06:19	296.0000	334.0000	0
15:06:19	291.0000	305.0000	0
15:06:19	304.0000	393.0000	0
15:06:19	304.0000	363.0000	0
15:06:19	305.0000	336.0000	0
15:06:19	304.0000	314.0000	0
15:06:19	322.0000	400.0000	0
15:06:19	321.0000	367.0000	0
15:06:19	322.0000	340.0000	0
15:06:19	333.0000	318.0000	0
15:06:19	385.0000	404.0000	0
15:06:19	387.0000	373.0000	0
15:06:19	390.0000	351.0000	0
15:06:19	397.0000	327.0000	0
15:06:19	416.0000	411.0000	0
15:06:19	416.0000	379.0000	0
15:06:19	414.0000	358.0000	0
15:06:19	413.0000	336.0000	0
15:06:19	368.0000	410.0000	0
15:06:19	369.0000	378.0000	0
15:06:19	371.0000	353.0000	0
15:06:19	370.0000	333.0000	0
15:06:19	365.0000	410.0000	0
15:06:19	363.0000	378.0000	0
15:06:19	362.0000	351.0000	0
15:06:19	355.0000	331.0000	0
15:06:19	349.0000	417.0000	0
15:06:19	359.0000	366.0000	0
15:06:19	369.0000	350.0000	0
15:06:19	465.0000	432.0000	0
15:06:19	474.0000	395.0000	0
15:06:19	485.0000	368.0000	0
15:06:19	497.0000	350.0000	0
15:06:19	624.0000	430.0000	0
15:06:19	637.0000	404.0000	0
15:06:19	646.0000	391.0000	0
15:06:19	659.0000	374.0000	0
15:06:19	692.0000	443.0000	0
15:06:19	689.0000	419.0000	0
15:06:19	688.0000	402.0000	0
15:06:19	685.0000	390.0000	0
15:06:19	813.0000	457.0000	0
15:06:19	826.0000	437.0000	0
15:06:19	848.0000	429.0000	0
15:06:19	864.0000	418.0000	0
15:06:19	902.0000	470.0000	0
15:06:19	896.0000	453.0000	0
15:06:19	884.0000	439.0000	0
15:06:19	879.0000	431.0000	0
15:06:19	798.0000	474.0000	0
15:06:19	797.0000	454.0000	0
15:06:19	796.0000	434.0000	0
15:06:19	790.0000	419.0000	0
15:06:19	867.0000	475.0000	0
15:06:19	886.0000	455.0000	0
15:06:19	915.0000	442.0000	0
15:06:19	945.0000	434.0000	0
15:06:19	983.0000	494.0000	0
15:06:19	971.0000	468.0000	0
15:06:19	960.0000	458.0000	0
15:06:19	947.0000	447.0000	0
15:06:19	806.0000	491.0000	0
15:06:19	797.0000	463.0000	0
15:06:19	791.0000	443.0000	0
15:06:19	819.0000	483.0000	0
15:06:19	813.0000	463.0000	0
15:06:19	805.0000	443.0000	0
15:06:19	801.0000	432.0000	0
15:06:19	918.0000	480.0000	0
15:06:19	926.0000	464.0000	0
15:06:19	937.0000	449.0000	0
15:06:19	944.0000	442.0000	0
15:06:19	1023.0000	499.0000	0
15:06:19	1018.0000	469.0000	0
15:06:19	1014.0000	468.0000	0
15:06:19	1009.0000	461.0000	0
15:06:19	1184.0000	505.0000	0
15:06:19	1197.0000	496.0000	0
15:06:19	1188.0000	493.0000	0
15:06:19	1185.0000	478.0000	0
15:06:19	1042.0000	511.0000	0
15:06:19	1023.0000	500.0000	0
15:06:19	1017.0000	485.0000	0
15:06:19	1013.0000	473.0000	0
15:06:19	945.0000	506.0000	0
15:06:19	944.0000	485.0000	0
15:06:19	940.0000	470.0000	0
15:06:19	1008.0000	507.0000	0
15:06:19	1014.0000	490.0000	0
15:06:19	1010.0000	475.0000	0
15:06:19	1003.0000	466.0000	0
15:06:19	1319.0000	531.0000	0
15:06:19	1321.0000	511.0000	0
15:06:19	1312.0000	511.0000	0
15:06:19	1319.0000	511.0000	0
15:06:19	1535.0000	571.0000	0
15:06:19	1535.0000	561.0000	0
15:06:19	1535.0000	565.0000	0
15:06:19	1535.0000	574.0000	0
15:06:19	1305.0000	589.0000	0
15:06:19	1294.0000	569.0000	0
15:06:19	1280.0000	550.0000	0
15:06:19	1270.0000	551.0000	0
15:06:19	1104.0000	567.0000	0
15:06:19	1098.0000	541.0000	0
15:06:19	1104.0000	528.0000	0
15:06:19	1122.0000	544.0000	0
15:06:19	1161.0000	528.0000	0
15:06:19	1204.0000	511.0000	0
15:06:19	1247.0000	511.0000	0
15:06:19	1634.0000	565.0000	0
15:06:19	1651.0000	574.0000	0
15:06:19	1675.0000	580.0000	0
15:06:19	1680.0000	592.0000	0
15:06:19	1625.0000	606.0000	0
15:06:19	1610.0000	606.0000	0
15:06:19	1600.0000	610.0000	0
15:06:19	1593.0000	610.0000	0
15:06:19	1440.0000	609.0000	0
15:06:19	1448.0000	599.0000	0
15:06:19	1442.0000	596.0000	0
15:06:19	1327.0000	607.0000	0
15:06:19	1320.0000	583.0000	0
15:06:19	1310.0000	575.0000	0
15:06:19	1295.0000	566.0000	0
15:06:19	1456.0000	593.0000	0
15:06:19	1446.0000	578.0000	0
15:06:19	1442.0000	576.0000	0
15:06:19	1455.0000	577.0000	0
15:06:19	1654.0000	608.0000	0
15:06:19	1644.0000	601.0000	0
15:06:19	1627.0000	606.0000	0
15:06:19	1610.0000	610.0000	0
15:06:19	1566.0000	624.0000	0
15:06:19	1581.0000	613.0000	0
15:06:19	1601.0000	614.0000	0
15:06:19	1453.0000	624.0000	0
15:06:19	1430.0000	592.0000	0
15:06:19	1424.0000	598.0000	0
15:06:19	1414.0000	593.0000	0
15:06:20	1648.0000	609.0000	0
15:06:20	1642.0000	611.0000	0
15:06:20	1632.0000	617.0000	0
15:06:20	1617.0000	617.0000	0
15:06:20	1837.0000	636.0000	0
15:06:20	1813.0000	641.0000	0
15:06:20	1801.0000	653.0000	0
15:06:20	1786.0000	656.0000	0
15:06:20	1891.0000	659.0000	0
15:06:20	1904.0000	670.0000	0
15:06:20	1915.0000	687.0000	0
15:06:20	1904.0000	687.0000	0
15:06:20	2513.0000	719.0000	0
15:06:20	2535.0000	753.0000	0
15:06:20	2559.0000	788.0000	3
15:06:20	2314.0000	786.0000	0
15:06:20	2361.0000	797.0000	0
15:06:20	2449.0000	814.0000	17
15:06:20	2544.0000	829.0000	22
15:06:20	2877.0000	865.0000	0
15:06:20	2861.0000	896.0000	0
15:06:20	2832.0000	915.0000	20
15:06:20	2802.0000	935.0000	29
15:06:20	2455.0000	934.0000	0
15:06:20	2434.0000	935.0000	0
15:06:20	2412.0000	935.0000	21
15:06:20	2384.0000	930.0000	28
15:06:20	2377.0000	925.0000	0
15:06:20	2474.0000	929.0000	0
15:06:20	2608.0000	937.0000	26
15:06:20	3250.0000	959.0000	0
15:06:20	3219.0000	992.0000	15
15:06:20	3191.0000	1030.0000	29
15:06:20	3185.0000	1046.0000	54
15:06:20	3163.0000	1072.0000	0
15:06:20	3223.0000	1101.0000	16
15:06:20	3302.0000	1118.0000	43
15:06:20	3383.0000	1139.0000	57
15:06:20	3674.0000	1168.0000	0
15:06:20	3678.0000	1197.0000	30
15:06:20	3664.0000	1210.0000	51
15:06:20	3367.0000	1230.0000	0
15:06:20	3318.0000	1227.0000	18
15:06:20	3278.0000	1221.0000	57
15:06:20	3269.0000	1227.0000	66
15:06:20	3314.0000	1253.0000	0
15:06:20	3262.0000	1244.0000	24
15:06:20	3219.0000	1231.0000	54
15:06:20	3214.0000	1235.0000	74
15:06:20	3259.0000	1254.0000	0
15:06:20	3245.0000	1250.0000	25
15:06:20	3200.0000	1244.0000	48
15:06:20	3426.0000	1250.0000	0
15:06:20	3369.0000	1256.0000	21
15:06:20	3306.0000	1249.0000	53
15:06:20	3246.0000	1244.0000	75
15:06:20	3695.0000	1282.0000	0
15:06:20	3693.0000	1290.0000	29
15:06:20	3691.0000	1291.0000	61
15:06:20	3693.0000	1299.0000	82
15:06:20	3694.0000	1328.0000	0
15:06:20	3695.0000	1331.0000	34
15:06:20	3711.0000	745.0000	0
15:06:20	3703.0000	828.0000	0
15:06:20	3705.0000	884.0000	32
15:06:20	3703.0000	927.0000	0
15:06:20	3703.0000	986.0000	19
15:06:20	3697.0000	1030.0000	38
15:06:20	3701.0000	1069.0000	60
15:06:20	3707.0000	1115.0000	0
15:06:20	3675.0000	1058.0000	0
15:06:20	3682.0000	1120.0000	0
15:06:20	3677.0000	1143.0000	29
15:06:20	3696.0000	1163.0000	0
15:06:20	3696.0000	1194.0000	17
15:06:20	3710.0000	1206.0000	48
15:06:20	3699.0000	1231.0000	66
15:06:20	3714.0000	1261.0000	0
15:06:20	3697.0000	1271.0000	19
15:06:20	3726.0000	1268.0000	55
15:06:20	3703.0000	1285.0000	79
15:06:20	3705.0000	1316.0000	0
15:06:20	3697.0000	1320.0000	33
15:06:20	3697.0000	1312.0000	63
15:06:20	3699.0000	1338.0000	0
15:06:20	3699.0000	1331.0000	37
15:06:20	3698.0000	1326.0000	65
15:06:20	3694.0000	1326.0000	86
15:06:20	3701.0000	1364.0000	0
15:06:20	3696.0000	1363.0000	32
15:06:20	3695.0000	1358.0000	63
15:06:20	3696.0000	1366.0000	81
15:06:20	3703.0000	1385.0000	0
15:06:20	3706.0000	1376.0000	31
15:06:20	3702.0000	1368.0000	62
15:06:20	3708.0000	1381.0000	0
15:06:20	3705.0000	1373.0000	32
15:06:20	3697.0000	1368.0000	63
15:06:20	3696.0000	1365.0000	83
15:06:20	3709.0000	1397.0000	0
15:06:20	3682.0000	1384.0000	25
15:06:20	3673.0000	1373.0000	66
15:06:20	3683.0000	1377.0000	81
15:06:20	3701.0000	1407.0000	0
15:06:20	3697.0000	1388.0000	39
15:06:20	3712.0000	1375.0000	71
15:06:20	3702.0000	1398.0000	0
15:06:20	3702.0000	1388.0000	33
15:06:20	3696.0000	1380.0000	62
15:06:20	3702.0000	1373.0000	85
15:06:20	3698.0000	1404.0000	0
15:06:20	3698.0000	1389.0000	36
15:06:20	3699.0000	1386.0000	69
15:06:20	3697.0000	1376.0000	90
15:06:20	3702.0000	1410.0000	0
15:06:20	3696.0000	1399.0000	32
15:06:20	3699.0000	1379.0000	64
15:06:20	3699.0000	1398.0000	0
15:06:20	3695.0000	1390.0000	33
15:06:20	3706.0000	1378.0000	63
15:06:20	3700.0000	1376.0000	88
15:06:20	3707.0000	1407.0000	0
15:06:20	3696.0000	1389.0000	41
15:06:20	3696.0000	1383.0000	65
15:06:20	3707.0000	1392.0000	0
15:06:20	3696.0000	1389.0000	30
15:06:20	3697.0000	1381.0000	62
15:06:20	3697.0000	1379.0000	82
15:06:20	3703.0000	1407.0000	0
15:06:20	3703.0000	1392.0000	32
15:06:20	3696.0000	1386.0000	65
15:06:20	3696.0000	1378.0000	88
15:06:20	3680.0000	1399.0000	0
15:06:20	3701.0000	1393.0000	43
15:06:20	3703.0000	1379.0000	69
15:06:20	3698.0000	1399.0000	0
15:06:20	3695.0000	1389.0000	35
15:06:20	3696.0000	1384.0000	65
15:06:20	3698.0000	1374.0000	90
15:06:20	3697.0000	1410.0000	0
15:06:20	3696.0000	1392.0000	34
15:06:20	3705.0000	1381.0000	68
15:06:20	3702.0000	1376.0000	90
15:06:20	3696.0000	1414.0000	0
15:06:20	3697.0000	1401.0000	31
15:06:20	3697.0000	1388.0000	62
15:06:20	3702.0000	1399.0000	0
15:06:20	3696.0000	1392.0000	29
15:06:20	3707.0000	1380.0000	64
15:06:20	3702.0000	1374.0000	85
15:06:20	3708.0000	1403.0000	5
15:06:20	3698.0000	1392.0000	38
15:06:20	3705.0000	1386.0000	70
15:06:20	3696.0000	1377.0000	91
15:06:20	3705.0000	1412.0000	0
15:06:20	3698.0000	1402.0000	33
15:06:20	3705.0000	1391.0000	64
15:06:20	3706.0000	1402.0000	0
15:06:20	3694.0000	1390.0000	43
15:06:20	3702.0000	1379.0000	64
15:06:20	3698.0000	1379.0000	82
15:06:21	3710.0000	1408.0000	0
15:06:21	3698.0000	1395.0000	42
15:06:21	3696.0000	1389.0000	64
15:06:21	3701.0000	1383.0000	87
15:06:21	3705.0000	1415.0000	0
15:06:21	3698.0000	1402.0000	45
15:06:21	3707.0000	1388.0000	76
15:06:21	3707.0000	1410.0000	0
15:06:21	3701.0000	1391.0000	48
15:06:21	3713.0000	1374.0000	77
15:06:21	3675.0000	1376.0000	99
15:06:21	3706.0000	1423.0000	0
15:06:21	3697.0000	1401.0000	31
15:06:21	3699.0000	1390.0000	71
15:06:21	3699.0000	1384.0000	83
15:06:21	3715.0000	1419.0000	0
15:06:21	3706.0000	1400.0000	42
15:06:21	3700.0000	1391.0000	63
15:06:21	3700.0000	1401.0000	0
15:06:21	3700.0000	1388.0000	39
15:06:21	3698.0000	1384.0000	66
15:06:21	3707.0000	1376.0000	95
15:06:21	3703.0000	1409.0000	0
15:06:21	3699.0000	1392.0000	43
15:06:21	3699.0000	1382.0000	68
15:06:21	3696.0000	1381.0000	92
15:06:21	3719.0000	1424.0000	0
15:06:21	3680.0000	1404.0000	35
15:06:21	3707.0000	1391.0000	66
15:06:21	3703.0000	1401.0000	0
15:06:21	3696.0000	1389.0000	34
15:06:21	3699.0000	1382.0000	64
15:06:21	3696.0000	1380.0000	80
15:06:21	3718.0000	1405.0000	0
15:06:21	3718.0000	1414.0000	21
15:06:21	3728.0000	1390.0000	64
15:06:21	3707.0000	1389.0000	94
15:06:21	3703.0000	1412.0000	0
15:06:21	3697.0000	1399.0000	32
15:06:21	3707.0000	1389.0000	64
15:06:21	3707.0000	1402.0000	0
15:06:21	3703.0000	1390.0000	31
15:06:21	3696.0000	1386.0000	62
15:06:21	3703.0000	1381.0000	82
15:06:21	3705.0000	1407.0000	0
15:06:21	3701.0000	1393.0000	29
15:06:21	3701.0000	1388.0000	62
15:06:21	3702.0000	1384.0000	82
15:06:21	3699.0000	1417.0000	0
15:06:21	3711.0000	1412.0000	31
15:06:21	3696.0000	1384.0000	64
15:06:21	3696.0000	1404.0000	0
15:06:21	3712.0000	1395.0000	20
15:06:21	3718.0000	1391.0000	63
15:06:21	3717.0000	1387.0000	77
15:06:21	3701.0000	1408.0000	0
15:06:21	3701.0000	1392.0000	34
15:06:21	3700.0000	1384.0000	66
15:06:21	3697.0000	1376.0000	92
15:06:21	3705.0000	1411.0000	0
15:06:21	3694.0000	1399.0000	31
15:06:21	3698.0000	1391.0000	63
15:06:21	3695.0000	1392.0000	0
15:06:21	3686.0000	1382.0000	36
15:06:21	3701.0000	1385.0000	64
15:06:21	3700.0000	1381.0000	85
15:06:21	3706.0000	1411.0000	0
15:06:21	3703.0000	1395.0000	39
15:06:21	3696.0000	1386.0000	53
15:06:21	3715.0000	1381.0000	82
15:06:21	3706.0000	1414.0000	0
15:06:21	3728.0000	1401.0000	31
15:06:21	3698.0000	1391.0000	64
15:06:21	3709.0000	1401.0000	0
15:06:21	3706.0000	1392.0000	38
15:06:21	3719.0000	1381.0000	66
15:06:21	3706.0000	1378.0000	93
15:06:21	3696.0000	1410.0000	0
15:06:21	3709.0000	1400.0000	38
15:06:21	3724.0000	1389.0000	66
15:06:21	3713.0000	1387.0000	0
15:06:21	3719.0000	1397.0000	31
15:06:21	3713.0000	1383.0000	53
15:06:21	3699.0000	1375.0000	96
15:06:21	3718.0000	1392.0000	0
15:06:21	3730.0000	1407.0000	28
15:06:21	3718.0000	1408.0000	48
15:06:21	3699.0000	1388.0000	82
15:06:21	3694.0000	1395.0000	0
15:06:21	3714.0000	1400.0000	40
15:06:21	3702.0000	1388.0000	67
15:06:21	3702.0000	1394.0000	0
15:06:21	3711.0000	1396.0000	16
15:06:21	3714.0000	1385.0000	55
15:06:21	3711.0000	1387.0000	71
15:06:21	3703.0000	1406.0000	0
15:06:21	3698.0000	1392.0000	33
15:06:21	3699.0000	1381.0000	65
15:06:21	3696.0000	1377.0000	87
15:06:21	3712.0000	1406.0000	0
15:06:21	3702.0000	1396.0000	39
15:06:21	3703.0000	1391.0000	70
15:06:21	3709.0000	1397.0000	0
15:06:21	3695.0000	1385.0000	34
15:06:21	3696.0000	1380.0000	64
15:06:21	3699.0000	1373.0000	86
15:06:21	3704.0000	1401.0000	0
15:06:21	3695.0000	1395.0000	33
15:06:21	3701.0000	1386.0000	64
15:06:21	3697.0000	1379.0000	89
15:06:21	3703.0000	1411.0000	0
15:06:21	3696.0000	1392.0000	38
15:06:21	3703.0000	1381.0000	69
15:06:21	3715.0000	1403.0000	0
15:06:21	3697.0000	1391.0000	31
15:06:21	3707.0000	1383.0000	65
15:06:21	3703.0000	1364.0000	89
15:06:21	3699.0000	1406.0000	0
15:06:21	3699.0000	1392.0000	35
15:06:21	3714.0000	1383.0000	67
15:06:21	3706.0000	1375.0000	89
15:06:21	3703.0000	1414.0000	0
15:06:21	3681.0000	1392.0000	42
15:06:21	3706.0000	1376.0000	73
15:06:21	3710.0000	1403.0000	0
15:06:21	3710.0000	1392.0000	31
15:06:21	3702.0000	1379.0000	64
15:06:21	3697.0000	1374.0000	92
15:06:21	3702.0000	1410.0000	0
15:06:21	3702.0000	1394.0000	35
15:06:21	3703.0000	1384.0000	68
15:06:21	3696.0000	1376.0000	92
15:06:21	3707.0000	1415.0000	0
15:06:21	3701.0000	1405.0000	35
15:06:21	3701.0000	1391.0000	65
15:06:21	3703.0000	1405.0000	0
15:06:21	3697.0000	1390.0000	35
15:06:21	3707.0000	1385.0000	65
15:06:21	3697.0000	1375.0000	90
15:06:21	3707.0000	1412.0000	0
15:06:21	3697.0000	1393.0000	39
15:06:21	3707.0000	1383.0000	64
15:06:21	3709.0000	1373.0000	89
15:06:21	3708.0000	1417.0000	0
15:06:21	3701.0000	1401.0000	32
15:06:22	3706.0000	1386.0000	64
15:06:22	3707.0000	1406.0000	0
15:06:22	3708.0000	1389.0000	34
15:06:22	3687.0000	1389.0000	53
15:06:22	3701.0000	1382.0000	85
15:06:22	3693.0000	1401.0000	0
15:06:22	3705.0000	1400.0000	34
15:06:22	3697.0000	1392.0000	62
15:06:22	3706.0000	1388.0000	83
15:06:22	3707.0000	1413.0000	0
15:06:22	3704.0000	1403.0000	36
15:06:22	3697.0000	1385.0000	64
15:06:22	3707.0000	1399.0000	0
15:06:22	3703.0000	1389.0000	31
15:06:22	3696.0000	1384.0000	63
15:06:22	3707.0000	1383.0000	83
15:06:22	3701.0000	1405.0000	0
15:06:22	3699.0000	1394.0000	33
15:06:22	3699.0000	1387.0000	64
15:06:22	3703.0000	1381.0000	86
15:06:22	3705.0000	1407.0000	0
15:06:22	3710.0000	1396.0000	33
15:06:22	3697.0000	1388.0000	64
15:06:22	3697.0000	1397.0000	0
15:06:22	3697.0000	1390.0000	33
15:06:22	3685.0000	1366.0000	66
15:06:22	3705.0000	1378.0000	85
15:06:22	3700.0000	1408.0000	0
15:06:22	3696.0000	1400.0000	32
15:06:22	3699.0000	1390.0000	64
15:06:22	3706.0000	1382.0000	85
15:06:22	3730.0000	1410.0000	0
15:06:22	3702.0000	1399.0000	34
15:06:22	3699.0000	1389.0000	64
15:06:22	3710.0000	1403.0000	0
15:06:22	3696.0000	1388.0000	37
15:06:22	3696.0000	1383.0000	67
15:06:22	3698.0000	1373.0000	87
15:06:22	3712.0000	1412.0000	0
15:06:22	3683.0000	1399.0000	18
15:06:22	3710.0000	1390.0000	63
15:06:22	3698.0000	1394.0000	0
15:06:22	3699.0000	1392.0000	30
15:06:22	3703.0000	1380.0000	64
15:06:22	3698.0000	1375.0000	87
15:06:22	3705.0000	1408.0000	0
15:06:22	3694.0000	1395.0000	33
15:06:22	3701.0000	1391.0000	70
15:06:22	3698.0000	1379.0000	89
15:06:22	3697.0000	1418.0000	0
15:06:22	3697.0000	1399.0000	38
15:06:22	3700.0000	1387.0000	76
15:06:22	3708.0000	1403.0000	0
15:06:22	3702.0000	1390.0000	46
15:06:22	3703.0000	1378.0000	62
15:06:22	3701.0000	1376.0000	92
15:06:22	3707.0000	1408.0000	0
15:06:22	3698.0000	1385.0000	45
15:06:22	3697.0000	1382.0000	67
15:06:22	3706.0000	1380.0000	91
15:06:22	3707.0000	1410.0000	0
15:06:22	3696.0000	1387.0000	47
15:06:22	3697.0000	1384.0000	66
15:06:22	3725.0000	1410.0000	0
15:06:22	3697.0000	1392.0000	25
15:06:22	3702.0000	1374.0000	64
15:06:22	3698.0000	1388.0000	80
15:06:22	3723.0000	1419.0000	0
15:06:22	3699.0000	1396.0000	32
15:06:22	3698.0000	1376.0000	70
15:06:22	3700.0000	1380.0000	83
15:06:22	3726.0000	1424.0000	0
15:06:22	3698.0000	1402.0000	34
15:06:22	3699.0000	1381.0000	75
15:06:22	3707.0000	1403.0000	0
15:06:22	3712.0000	1391.0000	35
15:06:22	3697.0000	1379.0000	77
15:06:22	3707.0000	1377.0000	99
15:06:22	3724.0000	1418.0000	0
15:06:22	3714.0000	1402.0000	33
15:06:22	3699.0000	1382.0000	64
15:06:22	3696.0000	1383.0000	97
15:06:22	3703.0000	1411.0000	0
15:06:22	3713.0000	1393.0000	43
15:06:22	3696.0000	1377.0000	71
15:06:22	3725.0000	1396.0000	0
15:06:22	3698.0000	1390.0000	32
15:06:22	3719.0000	1381.0000	64
15:06:22	3697.0000	1379.0000	84
15:06:22	3722.0000	1404.0000	0
15:06:22	3700.0000	1392.0000	42
15:06:22	3713.0000	1385.0000	67
15:06:22	3696.0000	1380.0000	94
15:06:22	3719.0000	1407.0000	0
15:06:22	3697.0000	1400.0000	34
15:06:22	3714.0000	1398.0000	64
15:06:22	3705.0000	1403.0000	0
15:06:22	3715.0000	1394.0000	32
15:06:22	3698.0000	1382.0000	64
15:06:22	3719.0000	1376.0000	87
15:06:22	3698.0000	1405.0000	0
15:06:22	3717.0000	1401.0000	31
15:06:22	3713.0000	1390.0000	63
15:06:22	3711.0000	1388.0000	86
15:06:22	3708.0000	1413.0000	0
15:06:22	3717.0000	1400.0000	32
15:06:22	3700.0000	1383.0000	65
15:06:22	3708.0000	1404.0000	0
15:06:22	3682.0000	1393.0000	22
15:06:22	3723.0000	1388.0000	63
15:06:22	3714.0000	1398.0000	74
15:06:22	3700.0000	1411.0000	0
15:06:22	3685.0000	1397.0000	38
15:06:22	3713.0000	1391.0000	64
15:06:22	3703.0000	1388.0000	82
15:06:22	3701.0000	1415.0000	0
15:06:22	3699.0000	1401.0000	34
15:06:22	3711.0000	1387.0000	74
15:06:22	3703.0000	1404.0000	0
15:06:22	3702.0000	1393.0000	34
15:06:22	3700.0000	1386.0000	64
15:06:22	3713.0000	1385.0000	81
15:06:22	3711.0000	1411.0000	0
15:06:22	3695.0000	1395.0000	32
15:06:22	3699.0000	1392.0000	62
15:06:22	3717.0000	1385.0000	82
15:06:22	3703.0000	1414.0000	0
15:06:22	3697.0000	1393.0000	33
15:06:22	3696.0000	1392.0000	64
15:06:22	3705.0000	1399.0000	0
15:06:22	3700.0000	1391.0000	32
15:06:22	3696.0000	1385.0000	64
15:06:22	3701.0000	1381.0000	82
15:06:22	3718.0000	1408.0000	0
15:06:22	3702.0000	1395.0000	33
15:06:22	3710.0000	1378.0000	64
15:06:22	3699.0000	1385.0000	81
15:06:22	3702.0000	1414.0000	0
15:06:22	3709.0000	1398.0000	42
15:06:22	3705.0000	1380.0000	71
15:06:22	3712.0000	1405.0000	0
15:06:22	3698.0000	1389.0000	37
15:06:22	3705.0000	1378.0000	71
15:06:22	3723.0000	1377.0000	89
15:06:22	3697.0000	1404.0000	0
15:06:22	3717.0000	1403.0000	21
15:06:22	3714.0000	1395.0000	49
15:06:22	3706.0000	1404.0000	0
15:06:22	3696.0000	1389.0000	32
15:06:22	3710.0000	1382.0000	69
15:06:22	3701.0000	1380.0000	80
15:06:22	3705.0000	1407.0000	0
15:06:22	3709.0000	1392.0000	38
15:06:22	3711.0000	1381.0000	74
15:06:22	3706.0000	1377.0000	97
15:06:22	3699.0000	1413.0000	0
15:06:22	3703.0000	1399.0000	39
15:06:22	3721.0000	1398.0000	67
15:06:22	3709.0000	1407.0000	0
15:06:22	3727.0000	1406.0000	39
15:06:22	3709.0000	1380.0000	70
15:06:22	3711.0000	1367.0000	103
15:06:22	3705.0000	1414.0000	0
15:06:22	3710.0000	1402.0000	48
15:06:22	3708.0000	1383.0000	71
15:06:22	3707.0000	1378.0000	94
15:06:22	3709.0000	1414.0000	0
15:06:22	179.0000	575.0000	0
15:06:22	181.0000	524.0000	0
15:06:22	179.0000	464.0000	0
15:06:22	175.0000	468.0000	0
15:06:22	177.0000	419.0000	0
15:06:22	176.0000	384.0000	0
15:06:22	161.0000	558.0000	0
15:06:22	173.0000	496.0000	0
15:06:22	160.0000	447.0000	0
15:06:22	159.0000	402.0000	0
15:06:22	161.0000	432.0000	0
15:06:22	161.0000	398.0000	0
15:06:22	160.0000	363.0000	0
15:06:22	155.0000	402.0000	0
15:06:22	161.0000	368.0000	0
15:06:22	161.0000	334.0000	0
15:06:22	156.0000	303.0000	0
15:06:22	154.0000	391.0000	0
15:06:22	154.0000	349.0000	0
15:06:22	155.0000	319.0000	0
15:06:22	161.0000	293.0000	0
15:06:22	157.0000	385.0000	0
15:06:22	156.0000	345.0000	0
15:06:22	154.0000	311.0000	0
15:06:22	157.0000	288.0000	0
15:06:22	153.0000	373.0000	0
15:06:22	155.0000	343.0000	0
15:06:22	154.0000	311.0000	0
15:06:22	151.0000	285.0000	0
15:06:22	155.0000	377.0000	0
15:06:22	159.0000	342.0000	0
15:06:22	154.0000	309.0000	0
15:06:22	150.0000	283.0000	0
15:06:22	156.0000	381.0000	0
15:06:22	154.0000	343.0000	0
15:06:22	152.0000	311.0000	0
15:06:22	151.0000	287.0000	0
15:06:22	153.0000	381.0000	0
15:06:22	164.0000	341.0000	0
15:06:22	155.0000	308.0000	0
15:06:22	151.0000	281.0000	0
15:06:22	154.0000	381.0000	0
15:06:22	153.0000	342.0000	0
15:06:22	154.0000	313.0000	0
15:06:22	148.0000	290.0000	0
15:06:22	151.0000	380.0000	0
15:06:22	154.0000	338.0000	0
15:06:22	150.0000	310.0000	0
15:06:22	155.0000	391.0000	0
15:06:22	153.0000	350.0000	0
15:06:22	148.0000	322.0000	0
15:06:22	150.0000	289.0000	0
15:06:22	152.0000	384.0000	0
15:06:22	151.0000	341.0000	0
15:06:22	150.0000	318.0000	0
15:06:22	150.0000	286.0000	0
15:06:22	150.0000	382.0000	0
15:06:22	153.0000	339.0000	0
15:06:22	153.0000	314.0000	0
15:06:22	149.0000	283.0000	0
15:06:22	148.0000	383.0000	0
15:06:23	149.0000	341.0000	0
15:06:23	149.0000	313.0000	0
15:06:23	150.0000	285.0000	0
15:06:23	149.0000	382.0000	0
15:06:23	148.0000	338.0000	0
15:06:23	147.0000	307.0000	0
15:06:23	144.0000	275.0000	0
15:06:23	150.0000	382.0000	0
15:06:23	150.0000	339.0000	0
15:06:23	148.0000	304.0000	0
15:06:23	161.0000	284.0000	0
15:06:23	153.0000	382.0000	0
15:06:23	151.0000	338.0000	0
15:06:23	145.0000	310.0000	0
15:06:23	149.0000	283.0000	0
15:06:23	151.0000	379.0000	0
15:06:23	153.0000	337.0000	0
15:06:23	148.0000	309.0000	0
15:06:23	152.0000	285.0000	0
15:06:23	155.0000	379.0000	0
15:06:23	157.0000	340.0000	0
15:06:23	150.0000	307.0000	0
15:06:23	157.0000	286.0000	0
15:06:23	154.0000	379.0000	0
15:06:23	159.0000	339.0000	0
15:06:23	159.0000	318.0000	0
15:06:23	158.0000	392.0000	0
15:06:23	149.0000	349.0000	0
15:06:23	158.0000	313.0000	0
15:06:23	161.0000	302.0000	0
15:06:23	157.0000	384.0000	0
15:06:23	149.0000	343.0000	0
15:06:23	155.0000	314.0000	0
15:06:23	164.0000	298.0000	0
15:06:23	160.0000	380.0000	0
15:06:23	165.0000	351.0000	0
15:06:23	161.0000	313.0000	0
15:06:23	162.0000	295.0000	0
15:06:23	160.0000	383.0000	0
15:06:23	164.0000	352.0000	0
15:06:23	160.0000	314.0000	0
15:06:23	161.0000	297.0000	0
15:06:23	144.0000	370.0000	0
15:06:23	164.0000	344.0000	0
15:06:23	161.0000	320.0000	0
15:06:23	169.0000	286.0000	0
15:06:23	166.0000	379.0000	0
15:06:23	171.0000	342.0000	0
15:06:23	164.0000	308.0000	0
15:06:23	171.0000	292.0000	0
15:06:23	175.0000	382.0000	0
15:06:23	177.0000	341.0000	0
15:06:23	173.0000	310.0000	0
15:06:23	183.0000	293.0000	0
15:06:23	178.0000	382.0000	0
15:06:23	180.0000	342.0000	0
15:06:23	176.0000	311.0000	0
15:06:23	187.0000	299.0000	0
15:06:23	180.0000	383.0000	0
15:06:23	180.0000	345.0000	0
15:06:23	176.0000	321.0000	0
15:06:23	177.0000	394.0000	0
15:06:23	178.0000	355.0000	0
15:06:23	182.0000	332.0000	0
15:06:23	181.0000	297.0000	0
15:06:23	183.0000	384.0000	0
15:06:23	180.0000	346.0000	0
15:06:23	187.0000	327.0000	0
15:06:23	186.0000	289.0000	0
15:06:23	180.0000	381.0000	0
15:06:23	177.0000	345.0000	0
15:06:23	191.0000	324.0000	0
15:06:23	179.0000	288.0000	0
15:06:23	176.0000	380.0000	0
15:06:23	182.0000	345.0000	0
15:06:23	186.0000	319.0000	0
15:06:23	182.0000	288.0000	0
15:06:23	172.0000	383.0000	0
15:06:23	185.0000	351.0000	0
15:06:23	191.0000	325.0000	0
15:06:23	187.0000	300.0000	0
15:06:23	187.0000	393.0000	0
15:06:23	181.0000	342.0000	0
15:06:23	177.0000	314.0000	0
15:06:23	177.0000	289.0000	0
15:06:23	189.0000	393.0000	0
15:06:23	183.0000	345.0000	0
15:06:23	182.0000	318.0000	0
15:06:23	187.0000	290.0000	0
15:06:23	182.0000	395.0000	0
15:06:23	181.0000	344.0000	0
15:06:23	178.0000	322.0000	0
15:06:23	181.0000	287.0000	0
15:06:23	183.0000	394.0000	0
15:06:23	182.0000	342.0000	0
15:06:23	182.0000	323.0000	0
15:06:23	185.0000	394.0000	0
15:06:23	193.0000	362.0000	0
15:06:23	187.0000	324.0000	0
15:06:23	183.0000	294.0000	0
15:06:23	187.0000	385.0000	0
15:06:23	185.0000	350.0000	0
15:06:23	183.0000	319.0000	0
15:06:23	181.0000	289.0000	0
15:06:23	182.0000	383.0000	0
15:06:23	185.0000	347.0000	0
15:06:23	186.0000	315.0000	0
15:06:23	182.0000	292.0000	0
15:06:23	185.0000	386.0000	0
15:06:23	181.0000	344.0000	0
15:06:23	185.0000	314.0000	0
15:06:23	182.0000	292.0000	0
15:06:23	182.0000	387.0000	0
15:06:23	179.0000	348.0000	0
15:06:23	181.0000	319.0000	0
15:06:23	187.0000	290.0000	0
15:06:23	190.0000	389.0000	0
15:06:23	192.0000	350.0000	0
15:06:23	189.0000	320.0000	0
15:06:23	191.0000	302.0000	0
15:06:23	189.0000	385.0000	0
15:06:23	183.0000	349.0000	0
15:06:23	188.0000	318.0000	0
15:06:23	190.0000	289.0000	0
15:06:23	189.0000	384.0000	0
15:06:23	186.0000	348.0000	0
15:06:23	186.0000	317.0000	0
15:06:23	190.0000	292.0000	0
15:06:23	186.0000	384.0000	0
15:06:23	190.0000	342.0000	0
15:06:23	187.0000	315.0000	0
15:06:23	190.0000	395.0000	0
15:06:23	185.0000	357.0000	0
15:06:23	183.0000	322.0000	0
15:06:23	186.0000	298.0000	0
15:06:23	183.0000	387.0000	0
15:06:23	185.0000	346.0000	0
15:06:23	187.0000	318.0000	0
15:06:23	187.0000	291.0000	0
15:06:23	185.0000	381.0000	0
15:06:23	192.0000	345.0000	0
15:06:23	189.0000	315.0000	0
15:06:23	192.0000	288.0000	0
15:06:23	186.0000	382.0000	0
15:06:23	189.0000	347.0000	0
15:06:23	176.0000	320.0000	0
15:06:23	187.0000	293.0000	0
15:06:23	187.0000	382.0000	0
15:06:23	190.0000	347.0000	0
15:06:23	191.0000	306.0000	0
15:06:23	190.0000	291.0000	0
15:06:23	192.0000	385.0000	0
15:06:23	191.0000	345.0000	0
15:06:23	190.0000	315.0000	0
15:06:23	191.0000	290.0000	0
15:06:23	184.0000	384.0000	0
15:06:23	197.0000	350.0000	0
15:06:23	187.0000	305.0000	0
15:06:23	195.0000	302.0000	0
15:06:23	190.0000	384.0000	0
15:06:23	192.0000	348.0000	0
15:06:23	192.0000	307.0000	0
15:06:23	193.0000	288.0000	0
15:06:23	193.0000	384.0000	0
15:06:23	193.0000	346.0000	0
15:06:23	189.0000	309.0000	0
15:06:23	192.0000	294.0000	0
15:06:23	193.0000	380.0000	0
15:06:23	187.0000	345.0000	0
15:06:23	186.0000	305.0000	0
15:06:23	186.0000	390.0000	0
15:06:23	183.0000	345.0000	0
15:06:23	188.0000	330.0000	0
15:06:23	188.0000	294.0000	0
15:06:23	185.0000	385.0000	0
15:06:23	186.0000	343.0000	0
15:06:23	188.0000	319.0000	0
15:06:23	187.0000	291.0000	0
15:06:23	186.0000	384.0000	0
15:06:23	186.0000	345.0000	0
15:06:23	184.0000	318.0000	0
15:06:23	186.0000	291.0000	0
15:06:23	183.0000	385.0000	0
15:06:23	188.0000	343.0000	0
15:06:23	183.0000	315.0000	0
15:06:23	183.0000	291.0000	0
15:06:23	178.0000	382.0000	0
15:06:23	181.0000	336.0000	0
15:06:23	187.0000	325.0000	0
15:06:24	182.0000	289.0000	0
15:06:24	177.0000	383.0000	0
15:06:24	180.0000	345.0000	0
15:06:24	179.0000	315.0000	0
15:06:24	182.0000	282.0000	0
15:06:24	186.0000	384.0000	0
15:06:24	188.0000	346.0000	0
15:06:24	186.0000	317.0000	0
15:06:24	183.0000	292.0000	0
15:06:24	187.0000	384.0000	0
15:06:24	190.0000	342.0000	0
15:06:24	189.0000	314.0000	0
15:06:24	190.0000	278.0000	0
15:06:24	185.0000	384.0000	0
15:06:24	186.0000	334.0000	0
15:06:24	183.0000	312.0000	0
15:06:24	185.0000	390.0000	0
15:06:24	185.0000	352.0000	0
15:06:24	181.0000	311.0000	0
15:06:24	182.0000	294.0000	0
15:06:24	187.0000	384.0000	0
15:06:24	182.0000	348.0000	0
15:06:24	185.0000	315.0000	0
15:06:24	183.0000	291.0000	0
15:06:24	184.0000	384.0000	0
15:06:24	183.0000	348.0000	0
15:06:24	183.0000	313.0000	0
15:06:24	182.0000	291.0000	0
15:06:24	187.0000	384.0000	0
15:06:24	185.0000	343.0000	0
15:06:24	188.0000	315.0000	0
15:06:24	185.0000	289.0000	0
15:06:24	189.0000	384.0000	0
15:06:24	191.0000	345.0000	0
15:06:24	193.0000	317.0000	0
15:06:24	191.0000	289.0000	0
15:06:24	191.0000	375.0000	0
15:06:24	187.0000	348.0000	0
15:06:24	191.0000	315.0000	0
15:06:24	185.0000	290.0000	0
15:06:24	187.0000	385.0000	0
15:06:24	185.0000	352.0000	0
15:06:24	186.0000	315.0000	0
15:06:24	181.0000	289.0000	0
15:06:24	182.0000	384.0000	0
15:06:24	176.0000	343.0000	0
15:06:24	177.0000	313.0000	0
15:06:24	185.0000	298.0000	0
15:06:24	177.0000	390.0000	0
15:06:24	177.0000	353.0000	0
15:06:24	177.0000	319.0000	0
15:06:24	181.0000	397.0000	0
15:06:24	186.0000	354.0000	0
15:06:24	179.0000	322.0000	0
15:06:24	182.0000	294.0000	0
15:06:24	190.0000	384.0000	0
15:06:24	192.0000	347.0000	0
15:06:24	194.0000	322.0000	0
15:06:24	192.0000	290.0000	0
15:06:24	188.0000	384.0000	0
15:06:24	191.0000	343.0000	0
15:06:24	191.0000	318.0000	0
15:06:24	192.0000	289.0000	0
15:06:24	185.0000	382.0000	0
15:06:24	187.0000	343.0000	0
15:06:24	190.0000	314.0000	0
15:06:24	188.0000	289.0000	0
15:06:24	183.0000	388.0000	0
15:06:24	187.0000	344.0000	0
15:06:24	187.0000	315.0000	0
15:06:24	185.0000	289.0000	0
15:06:24	191.0000	387.0000	0
15:06:24	190.0000	343.0000	0
15:06:24	191.0000	317.0000	0
15:06:24	195.0000	302.0000	0
15:06:24	192.0000	385.0000	0
15:06:24	192.0000	347.0000	0
15:06:24	189.0000	319.0000	0
15:06:24	190.0000	291.0000	0
15:06:24	192.0000	384.0000	0
15:06:24	192.0000	349.0000	0
15:06:24	192.0000	320.0000	0
15:06:24	199.0000	292.0000	0
15:06:24	190.0000	382.0000	0
15:06:24	190.0000	346.0000	0
15:06:24	187.0000	315.0000	0
15:06:24	190.0000	292.0000	0
15:06:24	185.0000	390.0000	0
15:06:24	178.0000	336.0000	0
15:06:24	189.0000	320.0000	0
15:06:24	191.0000	387.0000	0
15:06:24	187.0000	352.0000	0
15:06:24	182.0000	309.0000	0
15:06:24	192.0000	301.0000	0
15:06:24	191.0000	386.0000	0
15:06:24	192.0000	352.0000	0
15:06:24	189.0000	318.0000	0
15:06:24	194.0000	303.0000	0
15:06:24	187.0000	385.0000	0
15:06:24	187.0000	347.0000	0
15:06:24	185.0000	316.0000	0
15:06:24	194.0000	301.0000	0
15:06:24	191.0000	384.0000	0
15:06:24	185.0000	342.0000	0
15:06:24	189.0000	315.0000	0
15:06:24	194.0000	299.0000	0
15:06:24	188.0000	383.0000	0
15:06:24	178.0000	344.0000	0
15:06:24	185.0000	315.0000	0
15:06:24	192.0000	301.0000	0
15:06:24	187.0000	384.0000	0
15:06:24	177.0000	342.0000	0
15:06:24	184.0000	316.0000	0
15:06:24	192.0000	299.0000	0
15:06:24	185.0000	371.0000	0
15:06:24	180.0000	343.0000	0
15:06:24	183.0000	314.0000	0
15:06:24	189.0000	290.0000	0
15:06:24	187.0000	384.0000	0
15:06:24	179.0000	345.0000	0
15:06:24	186.0000	314.0000	0
15:06:24	188.0000	299.0000	0
15:06:24	189.0000	384.0000	0
15:06:24	192.0000	354.0000	0
15:06:25	183.0000	315.0000	0
15:06:25	180.0000	393.0000	0
15:06:25	194.0000	355.0000	0
15:06:25	196.0000	333.0000	0
15:06:25	194.0000	297.0000	0
15:06:25	187.0000	386.0000	0
15:06:25	192.0000	347.0000	0
15:06:25	193.0000	327.0000	0
15:06:25	190.0000	293.0000	0
15:06:25	190.0000	383.0000	0
15:06:25	192.0000	346.0000	0
15:06:25	190.0000	320.0000	0
15:06:25	189.0000	290.0000	0
15:06:25	189.0000	384.0000	0
15:06:25	190.0000	346.0000	0
15:06:25	191.0000	323.0000	0
15:06:25	191.0000	289.0000	0
15:06:25	187.0000	384.0000	0
15:06:25	189.0000	344.0000	0
15:06:25	186.0000	313.0000	0
15:06:25	185.0000	289.0000	0
15:06:25	190.0000	382.0000	0
15:06:25	190.0000	347.0000	0
15:06:25	192.0000	317.0000	0
15:06:25	193.0000	290.0000	0
15:06:25	191.0000	378.0000	0
15:06:25	178.0000	337.0000	0
15:06:25	192.0000	319.0000	0
15:06:25	192.0000	301.0000	0
15:06:25	190.0000	390.0000	0
15:06:25	187.0000	346.0000	0
15:06:25	190.0000	317.0000	0
15:06:25	185.0000	289.0000	0
15:06:25	189.0000	385.0000	0
15:06:25	190.0000	346.0000	0
15:06:25	190.0000	315.0000	0
15:06:25	187.0000	290.0000	0
15:06:25	190.0000	384.0000	0
15:06:25	182.0000	336.0000	0
15:06:25	196.0000	318.0000	0
15:06:25	193.0000	399.0000	0
15:06:25	192.0000	347.0000	0
15:06:25	193.0000	324.0000	0
15:06:25	193.0000	298.0000	0
15:06:25	189.0000	384.0000	0
15:06:25	185.0000	346.0000	0
15:06:25	187.0000	310.0000	0
15:06:25	191.0000	291.0000	0
15:06:25	189.0000	384.0000	0
15:06:25	185.0000	345.0000	0
15:06:25	183.0000	315.0000	0
15:06:25	190.0000	290.0000	0
15:06:25	189.0000	382.0000	0
15:06:25	191.0000	343.0000	0
15:06:25	188.0000	318.0000	0
15:06:25	193.0000	300.0000	0
15:06:25	188.0000	384.0000	0
15:06:25	191.0000	345.0000	0
15:06:25	189.0000	314.0000	0
15:06:25	196.0000	301.0000	0
15:06:25	181.0000	376.0000	0
15:06:25	189.0000	347.0000	0
15:06:25	187.0000	320.0000	0
15:06:25	194.0000	301.0000	0
15:06:25	192.0000	384.0000	0
15:06:25	190.0000	345.0000	0
15:06:25	194.0000	316.0000	0
15:06:25	199.0000	298.0000	0
15:06:25	198.0000	384.0000	0
15:06:25	192.0000	344.0000	0
15:06:25	199.0000	318.0000	0
15:06:25	202.0000	301.0000	0
15:06:25	201.0000	384.0000	0
15:06:25	194.0000	343.0000	0
15:06:25	203.0000	318.0000	0
15:06:25	208.0000	302.0000	0
15:06:25	203.0000	384.0000	0
15:06:25	195.0000	345.0000	0
15:06:25	200.0000	319.0000	0
15:06:25	207.0000	396.0000	0
15:06:25	208.0000	355.0000	0
15:06:25	204.0000	325.0000	0
15:06:25	208.0000	302.0000	0
15:06:25	208.0000	394.0000	0
15:06:25	203.0000	338.0000	0
15:06:25	203.0000	319.0000	0
15:06:25	210.0000	299.0000	0
15:06:25	215.0000	386.0000	0
15:06:25	218.0000	350.0000	0
15:06:25	211.0000	320.0000	0
15:06:25	213.0000	297.0000	0
15:06:25	207.0000	384.0000	0
15:06:25	208.0000	349.0000	0
15:06:25	206.0000	318.0000	0
15:06:25	211.0000	297.0000	0
15:06:25	210.0000	387.0000	0
15:06:25	214.0000	349.0000	0
15:06:25	211.0000	320.0000	0
15:06:25	202.0000	284.0000	0
15:06:25	219.0000	389.0000	0
15:06:25	209.0000	348.0000	0
15:06:25	218.0000	320.0000	0
15:06:25	212.0000	294.0000	0
15:06:25	222.0000	383.0000	0
15:06:25	211.0000	347.0000	0
15:06:25	208.0000	320.0000	0
15:06:25	210.0000	293.0000	0
15:06:25	208.0000	383.0000	0
15:06:25	208.0000	348.0000	0
15:06:25	208.0000	318.0000	0
15:06:25	209.0000	297.0000	0
15:06:25	208.0000	386.0000	0
15:06:25	209.0000	349.0000	0
15:06:25	208.0000	316.0000	0
15:06:25	208.0000	295.0000	0
15:06:25	192.0000	381.0000	0
15:06:25	198.0000	349.0000	0
15:06:25	205.0000	327.0000	0
15:06:25	194.0000	396.0000	0
15:06:25	199.0000	358.0000	0
15:06:25	193.0000	325.0000	0
15:06:25	198.0000	305.0000	0
15:06:25	206.0000	387.0000	0
15:06:25	208.0000	351.0000	0
15:06:25	208.0000	321.0000	0
15:06:25	213.0000	304.0000	0
15:06:25	209.0000	388.0000	0
15:06:25	218.0000	357.0000	0
15:06:25	208.0000	320.0000	0
15:06:25	208.0000	294.0000	0
15:06:25	212.0000	388.0000	0
15:06:25	221.0000	365.0000	0
15:06:25	213.0000	323.0000	0
15:06:25	209.0000	300.0000	0
15:06:25	208.0000	384.0000	0
15:06:25	209.0000	350.0000	0
15:06:25	208.0000	323.0000	0
15:06:25	208.0000	304.0000	0
15:06:25	208.0000	388.0000	0
15:06:25	206.0000	350.0000	0
15:06:25	208.0000	320.0000	0
15:06:25	206.0000	297.0000	0
15:06:25	207.0000	386.0000	0
15:06:25	205.0000	351.0000	0
15:06:25	207.0000	320.0000	0
15:06:25	206.0000	295.0000	0
15:06:25	203.0000	386.0000	0
15:06:25	201.0000	349.0000	0
15:06:25	205.0000	320.0000	0
15:06:25	199.0000	395.0000	0
15:06:25	203.0000	357.0000	0
15:06:25	205.0000	329.0000	0
15:06:25	204.0000	303.0000	0
15:06:25	202.0000	387.0000	0
15:06:25	205.0000	357.0000	0
15:06:25	199.0000	320.0000	0
15:06:25	199.0000	299.0000	0
15:06:26	198.0000	386.0000	0
15:06:26	194.0000	351.0000	0
15:06:26	195.0000	321.0000	0
15:06:26	192.0000	295.0000	0
15:06:26	195.0000	384.0000	0
15:06:26	202.0000	352.0000	0
15:06:26	193.0000	310.0000	0
15:06:26	186.0000	293.0000	0
15:06:26	197.0000	384.0000	0
15:06:26	195.0000	343.0000	0
15:06:26	193.0000	320.0000	0
15:06:26	195.0000	294.0000	0
15:06:26	195.0000	384.0000	0
15:06:26	1331.0000	635.0000	0
15:06:26	1321.0000	613.0000	0
15:06:26	1311.0000	599.0000	0
15:06:26	1276.0000	594.0000	0
15:06:26	1274.0000	585.0000	0
15:06:26	1264.0000	576.0000	0
15:06:26	1247.0000	560.0000	0
15:06:26	3685.0000	721.0000	0
15:06:26	3689.0000	814.0000	0
15:06:26	3682.0000	888.0000	16
15:06:26	3709.0000	926.0000	0
15:06:26	3702.0000	990.0000	5
15:06:26	3703.0000	1033.0000	32
15:06:26	3706.0000	1069.0000	48
15:06:26	3707.0000	1110.0000	0
15:06:26	3703.0000	1150.0000	16
15:06:26	3702.0000	1171.0000	44
15:06:26	3698.0000	1195.0000	62
15:06:26	3709.0000	1226.0000	0
15:06:26	3699.0000	1242.0000	18
15:06:26	3711.0000	1254.0000	48
15:06:26	3713.0000	1267.0000	0
15:06:26	3703.0000	1281.0000	24
15:06:26	3703.0000	1285.0000	52
15:06:26	3702.0000	1292.0000	74
15:06:26	3709.0000	1327.0000	0
15:06:26	3696.0000	1328.0000	32
15:06:26	3699.0000	1323.0000	61
15:06:26	3697.0000	1328.0000	81
15:06:26	3710.0000	1354.0000	0
15:06:26	3706.0000	1349.0000	36
15:06:26	3681.0000	1354.0000	55
15:06:26	3702.0000	1356.0000	0
15:06:26	3699.0000	1350.0000	34
15:06:26	3703.0000	1345.0000	65
15:06:26	3701.0000	1344.0000	94
15:06:26	3708.0000	1377.0000	0
15:06:26	3687.0000	1369.0000	33
15:06:26	3699.0000	1365.0000	64
15:06:26	3687.0000	1366.0000	71
15:06:26	3709.0000	1392.0000	0
15:06:26	3702.0000	1382.0000	35
15:06:26	3696.0000	1378.0000	60
15:06:26	3691.0000	1377.0000	0
15:06:26	3705.0000	1379.0000	35
15:06:26	3701.0000	1370.0000	64
15:06:26	3705.0000	1363.0000	86
15:06:26	3712.0000	1392.0000	0
15:06:26	3700.0000	1388.0000	31
15:06:26	3686.0000	1379.0000	50
15:06:26	3705.0000	1375.0000	80
15:06:26	3709.0000	1403.0000	0
15:06:26	3699.0000	1392.0000	32
15:06:26	3696.0000	1380.0000	62
15:06:26	3700.0000	1392.0000	0
15:06:26	3717.0000	1388.0000	30
15:06:26	3708.0000	1377.0000	64
15:06:26	3682.0000	1358.0000	83
15:06:26	3710.0000	1397.0000	0
15:06:26	3702.0000	1387.0000	35
15:06:26	3709.0000	1378.0000	64
15:06:26	3696.0000	1364.0000	89
15:06:26	3712.0000	1408.0000	0
15:06:26	3701.0000	1391.0000	30
15:06:26	3704.0000	1388.0000	64
15:06:26	3706.0000	1395.0000	0
15:06:26	3697.0000	1388.0000	31
15:06:26	3697.0000	1377.0000	63
15:06:26	3706.0000	1377.0000	83
15:06:26	3710.0000	1403.0000	0
15:06:26	3698.0000	1391.0000	25
15:06:26	3696.0000	1386.0000	61
15:06:26	3701.0000	1385.0000	81
15:06:26	3706.0000	1408.0000	0
15:06:26	3697.0000	1399.0000	29
15:06:26	3697.0000	1389.0000	64
15:06:26	3707.0000	1394.0000	0
15:06:26	3707.0000	1387.0000	43
15:06:26	3699.0000	1379.0000	71
15:06:26	3699.0000	1376.0000	81
15:06:26	3715.0000	1402.0000	0
15:06:26	3698.0000	1386.0000	38
15:06:26	3701.0000	1377.0000	70
15:06:26	3706.0000	1388.0000	80
15:06:26	3707.0000	1409.0000	0
15:06:26	3699.0000	1390.0000	42
15:06:26	3701.0000	1391.0000	64
15:06:26	3722.0000	1407.0000	0
15:06:26	3699.0000	1392.0000	32
15:06:26	3699.0000	1369.0000	74
15:06:26	3698.0000	1375.0000	85
15:06:26	3712.0000	1409.0000	0
15:06:26	3702.0000	1392.0000	27
15:06:26	3701.0000	1382.0000	66
15:06:26	3703.0000	1385.0000	82
15:06:26	3714.0000	1417.0000	0
15:06:26	3715.0000	1398.0000	20
15:06:26	3705.0000	1386.0000	64
15:06:26	3678.0000	1389.0000	0
15:06:26	3722.0000	1390.0000	30
15:06:26	3722.0000	1397.0000	50
15:06:26	3719.0000	1369.0000	87
15:06:26	3683.0000	1395.0000	0
15:06:26	3691.0000	1382.0000	37
15:06:26	3707.0000	1386.0000	69
15:06:26	3719.0000	1382.0000	87
15:06:26	3691.0000	1398.0000	0
15:06:26	3711.0000	1401.0000	31
15:06:26	3696.0000	1385.0000	65
15:06:26	3707.0000	1400.0000	0
15:06:26	3699.0000	1389.0000	31
15:06:26	3699.0000	1378.0000	64
15:06:26	3703.0000	1379.0000	86
15:06:26	3706.0000	1409.0000	0
15:06:26	3698.0000	1394.0000	31
15:06:26	3728.0000	1387.0000	66
15:06:26	3699.0000	1376.0000	87
15:06:26	3700.0000	1414.0000	0
15:06:26	3700.0000	1396.0000	34
15:06:26	3715.0000	1385.0000	71
15:06:26	3707.0000	1402.0000	0
15:06:26	3696.0000	1384.0000	32
15:06:26	3699.0000	1377.0000	64
15:06:27	3718.0000	1377.0000	80
15:06:27	3710.0000	1408.0000	0
15:06:27	3699.0000	1390.0000	38
15:06:27	3701.0000	1385.0000	64
15:06:27	3712.0000	1385.0000	83
15:06:27	3707.0000	1411.0000	0
15:06:27	3705.0000	1394.0000	35
15:06:27	3705.0000	1391.0000	62
15:06:27	3714.0000	1403.0000	0
15:06:27	3703.0000	1390.0000	32
15:06:27	3701.0000	1378.0000	64
15:06:27	3681.0000	1379.0000	78
15:06:27	3700.0000	1403.0000	0
15:06:27	3701.0000	1395.0000	35
15:06:27	3729.0000	1382.0000	63
15:06:27	3707.0000	1397.0000	0
15:06:27	3697.0000	1388.0000	32
15:06:27	3707.0000	1383.0000	62
15:06:27	3703.0000	1381.0000	90
15:06:27	3711.0000	1407.0000	0
15:06:27	3703.0000	1400.0000	32
15:06:27	3701.0000	1390.0000	64
15:06:27	3698.0000	1382.0000	81
15:06:27	3706.0000	1411.0000	0
15:06:27	3699.0000	1404.0000	31
15:06:27	3701.0000	1389.0000	64
15:06:27	3703.0000	1401.0000	0
15:06:27	3699.0000	1389.0000	33
15:06:27	3711.0000	1381.0000	64
15:06:27	3699.0000	1379.0000	81
15:06:27	3703.0000	1399.0000	0
15:06:27	3699.0000	1393.0000	33
15:06:27	3701.0000	1389.0000	64
15:06:27	3699.0000	1381.0000	81
15:06:27	3708.0000	1410.0000	0
15:06:27	3699.0000	1397.0000	32
15:06:27	3701.0000	1388.0000	60
15:06:27	3690.0000	1389.0000	0
15:06:27	3703.0000	1387.0000	32
15:06:27	3685.0000	1381.0000	51
15:06:27	3704.0000	1374.0000	87
15:06:27	3701.0000	1403.0000	0
15:06:27	3703.0000	1380.0000	39
15:06:27	3714.0000	1376.0000	73
15:06:27	3696.0000	1375.0000	94
15:06:27	3701.0000	1405.0000	0
15:06:27	3708.0000	1396.0000	29
15:06:27	3702.0000	1391.0000	61
15:06:27	3702.0000	1396.0000	0
15:06:27	3703.0000	1392.0000	27
15:06:27	3696.0000	1393.0000	58
15:06:27	3699.0000	1376.0000	80
15:06:27	3710.0000	1405.0000	0
15:06:27	3701.0000	1393.0000	30
15:06:27	3702.0000	1388.0000	63
15:06:27	3701.0000	1379.0000	83
15:06:27	3710.0000	1411.0000	0
15:06:27	3702.0000	1396.0000	32
15:06:27	3701.0000	1391.0000	63
15:06:27	3706.0000	1399.0000	0
15:06:27	3696.0000	1392.0000	30
15:06:27	3713.0000	1385.0000	64
15:06:27	3707.0000	1380.0000	83
15:06:27	3709.0000	1407.0000	0
15:06:27	3694.0000	1398.0000	30
15:06:27	3703.0000	1390.0000	64
15:06:27	3699.0000	1383.0000	82
15:06:27	3711.0000	1411.0000	0
15:06:27	3697.0000	1397.0000	33
15:06:27	3706.0000	1389.0000	64
15:06:27	3707.0000	1399.0000	0
15:06:27	3697.0000	1394.0000	42
15:06:27	3698.0000	1382.0000	64
15:06:27	3701.0000	1378.0000	85
15:06:27	3708.0000	1408.0000	0
15:06:27	3702.0000	1394.0000	42
15:06:27	3697.0000	1386.0000	65
15:06:27	3709.0000	1377.0000	85
15:06:27	3711.0000	1410.0000	0
15:06:27	3701.0000	1401.0000	41
15:06:27	3700.0000	1390.0000	60
15:06:27	3701.0000	1406.0000	0
15:06:27	3709.0000	1389.0000	38
15:06:27	3694.0000	1376.0000	65
15:06:27	3707.0000	1373.0000	87
15:06:27	3701.0000	1413.0000	0
15:06:27	3702.0000	1392.0000	45
15:06:27	3702.0000	1377.0000	75
15:06:27	3726.0000	1368.0000	90
15:06:27	3712.0000	1423.0000	0
15:06:27	3699.0000	1399.0000	41
15:06:27	3703.0000	1391.0000	70
15:06:27	3707.0000	1399.0000	0
15:06:27	3707.0000	1389.0000	42
15:06:27	3702.0000	1383.0000	59
15:06:27	3701.0000	1377.0000	93
15:06:27	3711.0000	1403.0000	0
15:06:27	3696.0000	1393.0000	40
15:06:27	3701.0000	1386.0000	64
15:06:27	3709.0000	1379.0000	91
15:06:27	3712.0000	1409.0000	0
15:06:27	3706.0000	1398.0000	41
15:06:27	3703.0000	1392.0000	61
15:06:27	3727.0000	1409.0000	0
15:06:27	3710.0000	1385.0000	35
15:06:27	3701.0000	1376.0000	65
15:06:27	3701.0000	1372.0000	89
15:06:27	3727.0000	1411.0000	0
15:06:27	3700.0000	1384.0000	36
15:06:27	3705.0000	1379.0000	74
15:06:27	3706.0000	1377.0000	89
15:06:27	3712.0000	1411.0000	0
15:06:27	3709.0000	1396.0000	36
15:06:27	3707.0000	1388.0000	67
15:06:27	3706.0000	1397.0000	0
15:06:27	3721.0000	1393.0000	31
15:06:27	3701.0000	1377.0000	64
15:06:27	3705.0000	1374.0000	95
15:06:27	3709.0000	1407.0000	0
15:06:27	3716.0000	1403.0000	32
15:06:27	3706.0000	1386.0000	65
15:06:27	3709.0000	1379.0000	94
15:06:27	3710.0000	1411.0000	0
15:06:27	3718.0000	1400.0000	34
15:06:27	3702.0000	1381.0000	62
15:06:27	3701.0000	1399.0000	0
15:06:27	3702.0000	1387.0000	31
15:06:27	3717.0000	1386.0000	64
15:06:27	3701.0000	1377.0000	86
15:06:27	3707.0000	1409.0000	0
15:06:27	3699.0000	1395.0000	35
15:06:28	3735.0000	1392.0000	64
15:06:28	3702.0000	1381.0000	83
15:06:28	3706.0000	1410.0000	0
15:06:28	3701.0000	1388.0000	41
15:06:28	3714.0000	1382.0000	70
15:06:28	3710.0000	1399.0000	0
15:06:28	3700.0000	1386.0000	38
15:06:28	3701.0000	1375.0000	66
15:06:28	3722.0000	1382.0000	88
15:06:28	3709.0000	1408.0000	0
15:06:28	3706.0000	1395.0000	32
15:06:28	3697.0000	1382.0000	63
15:06:28	3713.0000	1397.0000	0
15:06:28	3683.0000	1392.0000	19
15:06:28	3705.0000	1381.0000	60
15:06:28	3719.0000	1377.0000	71
15:06:28	3707.0000	1413.0000	0
15:06:28	3713.0000	1392.0000	37
15:06:28	3703.0000	1389.0000	73
15:06:28	3703.0000	1380.0000	85
15:06:28	3711.0000	1413.0000	0
15:06:28	3702.0000	1396.0000	34
15:06:28	3707.0000	1392.0000	67
15:06:28	3708.0000	1399.0000	0
15:06:28	3700.0000	1380.0000	35
15:06:28	3703.0000	1385.0000	64
15:06:28	3717.0000	1378.0000	85
15:06:28	3712.0000	1408.0000	0
15:06:28	3696.0000	1394.0000	35
15:06:28	3698.0000	1393.0000	62
15:06:28	3703.0000	1385.0000	81
15:06:28	3704.0000	1411.0000	0
15:06:28	3702.0000	1399.0000	36
15:06:28	3701.0000	1387.0000	64
15:06:28	3701.0000	1397.0000	0
15:06:28	3703.0000	1391.0000	33
15:06:28	3700.0000	1383.0000	63
15:06:28	3699.0000	1377.0000	82
15:06:28	3703.0000	1409.0000	0
15:06:28	3702.0000	1399.0000	31
15:06:28	3709.0000	1390.0000	66
15:06:28	3706.0000	1385.0000	80
15:06:28	3710.0000	1411.0000	0
15:06:28	3700.0000	1398.0000	36
15:06:28	3703.0000	1392.0000	64
15:06:28	3695.0000	1392.0000	0
15:06:28	3708.0000	1390.0000	32
15:06:28	3703.0000	1384.0000	61
15:06:28	3697.0000	1383.0000	82
15:06:28	3705.0000	1402.0000	0
15:06:28	3702.0000	1392.0000	34
15:06:28	3710.0000	1389.0000	59
15:06:28	3703.0000	1383.0000	83
15:06:28	3706.0000	1409.0000	0
15:06:28	3701.0000	1400.0000	33
15:06:28	3702.0000	1392.0000	59
15:06:28	3712.0000	1398.0000	0
15:06:28	3707.0000	1392.0000	31
15:06:28	3707.0000	1392.0000	59
15:06:28	3711.0000	1385.0000	80
15:06:28	3706.0000	1403.0000	0
15:06:28	3703.0000	1392.0000	35
15:06:28	3703.0000	1391.0000	64
15:06:28	3694.0000	1386.0000	83
15:06:28	3708.0000	1408.0000	0
15:06:28	3708.0000	1398.0000	31
15:06:28	3703.0000	1394.0000	64
15:06:28	3713.0000	1399.0000	0
15:06:28	3706.0000	1388.0000	31
15:06:28	3705.0000	1384.0000	61
15:06:28	3705.0000	1376.0000	84
15:06:28	3703.0000	1402.0000	0
15:06:28	3708.0000	1398.0000	36
15:06:28	3711.0000	1386.0000	63
15:06:28	3708.0000	1377.0000	86
15:06:28	3709.0000	1413.0000	0
15:06:28	3707.0000	1397.0000	38
15:06:28	3711.0000	1386.0000	70
15:06:28	3701.0000	1401.0000	0
15:06:28	3710.0000	1384.0000	38
15:06:28	3706.0000	1376.0000	64
15:06:28	3712.0000	1375.0000	93
15:06:28	3702.0000	1406.0000	0
15:06:28	3706.0000	1395.0000	36
15:06:28	3727.0000	1397.0000	64
15:06:28	3709.0000	1403.0000	0
15:06:28	3725.0000	1407.0000	33
15:06:28	241.0000	590.0000	0
15:06:28	229.0000	527.0000	0
15:06:28	230.0000	470.0000	0
15:06:28	222.0000	470.0000	0
15:06:28	230.0000	431.0000	0
15:06:28	231.0000	391.0000	0
15:06:28	607.0000	592.0000	0
15:06:28	606.0000	553.0000	0
15:06:28	607.0000	509.0000	0
15:06:28	602.0000	479.0000	0
15:06:28	570.0000	496.0000	0
15:06:28	566.0000	464.0000	0
15:06:28	563.0000	437.0000	0
15:06:28	529.0000	468.0000	0
15:06:28	528.0000	432.0000	0
15:06:28	528.0000	405.0000	0
15:06:28	529.0000	384.0000	0
15:06:28	511.0000	432.0000	0
15:06:28	511.0000	414.0000	0
15:06:28	511.0000	399.0000	0
15:06:28	527.0000	377.0000	0
15:06:28	496.0000	442.0000	0
15:06:28	496.0000	400.0000	0
15:06:28	493.0000	383.0000	0
15:06:28	493.0000	357.0000	0
15:06:28	465.0000	438.0000	0
15:06:28	465.0000	398.0000	0
15:06:28	466.0000	368.0000	0
15:06:28	464.0000	351.0000	0
15:06:28	439.0000	432.0000	0
15:06:28	436.0000	395.0000	0
15:06:28	435.0000	368.0000	0
15:06:28	432.0000	349.0000	0
15:06:28	418.0000	431.0000	0
15:06:28	415.0000	386.0000	0
15:06:28	413.0000	363.0000	0
15:06:28	414.0000	341.0000	0
15:06:28	395.0000	427.0000	0
15:06:28	395.0000	384.0000	0
15:06:28	395.0000	357.0000	0
15:06:28	394.0000	334.0000	0
15:06:28	374.0000	416.0000	0
15:06:28	368.0000	383.0000	0
15:06:28	368.0000	354.0000	0
15:06:28	384.0000	432.0000	0
15:06:28	378.0000	395.0000	0
15:06:28	377.0000	359.0000	0
15:06:28	377.0000	336.0000	0
15:06:28	362.0000	415.0000	0
15:06:28	362.0000	390.0000	0
15:06:28	358.0000	354.0000	0
15:06:28	358.0000	330.0000	0
15:06:28	347.0000	417.0000	0
15:06:28	349.0000	377.0000	0
15:06:28	348.0000	351.0000	0
15:06:28	347.0000	329.0000	0
15:06:28	336.0000	406.0000	0
15:06:28	336.0000	369.0000	0
15:06:28	336.0000	349.0000	0
15:06:28	336.0000	323.0000	0
15:06:28	322.0000	405.0000	0
15:06:28	321.0000	368.0000	0
15:06:28	311.0000	341.0000	0
15:06:28	321.0000	320.0000	0
15:06:28	302.0000	402.0000	0
15:06:28	303.0000	368.0000	0
15:06:28	304.0000	342.0000	0
15:06:28	302.0000	307.0000	0
15:06:28	287.0000	400.0000	0
15:06:28	284.0000	366.0000	0
15:06:28	283.0000	336.0000	0
15:06:28	277.0000	310.0000	0
15:06:28	293.0000	400.0000	0
15:06:28	291.0000	367.0000	0
15:06:28	290.0000	336.0000	0
15:06:28	288.0000	313.0000	0
15:06:28	269.0000	400.0000	0
15:06:28	270.0000	363.0000	0
15:06:28	270.0000	334.0000	0
15:06:28	270.0000	309.0000	0
15:06:28	265.0000	393.0000	0
15:06:28	270.0000	363.0000	0
15:06:28	269.0000	336.0000	0
15:06:28	249.0000	397.0000	0
15:06:28	249.0000	368.0000	0
15:06:28	253.0000	336.0000	0
15:06:28	250.0000	305.0000	0
15:06:28	229.0000	386.0000	0
15:06:28	234.0000	357.0000	0
15:06:28	233.0000	330.0000	0
15:06:28	234.0000	306.0000	0
15:06:28	221.0000	390.0000	0
15:06:28	219.0000	353.0000	0
15:06:28	215.0000	323.0000	0
15:06:28	217.0000	297.0000	0
15:06:28	208.0000	387.0000	0
15:06:28	208.0000	350.0000	0
15:06:28	208.0000	320.0000	0
15:06:28	208.0000	297.0000	0
15:06:28	208.0000	386.0000	0
15:06:28	204.0000	346.0000	0
15:06:28	204.0000	320.0000	0
15:06:28	207.0000	293.0000	0
15:06:28	203.0000	383.0000	0
15:06:28	201.0000	350.0000	0
15:06:28	201.0000	311.0000	0
15:06:28	199.0000	296.0000	0
15:06:28	194.0000	384.0000	0
15:06:28	192.0000	343.0000	0
15:06:28	192.0000	314.0000	0
15:06:28	194.0000	289.0000	0
15:06:28	190.0000	384.0000	0
15:06:28	187.0000	346.0000	0
15:06:28	185.0000	316.0000	0
15:06:28	187.0000	290.0000	0
15:06:28	182.0000	380.0000	0
15:06:28	179.0000	346.0000	0
15:06:28	179.0000	316.0000	0
15:06:28	176.0000	395.0000	0
15:06:28	187.0000	355.0000	0
15:06:28	176.0000	321.0000	0
15:06:28	176.0000	286.0000	0
15:06:28	176.0000	384.0000	0
15:06:28	173.0000	345.0000	0
15:06:28	176.0000	317.0000	0
15:06:28	166.0000	279.0000	0
15:06:28	176.0000	382.0000	0
15:06:28	176.0000	335.0000	0
15:06:28	182.0000	317.0000	0
15:06:28	183.0000	287.0000	0
15:06:28	197.0000	383.0000	0
15:06:28	194.0000	347.0000	0
15:06:28	194.0000	319.0000	0
15:06:28	195.0000	289.0000	0
15:06:28	189.0000	387.0000	0
15:06:29	187.0000	348.0000	0
15:06:29	188.0000	320.0000	0
15:06:29	189.0000	290.0000	0
15:06:29	178.0000	386.0000	0
15:06:29	178.0000	343.0000	0
15:06:29	177.0000	319.0000	0
15:06:29	176.0000	280.0000	0
15:06:29	173.0000	381.0000	0
15:06:29	175.0000	335.0000	0
15:06:29	174.0000	315.0000	0
15:06:29	176.0000	289.0000	0
15:06:29	170.0000	384.0000	0
15:06:29	167.0000	341.0000	0
15:06:29	174.0000	313.0000	0
15:06:29	167.0000	286.0000	0
15:06:29	167.0000	384.0000	0
15:06:29	171.0000	343.0000	0
15:06:29	172.0000	314.0000	0
15:06:29	169.0000	275.0000	0
15:06:29	170.0000	382.0000	0
15:06:29	171.0000	343.0000	0
15:06:29	174.0000	313.0000	0
15:06:29	183.0000	393.0000	0
15:06:29	179.0000	353.0000	0
15:06:29	181.0000	323.0000	0
15:06:29	183.0000	295.0000	0
15:06:29	182.0000	385.0000	0
15:06:29	180.0000	347.0000	0
15:06:29	179.0000	318.0000	0
15:06:29	180.0000	293.0000	0
15:06:29	179.0000	384.0000	0
15:06:29	176.0000	346.0000	0
15:06:29	176.0000	315.0000	0
15:06:29	176.0000	287.0000	0
15:06:29	177.0000	384.0000	0
15:06:29	174.0000	342.0000	0
15:06:29	176.0000	315.0000	0
15:06:29	167.0000	289.0000	0
15:06:29	176.0000	381.0000	0
15:06:29	173.0000	342.0000	0
15:06:29	175.0000	314.0000	0
15:06:29	171.0000	287.0000	0
15:06:29	179.0000	378.0000	0
15:06:29	178.0000	343.0000	0
15:06:29	179.0000	315.0000	0
15:06:29	181.0000	290.0000	0
15:06:29	183.0000	383.0000	0
15:06:29	182.0000	346.0000	0
15:06:29	180.0000	315.0000	0
15:06:29	179.0000	288.0000	0
15:06:29	185.0000	384.0000	0
15:06:29	186.0000	347.0000	0
15:06:29	184.0000	316.0000	0
15:06:29	187.0000	290.0000	0
15:06:29	181.0000	379.0000	0
15:06:29	182.0000	347.0000	0
15:06:29	181.0000	306.0000	0
15:06:29	186.0000	294.0000	0
15:06:29	182.0000	382.0000	0
15:06:29	183.0000	345.0000	0
15:06:29	185.0000	313.0000	0
15:06:29	177.0000	394.0000	0
15:06:29	178.0000	353.0000	0
15:06:29	179.0000	322.0000	0
15:06:29	176.0000	295.0000	0
15:06:29	190.0000	385.0000	0
15:06:29	187.0000	348.0000	0
15:06:29	182.0000	316.0000	0
15:06:29	193.0000	289.0000	0
15:06:29	182.0000	385.0000	0
15:06:29	180.0000	342.0000	0
15:06:29	179.0000	315.0000	0
15:06:29	181.0000	289.0000	0
15:06:29	190.0000	383.0000	0
15:06:29	192.0000	345.0000	0
15:06:29	189.0000	315.0000	0
15:06:29	187.0000	288.0000	0
15:06:29	195.0000	383.0000	0
15:06:29	193.0000	345.0000	0
15:06:29	197.0000	318.0000	0
15:06:29	195.0000	290.0000	0
15:06:29	207.0000	384.0000	0
15:06:29	194.0000	336.0000	0
15:06:29	197.0000	319.0000	0
15:06:29	189.0000	277.0000	0
15:06:29	192.0000	383.0000	0
15:06:29	193.0000	346.0000	0
15:06:29	191.0000	318.0000	0
15:06:29	194.0000	291.0000	0
15:06:29	195.0000	384.0000	0
15:06:29	199.0000	347.0000	0
15:06:29	194.0000	319.0000	0
15:06:29	199.0000	394.0000	0
15:06:29	199.0000	365.0000	0
15:06:29	195.0000	315.0000	0
15:06:29	194.0000	299.0000	0
15:06:29	201.0000	390.0000	0
15:06:29	198.0000	349.0000	0
15:06:29	195.0000	321.0000	0
15:06:29	192.0000	294.0000	0
15:06:29	193.0000	378.0000	0
15:06:29	198.0000	347.0000	0
15:06:29	201.0000	320.0000	0
15:06:29	208.0000	294.0000	0
15:06:29	206.0000	387.0000	0
15:06:29	197.0000	348.0000	0
15:06:29	203.0000	320.0000	0
15:06:29	206.0000	302.0000	0
15:06:29	199.0000	384.0000	0
15:06:29	192.0000	347.0000	0
15:06:29	195.0000	317.0000	0
15:06:29	206.0000	301.0000	0
15:06:29	197.0000	385.0000	0
15:06:29	191.0000	349.0000	0
15:06:29	193.0000	317.0000	0
15:06:29	205.0000	294.0000	0
15:06:29	193.0000	385.0000	0
15:06:29	189.0000	346.0000	0
15:06:29	192.0000	320.0000	0
15:06:29	194.0000	290.0000	0
15:06:29	194.0000	385.0000	0
15:06:29	190.0000	345.0000	0
15:06:29	193.0000	317.0000	0
15:06:29	194.0000	291.0000	0
15:06:29	195.0000	384.0000	0
15:06:29	194.0000	346.0000	0
15:06:29	192.0000	318.0000	0
15:06:29	197.0000	294.0000	0
15:06:29	193.0000	378.0000	0
15:06:29	194.0000	351.0000	0
15:06:29	187.0000	307.0000	0
15:06:29	195.0000	397.0000	0
15:06:29	204.0000	357.0000	0
15:06:29	198.0000	327.0000	0
15:06:29	202.0000	302.0000	0
15:06:29	193.0000	385.0000	0
15:06:29	192.0000	347.0000	0
15:06:29	192.0000	313.0000	0
15:06:29	190.0000	293.0000	0
15:06:29	197.0000	385.0000	0
15:06:29	200.0000	346.0000	0
15:06:29	201.0000	320.0000	0
15:06:29	201.0000	292.0000	0
15:06:29	192.0000	384.0000	0
15:06:29	192.0000	347.0000	0
15:06:29	192.0000	317.0000	0
15:06:29	191.0000	291.0000	0
15:06:29	187.0000	384.0000	0
15:06:29	187.0000	347.0000	0
15:06:29	178.0000	316.0000	0
15:06:29	186.0000	291.0000	0
15:06:29	198.0000	386.0000	0
15:06:29	198.0000	345.0000	0
15:06:29	191.0000	319.0000	0
15:06:29	198.0000	294.0000	0
15:06:29	202.0000	382.0000	0
15:06:29	194.0000	347.0000	0
15:06:30	190.0000	316.0000	0
15:06:30	193.0000	292.0000	0
15:06:30	205.0000	382.0000	0
15:06:30	194.0000	346.0000	0
15:06:30	189.0000	317.0000	0
15:06:30	194.0000	294.0000	0
15:06:30	184.0000	385.0000	0
15:06:30	191.0000	346.0000	0
15:06:30	189.0000	327.0000	0
15:06:30	192.0000	396.0000	0
15:06:30	194.0000	355.0000	0
15:06:30	191.0000	325.0000	0
15:06:30	193.0000	306.0000	0
15:06:30	179.0000	383.0000	0
15:06:30	187.0000	355.0000	0
15:06:30	189.0000	323.0000	0
15:06:30	182.0000	299.0000	0
15:06:30	182.0000	384.0000	0
15:06:30	187.0000	353.0000	0
15:06:30	192.0000	313.0000	0
15:06:30	181.0000	288.0000	0
15:06:30	185.0000	384.0000	0
15:06:30	183.0000	346.0000	0
15:06:30	185.0000	314.0000	0
15:06:30	183.0000	289.0000	0
15:06:30	181.0000	385.0000	0
15:06:30	179.0000	354.0000	0
15:06:30	178.0000	318.0000	0
15:06:30	183.0000	292.0000	0
15:06:30	176.0000	384.0000	0
15:06:30	176.0000	342.0000	0
15:06:30	176.0000	314.0000	0
15:06:30	176.0000	290.0000	0
15:06:30	171.0000	384.0000	0
15:06:30	167.0000	342.0000	0
15:06:30	171.0000	315.0000	0
15:06:30	176.0000	287.0000	0
15:06:30	163.0000	383.0000	0
15:06:30	163.0000	342.0000	0
15:06:30	168.0000	313.0000	0
15:06:30	164.0000	288.0000	0
15:06:30	171.0000	384.0000	0
15:06:30	173.0000	341.0000	0
15:06:30	171.0000	313.0000	0
15:06:30	199.0000	397.0000	0
15:06:30	195.0000	357.0000	0
15:06:30	197.0000	315.0000	0
15:06:30	199.0000	302.0000	0
15:06:30	619.0000	405.0000	0
15:06:30	627.0000	387.0000	0
15:06:30	633.0000	371.0000	0
15:06:30	635.0000	357.0000	0
15:06:30	718.0000	439.0000	0
15:06:30	704.0000	417.0000	0
15:06:30	704.0000	400.0000	0
15:06:30	710.0000	384.0000	0
15:06:30	751.0000	448.0000	0
15:06:30	751.0000	432.0000	0
15:06:30	748.0000	418.0000	0
15:06:30	740.0000	404.0000	0
15:06:30	747.0000	460.0000	0
15:06:30	741.0000	441.0000	0
15:06:30	737.0000	420.0000	0
15:06:30	735.0000	401.0000	0
15:06:30	643.0000	454.0000	0
15:06:30	640.0000	432.0000	0
15:06:30	633.0000	407.0000	0
15:06:30	624.0000	390.0000	0
15:06:30	541.0000	447.0000	0
15:06:30	534.0000	415.0000	0
15:06:30	529.0000	395.0000	0
15:06:30	528.0000	368.0000	0
15:06:30	715.0000	445.0000	0
15:06:30	705.0000	421.0000	0
15:06:30	704.0000	405.0000	0
15:06:30	705.0000	388.0000	0
15:06:30	816.0000	457.0000	0
15:06:30	816.0000	435.0000	0
15:06:30	816.0000	425.0000	0
15:06:30	882.0000	477.0000	0
15:06:30	883.0000	461.0000	0
15:06:30	855.0000	442.0000	0
15:06:30	870.0000	432.0000	0
15:06:30	849.0000	478.0000	0
15:06:30	849.0000	459.0000	0
15:06:30	843.0000	439.0000	0
15:06:30	837.0000	430.0000	0
15:06:30	749.0000	467.0000	0
15:06:30	743.0000	448.0000	0
15:06:30	733.0000	431.0000	0
15:06:30	726.0000	413.0000	0
15:06:30	843.0000	467.0000	0
15:06:30	849.0000	450.0000	0
15:06:30	849.0000	434.0000	0
15:06:30	855.0000	426.0000	0
15:06:30	831.0000	471.0000	0
15:06:30	833.0000	449.0000	0
15:06:30	833.0000	437.0000	0
15:06:30	863.0000	428.0000	0
15:06:30	1318.0000	496.0000	0
15:06:30	1322.0000	496.0000	0
15:06:30	1313.0000	496.0000	0
15:06:30	1325.0000	498.0000	0
15:06:30	1328.0000	537.0000	0
15:06:30	1323.0000	533.0000	0
15:06:30	1314.0000	528.0000	0
15:06:30	1471.0000	564.0000	0
15:06:30	1457.0000	560.0000	0
15:06:30	1459.0000	563.0000	0
15:06:30	1463.0000	565.0000	0
15:06:30	1277.0000	574.0000	0
15:06:30	1266.0000	560.0000	0
15:06:30	1255.0000	549.0000	0
15:06:30	1255.0000	554.0000	0
15:06:30	1120.0000	555.0000	0
15:06:30	1117.0000	533.0000	0
15:06:30	1106.0000	523.0000	0
15:06:30	1106.0000	511.0000	0
15:06:30	981.0000	530.0000	0
15:06:30	975.0000	502.0000	0
15:06:30	959.0000	478.0000	0
15:06:30	953.0000	486.0000	0
15:06:30	1056.0000	510.0000	0
15:06:30	1050.0000	495.0000	0
15:06:30	1046.0000	493.0000	0
15:06:30	1072.0000	511.0000	0
15:06:30	1055.0000	491.0000	0
15:06:30	1050.0000	490.0000	0
15:06:30	1045.0000	469.0000	0
15:06:30	903.0000	511.0000	0
15:06:30	894.0000	478.0000	0
15:06:30	891.0000	467.0000	0
15:06:30	885.0000	453.0000	0
15:06:30	832.0000	485.0000	0
15:06:30	818.0000	464.0000	0
15:06:30	813.0000	448.0000	0
15:06:30	816.0000	432.0000	0
15:06:30	713.0000	479.0000	0
15:06:30	719.0000	448.0000	0
15:06:30	720.0000	430.0000	0
15:06:30	730.0000	414.0000	0
15:06:30	699.0000	464.0000	0
15:06:30	692.0000	435.0000	0
15:06:30	677.0000	418.0000	0
15:06:30	676.0000	400.0000	0
15:06:30	758.0000	458.0000	0
15:06:30	768.0000	437.0000	0
15:06:30	763.0000	420.0000	0
15:06:30	764.0000	407.0000	0
15:06:30	798.0000	464.0000	0
15:06:30	807.0000	445.0000	0
15:06:30	802.0000	432.0000	0
15:06:30	803.0000	416.0000	0
15:06:30	1045.0000	479.0000	0
15:06:30	1050.0000	467.0000	0
15:06:30	1039.0000	460.0000	0
15:06:30	911.0000	495.0000	0
15:06:30	903.0000	478.0000	0
15:06:30	902.0000	461.0000	0
15:06:30	903.0000	448.0000	0
15:06:30	880.0000	490.0000	0
15:06:30	879.0000	479.0000	0
15:06:30	881.0000	454.0000	0
15:06:30	883.0000	438.0000	0
15:06:30	818.0000	481.0000	0
15:06:30	813.0000	460.0000	0
15:06:30	811.0000	443.0000	0
15:06:30	807.0000	437.0000	0
15:06:30	906.0000	480.0000	0
15:06:30	907.0000	462.0000	0
15:06:30	912.0000	448.0000	0
15:06:30	927.0000	444.0000	0
15:06:30	921.0000	493.0000	0
15:06:30	912.0000	467.0000	0
15:06:30	902.0000	455.0000	0
15:06:30	899.0000	438.0000	0
15:06:30	1047.0000	494.0000	0
15:06:30	1040.0000	477.0000	0
15:06:30	1035.0000	466.0000	0
15:06:30	1023.0000	461.0000	0
15:06:30	1047.0000	500.0000	0
15:06:30	1045.0000	486.0000	0
15:06:30	1040.0000	480.0000	0
15:06:30	938.0000	505.0000	0
15:06:30	934.0000	487.0000	0
15:06:30	923.0000	470.0000	0
15:06:30	917.0000	458.0000	0
15:06:30	837.0000	489.0000	0
15:06:30	859.0000	471.0000	0
15:06:30	871.0000	455.0000	0
15:06:30	880.0000	441.0000	0
15:06:30	934.0000	492.0000	0
15:06:30	918.0000	464.0000	0
15:06:30	912.0000	457.0000	0
15:06:30	895.0000	433.0000	0
15:06:30	823.0000	484.0000	0
15:06:30	830.0000	461.0000	0
15:06:30	835.0000	446.0000	0
15:06:30	848.0000	432.0000	0
15:06:30	945.0000	485.0000	0
15:06:30	958.0000	467.0000	0
15:06:30	957.0000	457.0000	0
15:06:30	950.0000	446.0000	0
15:06:30	1119.0000	498.0000	0
15:06:30	1123.0000	487.0000	0
15:06:30	1113.0000	478.0000	0
15:06:30	1104.0000	464.0000	0
15:06:30	1274.0000	511.0000	0
15:06:30	1263.0000	501.0000	0
15:06:30	1259.0000	511.0000	0
15:06:30	1120.0000	528.0000	0
15:06:30	1125.0000	526.0000	0
15:06:30	1101.0000	496.0000	0
15:06:30	1091.0000	493.0000	0
15:06:31	936.0000	511.0000	0
15:06:31	940.0000	496.0000	0
15:06:31	922.0000	478.0000	0
15:06:31	918.0000	464.0000	0
15:06:31	1120.0000	505.0000	0
15:06:31	1136.0000	496.0000	0
15:06:31	1163.0000	496.0000	0
15:06:31	1200.0000	493.0000	0
15:06:31	1747.0000	559.0000	0
15:06:31	1757.0000	570.0000	0
15:06:31	1755.0000	585.0000	0
15:06:31	1738.0000	596.0000	0
15:06:31	1479.0000	599.0000	0
15:06:31	1468.0000	594.0000	0
15:06:31	1460.0000	592.0000	0
15:06:31	1263.0000	590.0000	0
15:06:31	1261.0000	578.0000	0
15:06:31	1261.0000	567.0000	0
15:06:31	1257.0000	559.0000	0
15:06:31	1264.0000	563.0000	0
15:06:31	1301.0000	560.0000	0
15:06:31	1343.0000	558.0000	0
15:06:31	1431.0000	558.0000	0
15:06:31	1903.0000	596.0000	0
15:06:31	1882.0000	613.0000	0
15:06:31	1855.0000	626.0000	0
15:06:31	1846.0000	641.0000	0
15:06:31	1980.0000	655.0000	0
15:06:31	1983.0000	672.0000	0
15:06:31	1973.0000	692.0000	0
15:06:31	2192.0000	697.0000	0
15:06:31	2229.0000	721.0000	0
15:06:31	2257.0000	745.0000	0
15:06:31	2276.0000	751.0000	16
15:06:31	2107.0000	745.0000	0
15:06:31	2084.0000	753.0000	0
15:06:31	2070.0000	765.0000	1
15:06:31	2061.0000	759.0000	12
15:06:31	2695.0000	779.0000	0
15:06:31	2672.0000	822.0000	0
15:06:31	2672.0000	844.0000	12
15:06:31	2704.0000	865.0000	26
15:06:31	3676.0000	915.0000	0
15:06:31	3487.0000	960.0000	0
15:06:31	3490.0000	1013.0000	4
15:06:31	3497.0000	1053.0000	29
15:06:31	3686.0000	1073.0000	0
15:06:31	3678.0000	1119.0000	14
15:06:31	3681.0000	1142.0000	43
15:06:31	3678.0000	1169.0000	58
15:06:31	3687.0000	1199.0000	0
15:06:31	3678.0000	1226.0000	17
15:06:31	3664.0000	1232.0000	48
15:06:31	3673.0000	1248.0000	64
15:06:31	3696.0000	1278.0000	0
15:06:31	3687.0000	1287.0000	19
15:06:31	3682.0000	1287.0000	50
15:06:31	3681.0000	1289.0000	0
15:06:31	3713.0000	1314.0000	30
15:06:31	3677.0000	1292.0000	62
15:06:31	3693.0000	1310.0000	80
15:06:31	3707.0000	1335.0000	0
15:06:31	3691.0000	1332.0000	27
15:06:31	3692.0000	1333.0000	56
15:06:31	3699.0000	1341.0000	78
15:06:31	3717.0000	1358.0000	0
15:06:31	3697.0000	1355.0000	38
15:06:31	3702.0000	1347.0000	67
15:06:31	3700.0000	1360.0000	0
15:06:31	3707.0000	1354.0000	33
15:06:31	3721.0000	1358.0000	68
15:06:31	3702.0000	1349.0000	90
15:06:31	3702.0000	1376.0000	0
15:06:31	3720.0000	1392.0000	27
15:06:31	3703.0000	1366.0000	68
15:06:31	3702.0000	1375.0000	0
15:06:31	3706.0000	1371.0000	38
15:06:31	3706.0000	1361.0000	64
15:06:31	3706.0000	1362.0000	86
15:06:31	3701.0000	1389.0000	0
15:06:31	3707.0000	1383.0000	46
15:06:31	3709.0000	1373.0000	65
15:06:31	3705.0000	739.0000	0
15:06:31	3725.0000	839.0000	0
15:06:31	3713.0000	884.0000	26
15:06:31	3706.0000	928.0000	0
15:06:31	3705.0000	988.0000	13
15:06:31	3706.0000	1028.0000	40
15:06:31	3703.0000	1069.0000	64
15:06:31	3698.0000	1107.0000	0
15:06:31	3709.0000	1149.0000	20
15:06:31	3703.0000	1167.0000	48
15:06:31	3709.0000	1185.0000	67
15:06:31	3703.0000	1222.0000	0
15:06:31	3707.0000	1240.0000	31
15:06:31	3686.0000	1251.0000	43
15:06:31	3704.0000	1266.0000	0
15:06:31	3709.0000	1283.0000	22
15:06:31	3719.0000	1281.0000	51
15:06:31	3696.0000	1300.0000	80
15:06:31	3707.0000	1324.0000	0
15:06:31	3699.0000	1323.0000	26
15:06:31	3701.0000	1320.0000	58
15:06:31	3710.0000	1325.0000	80
15:06:31	3726.0000	1363.0000	0
15:06:31	3692.0000	1339.0000	32
15:06:31	3711.0000	1343.0000	64
15:06:31	3725.0000	1360.0000	0
15:06:31	3705.0000	1353.0000	32
15:06:31	3703.0000	1340.0000	67
15:06:31	3664.0000	1343.0000	93
15:06:31	3715.0000	1388.0000	0
15:06:31	3699.0000	1369.0000	31
15:06:31	3698.0000	1362.0000	71
15:06:31	3712.0000	1361.0000	87
15:06:31	3728.0000	1398.0000	0
15:06:31	3702.0000	1382.0000	31
15:06:31	3698.0000	1366.0000	69
15:06:31	3708.0000	1383.0000	0
15:06:31	3710.0000	1376.0000	32
15:06:31	3706.0000	1365.0000	62
15:06:31	3699.0000	1359.0000	90
15:06:31	3714.0000	1395.0000	0
15:06:31	3728.0000	1388.0000	32
15:06:31	3718.0000	1377.0000	51
15:06:31	3707.0000	1378.0000	92
15:06:31	3707.0000	1401.0000	0
15:06:31	3718.0000	1389.0000	31
15:06:31	3696.0000	1377.0000	61
15:06:31	3723.0000	1385.0000	0
15:06:31	3701.0000	1383.0000	26
15:06:31	3715.0000	1383.0000	56
15:06:31	3703.0000	1378.0000	76
15:06:31	3710.0000	1399.0000	0
15:06:31	3713.0000	1390.0000	31
15:06:31	3718.0000	1382.0000	64
15:06:31	3712.0000	1375.0000	80
15:06:31	3711.0000	1399.0000	0
15:06:31	3696.0000	1391.0000	29
15:06:31	3697.0000	1383.0000	60
15:06:31	3685.0000	1382.0000	0
15:06:31	3725.0000	1384.0000	30
15:06:31	3705.0000	1395.0000	50
15:06:31	3711.0000	1381.0000	84
15:06:31	3709.0000	1399.0000	0
15:06:31	3699.0000	1389.0000	38
15:06:31	3697.0000	1379.0000	64
15:06:31	3723.0000	1382.0000	80
15:06:31	3705.0000	1407.0000	0
15:06:31	3716.0000	1393.0000	30
15:06:31	3688.0000	1399.0000	49
15:06:31	3702.0000	1392.0000	0
15:06:31	3699.0000	1386.0000	29
15:06:31	3701.0000	1381.0000	59
15:06:31	3705.0000	1374.0000	80
15:06:31	3703.0000	1405.0000	0
15:06:31	3706.0000	1387.0000	37
15:06:31	3696.0000	1376.0000	66
15:06:31	3710.0000	1372.0000	87
15:06:31	3707.0000	1407.0000	0
15:06:31	3703.0000	1389.0000	33
15:06:31	3701.0000	1387.0000	64
15:06:31	3687.0000	1385.0000	0
15:06:31	3701.0000	1385.0000	28
15:06:31	3685.0000	1376.0000	48
15:06:31	3707.0000	1377.0000	80
15:06:31	3687.0000	1392.0000	0
15:06:31	3696.0000	1383.0000	32
15:06:31	3682.0000	1382.0000	50
15:06:31	3707.0000	1393.0000	0
15:06:31	3701.0000	1385.0000	28
15:06:31	3702.0000	1379.0000	64
15:06:31	3706.0000	1372.0000	75
15:06:31	3712.0000	1393.0000	0
15:06:31	3703.0000	1390.0000	32
15:06:31	3688.0000	1380.0000	59
15:06:31	3706.0000	1370.0000	80
15:06:32	3713.0000	1403.0000	0
15:06:32	3685.0000	1396.0000	32
15:06:32	3699.0000	1382.0000	63
15:06:32	3709.0000	1392.0000	0
15:06:32	3701.0000	1391.0000	33
15:06:32	3701.0000	1374.0000	61
15:06:32	3696.0000	1365.0000	81
15:06:32	3707.0000	1399.0000	0
15:06:32	3701.0000	1389.0000	33
15:06:32	3701.0000	1381.0000	62
15:06:32	3701.0000	1377.0000	84
15:06:32	3703.0000	1407.0000	0
15:06:32	3699.0000	1392.0000	32
15:06:32	3675.0000	1388.0000	63
15:06:32	3709.0000	1393.0000	0
15:06:32	3696.0000	1382.0000	29
15:06:32	3698.0000	1377.0000	64
15:06:32	3687.0000	1374.0000	73
15:06:32	3706.0000	1397.0000	0
15:06:32	3699.0000	1393.0000	32
15:06:32	3712.0000	1385.0000	62
15:06:32	3702.0000	1380.0000	84
15:06:32	3707.0000	1402.0000	0
15:06:32	3701.0000	1395.0000	31
15:06:32	3701.0000	1388.0000	62
15:06:32	3709.0000	1392.0000	0
15:06:32	3703.0000	1386.0000	30
15:06:32	3703.0000	1386.0000	58
15:06:32	3706.0000	1375.0000	80
15:06:32	3696.0000	1401.0000	0
15:06:32	3696.0000	1390.0000	29
15:06:32	3701.0000	1385.0000	64
15:06:32	3701.0000	1384.0000	81
15:06:32	3687.0000	1393.0000	0
15:06:32	3698.0000	1394.0000	31
15:06:32	3699.0000	1386.0000	58
15:06:32	3709.0000	1393.0000	0
15:06:32	3699.0000	1390.0000	32
15:06:32	3707.0000	1379.0000	62
15:06:32	3707.0000	1376.0000	80
15:06:32	3708.0000	1405.0000	0
15:06:32	3680.0000	1400.0000	31
15:06:32	3703.0000	1387.0000	62
15:06:32	3698.0000	1384.0000	80
15:06:32	3707.0000	1408.0000	0
15:06:32	3700.0000	1395.0000	31
15:06:32	3703.0000	1387.0000	64
15:06:32	3709.0000	1394.0000	0
15:06:32	3702.0000	1387.0000	29
15:06:32	3697.0000	1379.0000	61
15:06:32	3707.0000	1376.0000	79
15:06:32	3700.0000	1401.0000	0
15:06:32	3698.0000	1391.0000	29
15:06:32	3698.0000	1387.0000	63
15:06:32	3698.0000	1379.0000	85
15:06:32	3711.0000	1404.0000	6
15:06:32	3703.0000	1391.0000	45
15:06:32	3683.0000	1383.0000	64
15:06:32	3712.0000	1403.0000	0
15:06:32	3706.0000	1383.0000	42
15:06:32	3702.0000	1373.0000	64
15:06:32	3708.0000	1371.0000	86
15:06:32	3711.0000	1401.0000	0
15:06:32	3701.0000	1389.0000	45
15:06:32	3699.0000	1382.0000	66
15:06:32	3699.0000	1376.0000	85
15:06:32	3706.0000	1406.0000	0
15:06:32	3696.0000	1391.0000	39
15:06:32	3701.0000	1386.0000	61
15:06:32	3712.0000	1405.0000	0
15:06:32	3701.0000	1385.0000	32
15:06:32	3703.0000	1376.0000	68
15:06:32	3710.0000	1372.0000	80
15:06:32	3713.0000	1411.0000	0
15:06:32	3711.0000	1391.0000	34
15:06:32	3712.0000	1372.0000	69
15:06:32	3701.0000	1380.0000	81
15:06:32	3724.0000	1418.0000	0
15:06:32	3708.0000	1390.0000	42
15:06:32	3696.0000	1376.0000	74
15:06:32	3710.0000	1395.0000	0
15:06:32	3710.0000	1386.0000	41
15:06:32	3703.0000	1377.0000	62
15:06:32	3698.0000	1373.0000	92
15:06:32	3709.0000	1405.0000	0
15:06:32	3703.0000	1392.0000	42
15:06:32	3699.0000	1380.0000	64
15:06:32	3711.0000	1377.0000	95
15:06:32	3702.0000	1409.0000	0
15:06:32	3698.0000	1393.0000	47
15:06:32	3705.0000	1379.0000	68
15:06:32	3721.0000	1398.0000	0
15:06:32	3717.0000	1381.0000	27
15:06:32	3701.0000	1376.0000	67
15:06:32	3699.0000	1373.0000	95
15:06:32	3692.0000	1394.0000	0
15:06:32	3702.0000	1392.0000	32
15:06:32	3733.0000	1382.0000	65
15:06:32	3702.0000	1382.0000	90
15:06:32	3717.0000	1405.0000	0
15:06:32	3708.0000	1393.0000	30
15:06:32	3717.0000	1388.0000	64
15:06:32	3711.0000	1395.0000	0
15:06:32	3721.0000	1391.0000	32
15:06:32	3703.0000	1376.0000	68
15:06:32	3698.0000	1376.0000	87
15:06:32	3706.0000	1405.0000	0
15:06:32	3717.0000	1399.0000	33
15:06:32	3700.0000	1384.0000	65
15:06:32	3703.0000	1380.0000	85
15:06:32	3707.0000	1408.0000	0
15:06:32	3728.0000	1404.0000	33
15:06:33	3705.0000	1385.0000	64
15:06:33	3702.0000	1396.0000	0
15:06:33	3705.0000	1385.0000	36
15:06:33	3739.0000	1383.0000	63
15:06:33	3701.0000	1375.0000	84
15:06:33	3703.0000	1403.0000	0
15:06:33	3699.0000	1392.0000	34
15:06:33	3718.0000	1386.0000	64
15:06:33	3687.0000	1386.0000	0
15:06:33	3701.0000	1387.0000	28
15:06:33	3699.0000	1382.0000	50
15:06:33	3701.0000	1378.0000	85
15:06:33	3685.0000	1393.0000	0
15:06:33	3704.0000	1390.0000	33
15:06:33	3680.0000	1376.0000	66
15:06:33	3711.0000	1379.0000	83
15:06:33	3714.0000	1408.0000	0
15:06:33	3698.0000	1386.0000	48
15:06:33	3701.0000	1383.0000	66
15:06:33	3706.0000	1397.0000	0
15:06:33	3706.0000	1386.0000	33
15:06:33	3699.0000	1380.0000	53
15:06:33	3698.0000	1375.0000	84
15:06:33	3712.0000	1402.0000	0
15:06:33	3694.0000	1393.0000	32
15:06:33	3706.0000	1386.0000	63
15:06:33	3699.0000	1382.0000	82
15:06:33	3705.0000	1405.0000	0
15:06:33	3700.0000	1396.0000	34
15:06:33	3657.0000	1388.0000	64
15:06:33	3702.0000	1395.0000	0
15:06:33	3703.0000	1389.0000	31
15:06:33	3701.0000	1377.0000	60
15:06:33	3701.0000	1376.0000	88
15:06:33	3708.0000	1399.0000	0
15:06:33	3696.0000	1387.0000	35
15:06:33	3701.0000	1388.0000	64
15:06:33	3707.0000	1381.0000	92
15:06:33	3709.0000	1408.0000	0
15:06:33	3699.0000	1392.0000	30
15:06:33	3701.0000	1388.0000	61
15:06:33	3703.0000	1392.0000	0
15:06:33	3701.0000	1384.0000	30
15:06:33	3696.0000	1370.0000	61
15:06:33	3698.0000	1374.0000	84
15:06:33	3702.0000	1397.0000	0
15:06:33	3684.0000	1394.0000	18
15:06:33	3704.0000	1378.0000	64
15:06:33	3707.0000	1385.0000	80
15:06:33	3708.0000	1406.0000	0
15:06:33	3707.0000	1393.0000	34
15:06:33	3700.0000	1386.0000	64
15:06:33	3709.0000	1393.0000	0
15:06:33	3698.0000	1391.0000	33
15:06:33	3698.0000	1378.0000	62
15:06:33	3712.0000	1368.0000	83
15:06:33	3702.0000	1399.0000	0
15:06:33	3706.0000	1394.0000	31
15:06:33	3709.0000	1381.0000	64
15:06:33	3696.0000	1379.0000	82
15:06:33	3703.0000	1401.0000	0
15:06:33	3703.0000	1398.0000	30
15:06:33	3700.0000	1388.0000	64
15:06:33	3711.0000	1397.0000	0
15:06:33	3700.0000	1390.0000	27
15:06:33	3706.0000	1385.0000	61
15:06:33	3707.0000	1382.0000	80
15:06:33	3699.0000	1405.0000	0
15:06:33	3701.0000	1387.0000	29
15:06:33	3696.0000	1390.0000	62
15:06:33	3700.0000	1385.0000	80
15:06:33	3699.0000	1408.0000	0
15:06:33	3709.0000	1400.0000	30
15:06:33	3706.0000	1392.0000	61
15:06:33	3703.0000	1397.0000	0
15:06:33	3699.0000	1386.0000	30
15:06:33	3702.0000	1384.0000	60
15:06:33	3703.0000	1373.0000	85
15:06:33	3686.0000	1394.0000	0
15:06:33	3705.0000	1393.0000	32
15:06:33	3698.0000	1385.0000	63
15:06:33	3702.0000	1380.0000	85
15:06:33	3693.0000	1399.0000	0
15:06:33	3703.0000	1395.0000	32
15:06:33	3708.0000	1388.0000	64
15:06:33	3707.0000	1394.0000	0
15:06:33	3699.0000	1381.0000	35
15:06:33	3703.0000	1371.0000	67
15:06:33	3697.0000	1370.0000	89
15:06:33	3705.0000	1405.0000	0
15:06:33	3696.0000	1392.0000	34
15:06:33	3706.0000	1384.0000	64
15:06:33	3696.0000	1380.0000	87
15:06:33	3707.0000	1407.0000	0
15:06:33	3697.0000	1395.0000	32
15:06:33	3699.0000	1387.0000	64
15:06:33	3709.0000	1395.0000	0
15:06:33	3698.0000	1394.0000	30
15:06:33	3703.0000	1379.0000	62
15:06:33	3698.0000	1376.0000	83
15:06:33	3707.0000	1402.0000	0
15:06:33	3698.0000	1391.0000	32
15:06:33	3707.0000	1386.0000	64
15:06:33	3703.0000	1382.0000	81
15:06:33	3700.0000	1406.0000	0
15:06:33	3699.0000	1395.0000	33
15:06:33	3702.0000	1387.0000	61
15:06:33	3703.0000	1393.0000	0
15:06:33	3697.0000	1389.0000	30
15:06:33	3697.0000	1379.0000	62
15:06:33	3681.0000	1386.0000	81
15:06:33	3703.0000	1395.0000	0
15:06:33	3700.0000	1392.0000	30
15:06:33	3700.0000	1380.0000	64
15:06:33	3707.0000	1373.0000	83
15:06:33	3707.0000	1407.0000	0
15:06:33	3713.0000	1397.0000	32
15:06:33	3703.0000	1384.0000	64
15:06:33	3695.0000	1389.0000	0
15:06:33	3705.0000	1376.0000	41
15:06:33	3699.0000	1369.0000	69
15:06:33	3706.0000	1367.0000	85
15:06:33	3698.0000	1411.0000	0
15:06:33	3708.0000	1392.0000	31
15:06:33	3696.0000	1382.0000	67
15:06:33	3709.0000	1392.0000	0
15:06:33	3698.0000	1373.0000	42
15:06:33	3696.0000	1372.0000	63
15:06:33	3695.0000	1365.0000	86
15:06:33	3708.0000	1399.0000	0
15:06:33	3699.0000	1380.0000	44
15:06:33	3701.0000	1383.0000	64
15:06:33	3699.0000	1379.0000	89
15:06:33	3702.0000	1408.0000	0
15:06:33	3696.0000	1383.0000	45
15:06:33	3698.0000	1384.0000	63
15:06:33	3719.0000	1407.0000	0
15:06:33	3702.0000	1385.0000	33
15:06:33	3696.0000	1365.0000	73
15:06:33	3696.0000	1372.0000	84
15:06:33	3714.0000	1412.0000	0
15:06:33	3695.0000	1392.0000	33
15:06:33	3696.0000	1375.0000	73
15:06:33	3696.0000	1377.0000	86
15:06:33	3711.0000	1417.0000	0
15:06:33	3693.0000	1394.0000	33
15:06:34	3689.0000	1387.0000	76
15:06:34	3696.0000	1392.0000	0
15:06:34	3696.0000	1386.0000	30
15:06:34	3693.0000	1379.0000	64
15:06:34	3692.0000	1360.0000	95
15:06:34	3698.0000	1398.0000	0
15:06:34	3707.0000	1390.0000	33
15:06:34	3705.0000	1378.0000	57
15:06:34	3699.0000	1372.0000	85
15:06:34	3692.0000	1406.0000	0
15:06:34	3707.0000	1391.0000	38
15:06:34	3689.0000	1381.0000	68
15:06:34	3713.0000	1391.0000	0
15:06:34	3685.0000	1383.0000	35
15:06:34	3714.0000	1376.0000	60
15:06:34	3687.0000	1370.0000	81
15:06:34	3690.0000	1397.0000	0
15:06:34	3696.0000	1390.0000	34
15:06:34	3696.0000	1377.0000	64
15:06:34	3695.0000	1367.0000	97
15:06:34	3326.0000	1398.0000	0
15:06:34	3274.0000	1366.0000	31
15:06:34	3226.0000	1345.0000	69
15:06:34	2527.0000	1300.0000	0
15:06:34	2498.0000	1266.0000	29
15:06:34	2471.0000	1222.0000	45
15:06:34	2437.0000	1187.0000	62
15:06:34	1975.0000	1146.0000	0
15:06:34	1963.0000	1102.0000	16
15:06:34	1942.0000	1051.0000	36
15:06:34	1934.0000	1021.0000	49
15:06:34	1621.0000	970.0000	0
15:06:34	1601.0000	939.0000	0
15:06:34	1585.0000	895.0000	13
15:06:34	1350.0000	826.0000	0
15:06:34	1344.0000	799.0000	0
15:06:34	1334.0000	765.0000	1
15:06:34	910.0000	610.0000	0
15:06:34	903.0000	581.0000	0
15:06:34	909.0000	555.0000	0
15:06:34	909.0000	530.0000	0
15:06:34	894.0000	535.0000	0
15:06:34	160.0000	561.0000	0
15:06:34	160.0000	499.0000	0
15:06:34	161.0000	448.0000	0
15:06:34	163.0000	420.0000	0
15:06:34	157.0000	432.0000	0
15:06:34	169.0000	395.0000	0
15:06:34	166.0000	362.0000	0
15:06:34	157.0000	411.0000	0
15:06:34	157.0000	368.0000	0
15:06:34	160.0000	337.0000	0
15:06:34	155.0000	304.0000	0
15:06:34	149.0000	390.0000	0
15:06:34	157.0000	352.0000	0
15:06:34	152.0000	317.0000	0
15:06:34	146.0000	291.0000	0
15:06:34	150.0000	387.0000	0
15:06:34	151.0000	343.0000	0
15:06:34	154.0000	316.0000	0
15:06:34	153.0000	289.0000	0
15:06:34	161.0000	385.0000	0
15:06:34	160.0000	343.0000	0
15:06:34	160.0000	315.0000	0
15:06:34	160.0000	288.0000	0
15:06:34	175.0000	385.0000	0
15:06:34	171.0000	345.0000	0
15:06:34	180.0000	318.0000	0
15:06:34	172.0000	289.0000	0
15:06:34	176.0000	384.0000	0
15:06:34	176.0000	347.0000	0
15:06:34	183.0000	318.0000	0
15:06:34	166.0000	286.0000	0
15:06:34	176.0000	386.0000	0
15:06:34	176.0000	349.0000	0
15:06:34	176.0000	320.0000	0
15:06:34	176.0000	290.0000	0
15:06:34	185.0000	384.0000	0
15:06:34	183.0000	338.0000	0
15:06:34	186.0000	318.0000	0
15:06:34	184.0000	290.0000	0
15:06:34	191.0000	380.0000	0
15:06:34	187.0000	336.0000	0
15:06:34	194.0000	319.0000	0
15:06:34	186.0000	285.0000	0
15:06:34	195.0000	383.0000	0
15:06:34	199.0000	351.0000	0
15:06:34	194.0000	320.0000	0
15:06:34	195.0000	395.0000	0
15:06:34	198.0000	362.0000	0
15:06:34	210.0000	335.0000	0
15:06:34	201.0000	307.0000	0
15:06:34	211.0000	391.0000	0
15:06:34	221.0000	354.0000	0
15:06:34	208.0000	322.0000	0
15:06:34	208.0000	295.0000	0
15:06:34	222.0000	393.0000	0
15:06:34	224.0000	355.0000	0
15:06:34	224.0000	323.0000	0
15:06:34	220.0000	299.0000	0
15:06:34	223.0000	383.0000	0
15:06:34	226.0000	355.0000	0
15:06:34	220.0000	317.0000	0
15:06:34	223.0000	304.0000	0
15:06:34	225.0000	391.0000	0
15:06:34	223.0000	357.0000	0
15:06:34	223.0000	323.0000	0
15:06:34	223.0000	300.0000	0
15:06:34	230.0000	393.0000	0
15:06:34	226.0000	353.0000	0
15:06:34	226.0000	328.0000	0
15:06:34	231.0000	299.0000	0
15:06:34	235.0000	391.0000	0
15:06:34	240.0000	355.0000	0
15:06:34	237.0000	326.0000	0
15:06:34	236.0000	302.0000	0
15:06:34	240.0000	392.0000	0
15:06:34	240.0000	353.0000	0
15:06:34	240.0000	327.0000	0
15:06:34	243.0000	303.0000	0
15:06:34	241.0000	395.0000	0
15:06:34	240.0000	355.0000	0
15:06:34	240.0000	329.0000	0
15:06:34	250.0000	401.0000	0
15:06:34	245.0000	367.0000	0
15:06:34	240.0000	336.0000	0
15:06:34	244.0000	309.0000	0
15:06:34	247.0000	397.0000	0
15:06:34	251.0000	360.0000	0
15:06:34	243.0000	333.0000	0
15:06:34	251.0000	307.0000	0
15:06:34	250.0000	395.0000	0
15:06:34	247.0000	361.0000	0
15:06:34	246.0000	333.0000	0
15:06:34	250.0000	306.0000	0
15:06:34	247.0000	393.0000	0
15:06:34	249.0000	357.0000	0
15:06:34	241.0000	330.0000	0
15:06:34	251.0000	305.0000	0
15:06:34	252.0000	400.0000	0
15:06:34	254.0000	362.0000	0
15:06:34	242.0000	330.0000	0
15:06:34	254.0000	305.0000	0
15:06:34	247.0000	400.0000	0
15:06:34	249.0000	359.0000	0
15:06:34	241.0000	329.0000	0
15:06:34	247.0000	306.0000	0
15:06:34	251.0000	397.0000	0
15:06:34	252.0000	359.0000	0
15:06:34	242.0000	331.0000	0
15:06:34	250.0000	299.0000	0
15:06:34	251.0000	396.0000	0
15:06:34	256.0000	359.0000	0
15:06:34	256.0000	336.0000	0
15:06:34	256.0000	304.0000	0
15:06:34	261.0000	395.0000	0
15:06:34	261.0000	361.0000	0
15:06:34	267.0000	336.0000	0
15:06:34	256.0000	405.0000	0
15:06:34	259.0000	368.0000	0
15:06:34	257.0000	336.0000	0
15:06:34	262.0000	323.0000	0
15:06:34	256.0000	400.0000	0
15:06:35	260.0000	369.0000	0
15:06:35	254.0000	332.0000	0
15:06:35	253.0000	306.0000	0
15:06:35	251.0000	395.0000	0
15:06:35	252.0000	365.0000	0
15:06:35	250.0000	330.0000	0
15:06:35	254.0000	304.0000	0
15:06:35	253.0000	398.0000	0
15:06:35	255.0000	368.0000	0
15:06:35	256.0000	331.0000	0
15:06:35	256.0000	305.0000	0
15:06:35	252.0000	396.0000	0
15:06:35	253.0000	368.0000	0
15:06:35	252.0000	332.0000	0
15:06:35	252.0000	304.0000	0
15:06:35	247.0000	400.0000	0
15:06:35	250.0000	358.0000	0
15:06:35	247.0000	331.0000	0
15:06:35	243.0000	302.0000	0
15:06:35	240.0000	395.0000	0
15:06:35	240.0000	357.0000	0
15:06:35	240.0000	329.0000	0
15:06:35	239.0000	302.0000	0
15:06:35	238.0000	394.0000	0
15:06:35	234.0000	356.0000	0
15:06:35	233.0000	325.0000	0
15:06:35	235.0000	303.0000	0
15:06:35	236.0000	393.0000	0
15:06:35	234.0000	355.0000	0
15:06:35	235.0000	325.0000	0
15:06:35	230.0000	402.0000	0
15:06:35	228.0000	365.0000	0
15:06:35	231.0000	336.0000	0
15:06:35	233.0000	309.0000	0
15:06:35	226.0000	395.0000	0
15:06:35	224.0000	356.0000	0
15:06:35	225.0000	326.0000	0
15:06:35	223.0000	301.0000	0
15:06:35	222.0000	391.0000	0
15:06:35	221.0000	357.0000	0
15:06:35	221.0000	323.0000	0
15:06:35	214.0000	301.0000	0
15:06:35	213.0000	392.0000	0
15:06:35	211.0000	355.0000	0
15:06:35	208.0000	324.0000	0
15:06:35	208.0000	301.0000	0
15:06:35	207.0000	390.0000	0
15:06:35	203.0000	353.0000	0
15:06:35	207.0000	322.0000	0
15:06:35	208.0000	296.0000	0
15:06:35	202.0000	387.0000	0
15:06:35	199.0000	353.0000	0
15:06:35	199.0000	311.0000	0
15:06:35	199.0000	301.0000	0
15:06:35	198.0000	387.0000	0
15:06:35	198.0000	351.0000	0
15:06:35	199.0000	321.0000	0
15:06:35	197.0000	298.0000	0
15:06:35	193.0000	386.0000	0
15:06:35	193.0000	351.0000	0
15:06:35	193.0000	318.0000	0
15:06:35	195.0000	295.0000	0
15:06:35	190.0000	386.0000	0
15:06:35	189.0000	349.0000	0
15:06:35	188.0000	320.0000	0
15:06:35	190.0000	292.0000	0
15:06:35	189.0000	386.0000	0
15:06:35	188.0000	349.0000	0
15:06:35	188.0000	317.0000	0
15:06:35	183.0000	397.0000	0
15:06:35	182.0000	358.0000	0
15:06:35	181.0000	325.0000	0
15:06:35	181.0000	300.0000	0
15:06:35	186.0000	388.0000	0
15:06:35	187.0000	350.0000	0
15:06:35	188.0000	319.0000	0
15:06:35	187.0000	294.0000	0
15:06:35	192.0000	386.0000	0
15:06:35	192.0000	351.0000	0
15:06:35	190.0000	319.0000	0
15:06:35	189.0000	294.0000	0
15:06:35	194.0000	387.0000	0
15:06:35	192.0000	349.0000	0
15:06:35	192.0000	320.0000	0
15:06:35	192.0000	294.0000	0
15:06:35	192.0000	389.0000	0
15:06:35	190.0000	339.0000	0
15:06:35	194.0000	316.0000	0
15:06:35	192.0000	283.0000	0
15:06:35	236.0000	390.0000	0
15:06:35	235.0000	353.0000	0
15:06:35	237.0000	322.0000	0
15:06:35	240.0000	300.0000	0
15:06:35	225.0000	391.0000	0
15:06:35	222.0000	356.0000	0
15:06:35	222.0000	323.0000	0
15:06:35	224.0000	300.0000	0
15:06:35	211.0000	391.0000	0
15:06:35	211.0000	352.0000	0
15:06:35	208.0000	323.0000	0
15:06:35	209.0000	299.0000	0
15:06:35	207.0000	390.0000	0
15:06:35	203.0000	352.0000	0
15:06:35	203.0000	320.0000	0
15:06:35	294.0000	406.0000	0
15:06:35	288.0000	368.0000	0
15:06:35	294.0000	336.0000	0
15:06:35	290.0000	318.0000	0
15:06:35	448.0000	408.0000	0
15:06:35	446.0000	379.0000	0
15:06:35	447.0000	361.0000	0
15:06:35	448.0000	337.0000	0
15:06:35	434.0000	414.0000	0
15:06:35	439.0000	384.0000	0
15:06:35	439.0000	366.0000	0
15:06:35	432.0000	342.0000	0
15:06:35	448.0000	421.0000	0
15:06:35	458.0000	391.0000	0
15:06:35	464.0000	368.0000	0
15:06:35	466.0000	349.0000	0
15:06:35	472.0000	426.0000	0
15:06:35	480.0000	395.0000	0
15:06:35	487.0000	369.0000	0
15:06:35	499.0000	353.0000	0
15:06:35	561.0000	430.0000	0
15:06:35	579.0000	404.0000	0
15:06:35	594.0000	375.0000	0
15:06:35	613.0000	371.0000	0
15:06:35	656.0000	444.0000	0
15:06:35	650.0000	421.0000	0
15:06:35	644.0000	400.0000	0
15:06:35	638.0000	384.0000	0
15:06:35	571.0000	443.0000	0
15:06:35	563.0000	415.0000	0
15:06:35	561.0000	394.0000	0
15:06:35	557.0000	371.0000	0
15:06:35	498.0000	437.0000	0
15:06:35	496.0000	405.0000	0
15:06:35	496.0000	382.0000	0
15:06:35	488.0000	363.0000	0
15:06:35	439.0000	429.0000	0
15:06:35	433.0000	397.0000	0
15:06:35	435.0000	369.0000	0
15:06:35	448.0000	432.0000	0
15:06:35	447.0000	400.0000	0
15:06:35	446.0000	376.0000	0
15:06:35	442.0000	355.0000	0
15:06:35	528.0000	431.0000	0
15:06:35	529.0000	400.0000	0
15:06:35	511.0000	379.0000	0
15:06:35	527.0000	360.0000	0
15:06:35	756.0000	442.0000	0
15:06:35	777.0000	427.0000	0
15:06:36	795.0000	411.0000	0
15:06:36	816.0000	400.0000	0
15:06:36	1023.0000	471.0000	0
15:06:36	1010.0000	462.0000	0
15:06:36	998.0000	450.0000	0
15:06:36	986.0000	442.0000	0
15:06:36	995.0000	494.0000	0
15:06:36	990.0000	465.0000	0
15:06:36	991.0000	468.0000	0
15:06:36	993.0000	447.0000	0
15:06:36	967.0000	496.0000	0
15:06:36	959.0000	479.0000	0
15:06:36	944.0000	464.0000	0
15:06:36	938.0000	454.0000	0
15:06:36	887.0000	492.0000	0
15:06:36	892.0000	470.0000	0
15:06:36	892.0000	455.0000	0
15:06:36	895.0000	443.0000	0
15:06:36	880.0000	486.0000	0
15:06:36	909.0000	467.0000	0
15:06:36	928.0000	457.0000	0
15:06:36	945.0000	447.0000	0
15:06:36	1002.0000	494.0000	0
15:06:36	1017.0000	479.0000	0
15:06:36	1039.0000	466.0000	0
15:06:36	1231.0000	511.0000	0
15:06:36	1225.0000	511.0000	0
15:06:36	1225.0000	501.0000	0
15:06:36	1224.0000	497.0000	0
15:06:36	1392.0000	546.0000	0
15:06:36	1379.0000	544.0000	0
15:06:36	1360.0000	540.0000	0
15:06:36	1358.0000	538.0000	0
15:06:36	1417.0000	567.0000	0
15:06:36	1429.0000	561.0000	0
15:06:36	1435.0000	564.0000	0
15:06:36	1421.0000	560.0000	0
15:06:36	1511.0000	585.0000	0
15:06:36	1530.0000	582.0000	0
15:06:36	1555.0000	584.0000	0
15:06:36	1593.0000	600.0000	0
15:06:36	1603.0000	602.0000	0
15:06:36	1623.0000	606.0000	0
15:06:36	1662.0000	607.0000	0
15:06:36	2322.0000	656.0000	0
15:06:36	2320.0000	688.0000	0
15:06:36	2299.0000	715.0000	0
15:06:36	2282.0000	729.0000	11
15:06:36	2507.0000	751.0000	0
15:06:36	2544.0000	784.0000	0
15:06:36	2595.0000	815.0000	3
15:06:36	2624.0000	831.0000	14
15:06:36	2829.0000	847.0000	0
15:06:36	2838.0000	883.0000	0
15:06:36	2827.0000	905.0000	12
15:06:36	2795.0000	932.0000	26
15:06:36	2697.0000	927.0000	0
15:06:36	2697.0000	951.0000	0
15:06:36	2709.0000	958.0000	16
15:06:36	3691.0000	990.0000	0
15:06:36	3681.0000	1053.0000	7
15:06:36	3694.0000	1082.0000	35
15:06:36	3683.0000	1113.0000	53
15:06:36	3695.0000	1151.0000	0
15:06:36	3690.0000	1184.0000	16
15:06:36	3692.0000	1201.0000	43
15:06:36	3693.0000	1220.0000	62
15:06:36	3694.0000	1245.0000	0
15:06:36	3695.0000	1265.0000	30
15:06:36	3678.0000	1268.0000	42
15:06:36	3697.0000	1279.0000	0
15:06:36	3693.0000	1290.0000	19
15:06:36	3695.0000	1293.0000	51
15:06:36	3696.0000	1300.0000	70
15:06:36	3699.0000	1324.0000	0
15:06:36	3696.0000	1328.0000	34
15:06:36	3695.0000	1328.0000	57
15:06:36	3678.0000	1339.0000	77
15:06:36	3696.0000	1354.0000	0
15:06:36	3696.0000	1352.0000	38
15:06:36	3727.0000	1347.0000	57
15:06:36	3694.0000	1359.0000	0
15:06:36	3712.0000	1353.0000	37
15:06:36	3692.0000	1339.0000	64
15:06:36	3666.0000	1344.0000	84
15:06:36	3697.0000	1377.0000	0
15:06:36	3698.0000	1370.0000	30
15:06:36	3696.0000	1356.0000	64
15:06:36	3696.0000	1355.0000	85
15:06:36	3711.0000	1390.0000	0
15:06:36	3696.0000	1371.0000	39
15:06:36	3698.0000	1350.0000	74
15:06:36	3719.0000	1385.0000	0
15:06:36	3680.0000	1360.0000	29
15:06:36	3702.0000	1360.0000	61
15:06:36	3698.0000	1361.0000	91
15:06:36	3707.0000	1385.0000	0
15:06:36	3707.0000	1373.0000	43
15:06:36	3696.0000	1364.0000	63
15:06:36	3695.0000	1366.0000	91
15:06:36	3702.0000	1391.0000	0
15:06:36	3701.0000	1377.0000	41
15:06:36	3697.0000	1372.0000	64
15:06:36	3725.0000	1392.0000	0
15:06:36	3698.0000	1377.0000	23
15:06:36	3696.0000	1375.0000	67
15:06:36	3698.0000	1370.0000	80
15:06:36	3714.0000	1397.0000	0
15:06:36	3698.0000	1384.0000	21
15:06:36	3696.0000	1378.0000	67
15:06:36	3698.0000	1373.0000	80
15:06:36	3722.0000	1395.0000	0
15:06:36	3700.0000	1388.0000	26
15:06:36	3696.0000	1380.0000	61
15:06:36	3705.0000	1383.0000	0
15:06:36	3699.0000	1375.0000	30
15:06:36	3699.0000	1371.0000	62
15:06:36	3698.0000	1369.0000	85
15:06:36	3716.0000	1374.0000	0
15:06:36	3697.0000	1385.0000	32
15:06:36	3697.0000	1368.0000	60
15:06:36	3699.0000	1378.0000	0
15:06:36	3722.0000	1396.0000	28
15:06:36	3718.0000	1369.0000	64
15:06:36	3707.0000	1355.0000	99
15:06:36	3710.0000	1392.0000	0
15:06:36	3707.0000	1388.0000	34
15:06:36	3706.0000	1375.0000	67
15:06:36	3706.0000	1371.0000	90
15:06:36	3707.0000	1398.0000	0
15:06:36	3702.0000	1391.0000	32
15:06:36	3698.0000	1383.0000	58
15:06:36	3702.0000	1391.0000	0
15:06:36	3685.0000	1386.0000	18
15:06:36	3698.0000	1378.0000	61
15:06:36	3695.0000	1372.0000	80
15:06:36	3707.0000	1398.0000	0
15:06:36	3705.0000	1390.0000	33
15:06:36	3701.0000	1383.0000	64
15:06:36	3706.0000	1367.0000	86
15:06:36	3697.0000	1398.0000	0
15:06:36	3702.0000	1387.0000	38
15:06:36	3702.0000	1381.0000	71
15:06:36	3697.0000	1391.0000	0
15:06:36	3707.0000	1382.0000	35
15:06:36	3693.0000	1375.0000	54
15:06:36	3689.0000	1374.0000	73
15:06:36	3712.0000	1399.0000	0
15:06:36	3698.0000	1390.0000	30
15:06:36	3696.0000	1382.0000	58
15:06:36	3697.0000	1376.0000	80
15:06:36	3696.0000	1396.0000	0
15:06:36	3710.0000	1395.0000	36
15:06:36	3702.0000	1387.0000	62
15:06:36	3682.0000	1378.0000	0
15:06:36	3683.0000	1396.0000	16
15:06:36	3701.0000	1379.0000	64
15:06:36	3712.0000	1382.0000	65
15:06:36	3709.0000	1400.0000	0
15:06:36	3702.0000	1391.0000	29
15:06:36	3715.0000	1385.0000	59
15:06:36	3707.0000	1390.0000	0
15:06:36	3701.0000	1380.0000	37
15:06:36	3697.0000	1371.0000	63
15:06:36	3714.0000	1375.0000	80
15:06:36	3709.0000	1395.0000	0
15:06:36	3696.0000	1386.0000	31
15:06:36	3699.0000	1380.0000	59
15:06:36	3717.0000	1381.0000	83
15:06:36	3710.0000	1403.0000	0
15:06:36	3697.0000	1394.0000	27
15:06:36	3686.0000	1386.0000	66
15:06:36	3719.0000	1392.0000	0
15:06:36	3698.0000	1385.0000	30
15:06:36	3701.0000	1372.0000	61
15:06:37	3706.0000	1376.0000	80
15:06:37	3703.0000	1398.0000	0
15:06:37	3709.0000	1387.0000	39
15:06:37	3701.0000	1378.0000	66
15:06:37	3713.0000	1372.0000	95
15:06:37	3709.0000	1411.0000	0
15:06:37	3710.0000	1395.0000	34
15:06:37	3727.0000	1399.0000	64
15:06:37	3710.0000	1393.0000	0
15:06:37	3725.0000	1400.0000	33
15:06:37	3722.0000	1376.0000	58
15:06:37	3699.0000	1363.0000	97
15:06:37	3725.0000	1411.0000	0
15:06:37	3687.0000	1399.0000	29
15:06:37	3706.0000	1387.0000	59
15:06:37	3699.0000	1373.0000	89
15:06:37	3709.0000	1407.0000	0
15:06:37	3708.0000	1395.0000	44
15:06:37	3709.0000	1385.0000	66
15:06:37	3709.0000	1406.0000	0
15:06:37	3714.0000	1384.0000	39
15:06:37	3712.0000	1375.0000	70
15:06:37	3713.0000	1370.0000	93
15:06:37	3712.0000	1405.0000	0
15:06:37	3709.0000	1390.0000	34
15:06:37	3710.0000	1383.0000	66
15:06:37	3712.0000	1393.0000	0
15:06:37	3707.0000	1386.0000	34
15:06:37	3709.0000	1373.0000	65
15:06:37	3710.0000	1373.0000	84
15:06:37	3711.0000	1397.0000	0
15:06:37	3712.0000	1387.0000	32
15:06:37	3717.0000	749.0000	0
15:06:37	3712.0000	828.0000	0
15:06:37	3706.0000	886.0000	19
15:06:37	3709.0000	935.0000	0
15:06:37	3713.0000	991.0000	16
15:06:37	3711.0000	1034.0000	33
15:06:37	3671.0000	720.0000	0
15:06:37	3679.0000	813.0000	0
15:06:37	3679.0000	879.0000	3
15:06:37	3688.0000	925.0000	0
15:06:37	3692.0000	990.0000	0
15:06:37	3698.0000	1034.0000	25
15:06:37	3691.0000	1073.0000	45
15:06:37	3687.0000	1105.0000	0
15:06:37	3689.0000	1147.0000	16
15:06:37	3693.0000	1158.0000	43
15:06:37	3686.0000	1184.0000	64
15:06:37	3064.0000	1195.0000	0
15:06:37	3024.0000	1195.0000	17
15:06:37	2963.0000	1183.0000	46
15:06:37	3141.0000	1182.0000	0
15:06:37	3291.0000	1197.0000	16
15:06:37	3447.0000	1203.0000	46
15:06:37	3530.0000	1221.0000	61
15:06:37	3695.0000	1247.0000	0
15:06:37	3678.0000	1266.0000	18
15:06:37	3685.0000	1279.0000	48
15:06:37	3691.0000	1283.0000	66
15:06:37	3658.0000	1303.0000	0
15:06:37	3621.0000	1309.0000	26
15:06:37	3583.0000	1305.0000	54
15:06:37	2799.0000	1279.0000	0
15:06:37	2767.0000	1265.0000	16
15:06:37	2723.0000	1227.0000	41
15:06:37	2695.0000	1205.0000	63
15:06:37	2197.0000	1167.0000	0
15:06:37	2178.0000	1137.0000	3
15:06:37	2155.0000	1091.0000	23
15:06:37	2131.0000	1064.0000	37
15:06:37	1717.0000	1003.0000	0
15:06:37	1707.0000	974.0000	0
15:06:37	1683.0000	929.0000	10
15:06:37	1355.0000	852.0000	0
15:06:37	1337.0000	817.0000	0
15:06:37	1323.0000	784.0000	0
15:06:37	1304.0000	747.0000	3
15:06:37	1072.0000	689.0000	0
15:06:37	1062.0000	657.0000	0
15:06:37	1047.0000	630.0000	0
15:06:37	1040.0000	598.0000	0
15:06:37	854.0000	581.0000	0
15:06:37	847.0000	553.0000	0
15:06:37	835.0000	526.0000	0
15:06:37	821.0000	496.0000	0
15:06:37	683.0000	511.0000	0
15:06:37	671.0000	478.0000	0
15:06:37	668.0000	453.0000	0
15:06:37	661.0000	432.0000	0
15:06:37	576.0000	470.0000	0
15:06:37	575.0000	448.0000	0
15:06:37	569.0000	415.0000	0
15:06:37	568.0000	395.0000	0
15:06:37	481.0000	448.0000	0
15:06:37	477.0000	420.0000	0
15:06:37	476.0000	388.0000	0
15:06:37	464.0000	365.0000	0
15:06:37	400.0000	423.0000	0
15:06:37	399.0000	406.0000	0
15:06:37	397.0000	365.0000	0
15:06:37	391.0000	432.0000	0
15:06:37	411.0000	400.0000	0
15:06:37	425.0000	375.0000	0
15:06:37	443.0000	352.0000	0
15:06:37	668.0000	434.0000	0
15:06:37	675.0000	414.0000	0
15:06:37	675.0000	396.0000	0
15:06:37	690.0000	383.0000	0
15:06:37	627.0000	448.0000	0
15:06:37	618.0000	410.0000	0
15:06:37	613.0000	400.0000	0
15:06:37	615.0000	383.0000	0
15:06:37	560.0000	451.0000	0
15:06:37	552.0000	416.0000	0
15:06:37	543.0000	392.0000	0
15:06:37	543.0000	374.0000	0
15:06:37	462.0000	437.0000	0
15:06:37	461.0000	401.0000	0
15:06:37	449.0000	379.0000	0
15:06:37	450.0000	355.0000	0
15:06:37	389.0000	422.0000	0
15:06:37	384.0000	389.0000	0
15:06:37	378.0000	363.0000	0
15:06:37	380.0000	339.0000	0
15:06:37	329.0000	413.0000	0
15:06:37	326.0000	379.0000	0
15:06:37	321.0000	349.0000	0
15:06:37	322.0000	327.0000	0
15:06:37	278.0000	406.0000	0
15:06:37	282.0000	369.0000	0
15:06:37	279.0000	338.0000	0
15:06:37	281.0000	317.0000	0
15:06:37	255.0000	400.0000	0
15:06:37	260.0000	367.0000	0
15:06:37	256.0000	336.0000	0
15:06:37	235.0000	407.0000	0
15:06:37	231.0000	370.0000	0
15:06:37	234.0000	336.0000	0
15:06:37	225.0000	306.0000	0
15:06:37	215.0000	399.0000	0
15:06:37	208.0000	355.0000	0
15:06:37	213.0000	329.0000	0
15:06:37	219.0000	305.0000	0
15:06:37	203.0000	387.0000	0
15:06:37	205.0000	354.0000	0
15:06:37	192.0000	316.0000	0
15:06:37	208.0000	302.0000	0
15:06:37	197.0000	382.0000	0
15:06:37	193.0000	351.0000	0
15:06:37	180.0000	309.0000	0
15:06:37	197.0000	301.0000	0
15:06:37	190.0000	388.0000	0
15:06:37	182.0000	348.0000	0
15:06:37	187.0000	322.0000	0
15:06:37	189.0000	294.0000	0
15:06:37	185.0000	388.0000	0
15:06:37	182.0000	349.0000	0
15:06:37	187.0000	319.0000	0
15:06:37	188.0000	291.0000	0
15:06:37	195.0000	387.0000	0
15:06:37	192.0000	349.0000	0
15:06:37	195.0000	320.0000	0
15:06:37	202.0000	295.0000	0
15:06:37	208.0000	391.0000	0
15:06:37	205.0000	346.0000	0
15:06:37	207.0000	321.0000	0
15:06:37	208.0000	296.0000	0
15:06:37	217.0000	391.0000	0
15:06:37	219.0000	358.0000	0
15:06:37	218.0000	321.0000	0
15:06:37	217.0000	298.0000	0
15:06:37	230.0000	381.0000	0
15:06:37	228.0000	355.0000	0
15:06:37	229.0000	326.0000	0
15:06:37	241.0000	400.0000	0
15:06:37	239.0000	367.0000	0
15:06:37	236.0000	336.0000	0
15:06:37	240.0000	313.0000	0
15:06:37	248.0000	399.0000	0
15:06:37	251.0000	359.0000	0
15:06:37	252.0000	333.0000	0
15:06:37	250.0000	305.0000	0
15:06:37	270.0000	397.0000	0
15:06:37	268.0000	359.0000	0
15:06:37	269.0000	333.0000	0
15:06:37	270.0000	307.0000	0
15:06:37	272.0000	400.0000	0
15:06:37	274.0000	362.0000	0
15:06:37	260.0000	338.0000	0
15:06:37	272.0000	310.0000	0
15:06:37	293.0000	403.0000	0
15:06:37	295.0000	366.0000	0
15:06:37	290.0000	337.0000	0
15:06:37	299.0000	314.0000	0
15:06:37	303.0000	406.0000	0
15:06:37	290.0000	368.0000	0
15:06:37	295.0000	337.0000	0
15:06:37	303.0000	316.0000	0
15:06:37	302.0000	400.0000	0
15:06:37	306.0000	368.0000	0
15:06:37	310.0000	348.0000	0
15:06:37	306.0000	317.0000	0
15:06:37	304.0000	401.0000	0
15:06:37	308.0000	369.0000	0
15:06:37	306.0000	350.0000	0
15:06:37	304.0000	318.0000	0
15:06:37	309.0000	402.0000	0
15:06:37	313.0000	369.0000	0
15:06:37	311.0000	351.0000	0
15:06:37	301.0000	403.0000	0
15:06:37	305.0000	381.0000	0
15:06:37	304.0000	351.0000	0
15:06:37	297.0000	327.0000	0
15:06:37	294.0000	397.0000	0
15:06:37	289.0000	368.0000	0
15:06:37	294.0000	339.0000	0
15:06:37	283.0000	317.0000	0
15:06:37	293.0000	401.0000	0
15:06:37	288.0000	368.0000	0
15:06:37	292.0000	340.0000	0
15:06:37	302.0000	322.0000	0
15:06:37	285.0000	400.0000	0
15:06:37	279.0000	365.0000	0
15:06:37	283.0000	337.0000	0
15:06:37	290.0000	321.0000	0
15:06:37	273.0000	401.0000	0
15:06:37	278.0000	369.0000	0
15:06:37	272.0000	335.0000	0
15:06:37	273.0000	319.0000	0
15:06:37	271.0000	400.0000	0
15:06:37	272.0000	369.0000	0
15:06:37	265.0000	336.0000	0
15:06:37	265.0000	319.0000	0
15:06:37	270.0000	399.0000	0
15:06:37	268.0000	369.0000	0
15:06:37	266.0000	336.0000	0
15:06:37	263.0000	309.0000	0
15:06:37	260.0000	400.0000	0
15:06:37	261.0000	363.0000	0
15:06:37	259.0000	333.0000	0
15:06:37	262.0000	307.0000	0
15:06:37	244.0000	399.0000	0
15:06:37	245.0000	362.0000	0
15:06:37	243.0000	330.0000	0
15:06:37	233.0000	406.0000	0
15:06:37	229.0000	368.0000	0
15:06:37	230.0000	336.0000	0
15:06:37	231.0000	308.0000	0
15:06:38	222.0000	391.0000	0
15:06:38	222.0000	360.0000	0
15:06:38	222.0000	320.0000	0
15:06:38	220.0000	304.0000	0
15:06:38	209.0000	391.0000	0
15:06:38	208.0000	354.0000	0
15:06:38	217.0000	323.0000	0
15:06:38	211.0000	299.0000	0
15:06:38	209.0000	391.0000	0
15:06:38	208.0000	353.0000	0
15:06:38	208.0000	325.0000	0
15:06:38	206.0000	301.0000	0
15:06:38	199.0000	391.0000	0
15:06:38	197.0000	353.0000	0
15:06:38	198.0000	320.0000	0
15:06:38	197.0000	296.0000	0
15:06:38	188.0000	387.0000	0
15:06:38	187.0000	348.0000	0
15:06:38	189.0000	318.0000	0
15:06:38	183.0000	293.0000	0
15:06:38	178.0000	377.0000	0
15:06:38	176.0000	352.0000	0
15:06:38	177.0000	319.0000	0
15:06:38	177.0000	293.0000	0
15:06:38	176.0000	387.0000	0
15:06:38	173.0000	349.0000	0
15:06:38	174.0000	318.0000	0
15:06:38	174.0000	292.0000	0
15:06:38	174.0000	387.0000	0
15:06:38	170.0000	349.0000	0
15:06:38	167.0000	317.0000	0
15:06:38	164.0000	398.0000	0
15:06:38	163.0000	354.0000	0
15:06:38	166.0000	322.0000	0
15:06:38	164.0000	294.0000	0
15:06:38	161.0000	386.0000	0
15:06:38	162.0000	346.0000	0
15:06:38	160.0000	318.0000	0
15:06:38	157.0000	288.0000	0
15:06:38	157.0000	386.0000	0
15:06:38	154.0000	337.0000	0
15:06:38	161.0000	314.0000	0
15:06:38	145.0000	278.0000	0
15:06:38	158.0000	376.0000	0
15:06:38	154.0000	333.0000	0
15:06:38	157.0000	311.0000	0
15:06:38	161.0000	276.0000	0
15:06:38	160.0000	390.0000	0
15:06:38	155.0000	334.0000	0
15:06:38	157.0000	309.0000	0
15:06:38	145.0000	275.0000	0
15:06:38	161.0000	384.0000	0
15:06:38	157.0000	341.0000	0
15:06:38	150.0000	312.0000	0
15:06:38	161.0000	274.0000	0
15:06:38	160.0000	389.0000	0
15:06:38	160.0000	341.0000	0
15:06:38	154.0000	309.0000	0
15:06:38	160.0000	287.0000	0
15:06:38	164.0000	384.0000	0
15:06:38	167.0000	346.0000	0
15:06:38	169.0000	314.0000	0
15:06:38	178.0000	290.0000	0
15:06:38	469.0000	398.0000	0
15:06:38	477.0000	371.0000	0
15:06:38	495.0000	349.0000	0
15:06:38	797.0000	443.0000	0
15:06:38	799.0000	422.0000	0
15:06:38	799.0000	411.0000	0
15:06:38	801.0000	400.0000	0
15:06:38	723.0000	449.0000	0
15:06:38	719.0000	433.0000	0
15:06:38	714.0000	405.0000	0
15:06:38	710.0000	401.0000	0
15:06:38	688.0000	458.0000	0
15:06:38	674.0000	432.0000	0
15:06:38	675.0000	413.0000	0
15:06:38	673.0000	401.0000	0
15:06:38	679.0000	455.0000	0
15:06:38	663.0000	428.0000	0
15:06:38	663.0000	409.0000	0
15:06:38	658.0000	400.0000	0
15:06:38	715.0000	454.0000	0
15:06:38	709.0000	438.0000	0
15:06:38	698.0000	413.0000	0
15:06:38	690.0000	403.0000	0
15:06:38	816.0000	464.0000	0
15:06:38	816.0000	450.0000	0
15:06:38	813.0000	424.0000	0
15:06:38	818.0000	425.0000	0
15:06:38	765.0000	464.0000	0
15:06:38	759.0000	450.0000	0
15:06:38	750.0000	428.0000	0
15:06:38	747.0000	421.0000	0
15:06:38	755.0000	458.0000	0
15:06:38	810.0000	449.0000	0
15:06:38	850.0000	439.0000	0
15:06:38	893.0000	422.0000	0
15:06:38	1134.0000	486.0000	0
15:06:38	1141.0000	490.0000	0
15:06:38	1152.0000	473.0000	0
15:06:38	1038.0000	510.0000	0
15:06:38	1040.0000	494.0000	0
15:06:38	1038.0000	482.0000	0
15:06:38	1023.0000	473.0000	0
15:06:38	1392.0000	528.0000	0
15:06:38	1395.0000	528.0000	0
15:06:38	1406.0000	538.0000	0
15:06:38	1392.0000	531.0000	0
15:06:38	1225.0000	553.0000	0
15:06:38	1211.0000	538.0000	0
15:06:38	1198.0000	528.0000	0
15:06:38	1184.0000	522.0000	0
15:06:38	1056.0000	528.0000	0
15:06:38	1051.0000	511.0000	0
15:06:38	1051.0000	511.0000	0
15:06:38	958.0000	511.0000	0
15:06:38	970.0000	502.0000	0
15:06:38	958.0000	486.0000	0
15:06:38	945.0000	470.0000	0
15:06:38	1019.0000	510.0000	0
15:06:38	1061.0000	496.0000	0
15:06:38	1104.0000	486.0000	0
15:06:38	1152.0000	481.0000	0
15:06:38	1567.0000	543.0000	0
15:06:38	1570.0000	559.0000	0
15:06:38	1565.0000	562.0000	0
15:06:38	1563.0000	561.0000	0
15:06:38	1430.0000	580.0000	0
15:06:38	1411.0000	573.0000	0
15:06:38	1398.0000	571.0000	0
15:06:38	1392.0000	564.0000	0
15:06:38	1211.0000	574.0000	0
15:06:38	1194.0000	544.0000	0
15:06:38	1188.0000	544.0000	0
15:06:38	1126.0000	560.0000	0
15:06:38	1120.0000	533.0000	0
15:06:38	1118.0000	524.0000	0
15:06:38	1118.0000	507.0000	0
15:06:38	1046.0000	543.0000	0
15:06:38	1033.0000	510.0000	0
15:06:38	1021.0000	496.0000	0
15:06:38	1021.0000	482.0000	0
15:06:38	917.0000	523.0000	0
15:06:38	923.0000	496.0000	0
15:06:38	912.0000	469.0000	0
15:06:38	911.0000	455.0000	0
15:06:38	860.0000	496.0000	0
15:06:38	848.0000	467.0000	0
15:06:38	839.0000	453.0000	0
15:06:38	839.0000	437.0000	0
15:06:38	1317.0000	511.0000	0
15:06:38	1354.0000	511.0000	0
15:06:38	1395.0000	507.0000	0
15:06:38	1454.0000	511.0000	0
15:06:38	1712.0000	576.0000	0
15:06:38	1689.0000	576.0000	0
15:06:38	1667.0000	583.0000	0
15:06:38	1427.0000	598.0000	0
15:06:38	1424.0000	592.0000	0
15:06:38	1406.0000	581.0000	0
15:06:38	1392.0000	576.0000	0
15:06:38	1200.0000	576.0000	0
15:06:38	1198.0000	567.0000	0
15:06:38	1174.0000	544.0000	0
15:06:38	1163.0000	530.0000	0
15:06:38	954.0000	542.0000	0
15:06:38	955.0000	528.0000	0
15:06:39	938.0000	495.0000	0
15:06:39	914.0000	481.0000	0
15:06:39	755.0000	500.0000	0
15:06:39	750.0000	472.0000	0
15:06:39	737.0000	450.0000	0
15:06:39	730.0000	432.0000	0
15:06:39	605.0000	467.0000	0
15:06:39	598.0000	439.0000	0
15:06:39	592.0000	418.0000	0
15:06:39	586.0000	396.0000	0
15:06:39	487.0000	448.0000	0
15:06:39	481.0000	416.0000	0
15:06:39	478.0000	388.0000	0
15:06:39	410.0000	448.0000	0
15:06:39	409.0000	413.0000	0
15:06:39	400.0000	378.0000	0
15:06:39	401.0000	352.0000	0
15:06:39	347.0000	431.0000	0
15:06:39	337.0000	384.0000	0
15:06:39	336.0000	356.0000	0
15:06:39	334.0000	334.0000	0
15:06:39	297.0000	418.0000	0
15:06:39	293.0000	375.0000	0
15:06:39	288.0000	353.0000	0
15:06:39	286.0000	320.0000	0
15:06:39	267.0000	411.0000	0
15:06:39	260.0000	366.0000	0
15:06:39	259.0000	340.0000	0
15:06:39	265.0000	309.0000	0
15:06:39	239.0000	405.0000	0
15:06:39	238.0000	361.0000	0
15:06:39	233.0000	339.0000	0
15:06:39	233.0000	304.0000	0
15:06:39	219.0000	401.0000	0
15:06:39	219.0000	357.0000	0
15:06:39	216.0000	336.0000	0
15:06:39	215.0000	303.0000	0
15:06:39	213.0000	398.0000	0
15:06:39	211.0000	353.0000	0
15:06:39	207.0000	334.0000	0
15:06:39	208.0000	299.0000	0
15:06:39	211.0000	388.0000	0
15:06:39	223.0000	355.0000	0
15:06:39	241.0000	335.0000	0
15:06:39	242.0000	300.0000	0
15:06:39	291.0000	391.0000	0
15:06:39	295.0000	362.0000	0
15:06:39	306.0000	346.0000	0
15:06:39	310.0000	313.0000	0
15:06:39	365.0000	400.0000	0
15:06:39	366.0000	377.0000	0
15:06:39	356.0000	353.0000	0
15:06:39	378.0000	406.0000	0
15:06:39	406.0000	386.0000	0
15:06:39	401.0000	359.0000	0
15:06:39	412.0000	347.0000	0
15:06:39	493.0000	419.0000	0
15:06:39	502.0000	400.0000	0
15:06:39	510.0000	370.0000	0
15:06:39	525.0000	364.0000	0
15:06:39	503.0000	429.0000	0
15:06:39	505.0000	406.0000	0
15:06:39	499.0000	375.0000	0
15:06:39	500.0000	368.0000	0
15:06:39	448.0000	429.0000	0
15:06:39	436.0000	403.0000	0
15:06:39	448.0000	371.0000	0
15:06:39	446.0000	350.0000	0
15:06:39	394.0000	422.0000	0
15:06:39	392.0000	397.0000	0
15:06:39	387.0000	362.0000	0
15:06:39	384.0000	336.0000	0
15:06:39	544.0000	423.0000	0
15:06:39	617.0000	407.0000	0
15:06:39	697.0000	384.0000	0
15:06:39	757.0000	376.0000	0
15:06:39	1134.0000	464.0000	0
15:06:39	1167.0000	466.0000	0
15:06:39	1171.0000	460.0000	0
15:06:39	1194.0000	461.0000	0
15:06:39	1087.0000	502.0000	0
15:06:39	1095.0000	496.0000	0
15:06:39	1085.0000	476.0000	0
15:06:39	1041.0000	509.0000	0
15:06:39	1038.0000	496.0000	0
15:06:39	1039.0000	495.0000	0
15:06:39	1018.0000	472.0000	0
15:06:39	902.0000	496.0000	0
15:06:39	899.0000	486.0000	0
15:06:39	894.0000	474.0000	0
15:06:39	868.0000	449.0000	0
15:06:39	767.0000	483.0000	0
15:06:39	770.0000	461.0000	0
15:06:39	768.0000	449.0000	0
15:06:39	753.0000	426.0000	0
15:06:39	631.0000	464.0000	0
15:06:39	639.0000	437.0000	0
15:06:39	637.0000	426.0000	0
15:06:39	624.0000	400.0000	0
15:06:39	566.0000	451.0000	0
15:06:39	573.0000	418.0000	0
15:06:39	575.0000	407.0000	0
15:06:39	562.0000	378.0000	0
15:06:40	539.0000	439.0000	0
15:06:40	551.0000	414.0000	0
15:06:40	566.0000	401.0000	0
15:06:40	606.0000	374.0000	0
15:06:40	974.0000	461.0000	0
15:06:40	997.0000	447.0000	0
15:06:40	1010.0000	450.0000	0
15:06:40	899.0000	487.0000	0
15:06:40	896.0000	465.0000	0
15:06:40	886.0000	458.0000	0
15:06:40	886.0000	448.0000	0
15:06:40	927.0000	487.0000	0
15:06:40	925.0000	475.0000	0
15:06:40	909.0000	453.0000	0
15:06:40	897.0000	442.0000	0
15:06:40	953.0000	490.0000	0
15:06:40	973.0000	480.0000	0
15:06:40	975.0000	463.0000	0
15:06:40	978.0000	449.0000	0
15:06:40	997.0000	483.0000	0
15:06:40	1011.0000	481.0000	0
15:06:40	1015.0000	469.0000	0
15:06:40	1036.0000	469.0000	0
15:06:40	976.0000	500.0000	0
15:06:40	985.0000	493.0000	0
15:06:40	987.0000	471.0000	0
15:06:40	1008.0000	465.0000	0
15:06:40	1136.0000	496.0000	0
15:06:40	1173.0000	496.0000	0
15:06:40	1179.0000	499.0000	0
15:06:40	1191.0000	489.0000	0
15:06:40	1140.0000	511.0000	0
15:06:40	1168.0000	526.0000	0
15:06:40	1173.0000	510.0000	0
15:06:40	1207.0000	535.0000	0
15:06:40	1200.0000	527.0000	0
15:06:40	1193.0000	528.0000	0
15:06:40	1179.0000	503.0000	0
15:06:40	1222.0000	539.0000	0
15:06:40	1221.0000	528.0000	0
15:06:40	1223.0000	529.0000	0
15:06:40	1229.0000	511.0000	0
15:06:40	1132.0000	540.0000	0
15:06:40	1119.0000	525.0000	0
15:06:40	1109.0000	511.0000	0
15:06:40	1093.0000	496.0000	0
15:06:40	1319.0000	540.0000	0
15:06:40	1305.0000	531.0000	0
15:06:40	1296.0000	533.0000	0
15:06:40	1338.0000	558.0000	0
15:06:40	1341.0000	549.0000	0
15:06:40	1351.0000	547.0000	0
15:06:40	1365.0000	554.0000	0
15:06:40	1651.0000	579.0000	0
15:06:40	1654.0000	581.0000	0
15:06:40	1662.0000	592.0000	0
15:06:40	1670.0000	608.0000	0
15:06:40	1674.0000	614.0000	0
15:06:40	1651.0000	614.0000	0
15:06:40	1632.0000	608.0000	0
15:06:40	1623.0000	621.0000	0
15:06:40	1360.0000	611.0000	0
15:06:40	1344.0000	598.0000	0
15:06:40	1331.0000	589.0000	0
15:06:40	1323.0000	589.0000	0
15:06:40	1313.0000	583.0000	0
15:06:40	1296.0000	578.0000	0
15:06:40	1287.0000	563.0000	0
15:06:40	1200.0000	566.0000	0
15:06:40	1247.0000	559.0000	0
15:06:40	1296.0000	554.0000	0
15:06:40	1363.0000	549.0000	0
15:06:40	1669.0000	582.0000	0
15:06:40	1683.0000	591.0000	0
15:06:40	1698.0000	599.0000	0
15:06:40	1722.0000	607.0000	0
15:06:40	1774.0000	620.0000	0
15:06:40	1753.0000	625.0000	0
15:06:40	1738.0000	634.0000	0
15:06:40	1729.0000	640.0000	0
15:06:40	1641.0000	638.0000	0
15:06:40	1625.0000	638.0000	0
15:06:40	1619.0000	637.0000	0
15:06:40	1643.0000	638.0000	0
15:06:40	1637.0000	635.0000	0
15:06:40	1646.0000	637.0000	0
15:06:40	1651.0000	636.0000	0
15:06:40	1707.0000	640.0000	0
15:06:40	1695.0000	641.0000	0
15:06:40	1665.0000	640.0000	0
15:06:40	1646.0000	640.0000	0
15:06:40	1791.0000	635.0000	0
15:06:40	1792.0000	655.0000	0
15:06:40	1795.0000	657.0000	0
15:06:40	1793.0000	662.0000	0
15:06:40	2070.0000	673.0000	0
15:06:40	2054.0000	690.0000	0
15:06:40	2032.0000	703.0000	0
15:06:40	2038.0000	709.0000	3
15:06:40	2233.0000	718.0000	0
15:06:40	2261.0000	743.0000	0
15:06:40	2289.0000	766.0000	0
15:06:40	2218.0000	751.0000	0
15:06:40	2230.0000	767.0000	0
15:06:40	2237.0000	784.0000	0
15:06:40	2235.0000	782.0000	13
15:06:40	2113.0000	769.0000	0
15:06:40	2115.0000	779.0000	0
15:06:40	2129.0000	783.0000	0
15:06:40	2119.0000	785.0000	12
15:06:40	2001.0000	768.0000	0
15:06:40	2078.0000	774.0000	0
15:06:40	2131.0000	774.0000	4
15:06:40	2160.0000	776.0000	12
15:06:40	2417.0000	784.0000	0
15:06:40	2469.0000	813.0000	0
15:06:40	2519.0000	830.0000	3
15:06:40	2334.0000	810.0000	0
15:06:40	2332.0000	830.0000	0
15:06:40	2331.0000	841.0000	2
15:06:40	2342.0000	846.0000	16
15:06:40	2491.0000	843.0000	0
15:06:40	2481.0000	863.0000	0
15:06:40	2471.0000	878.0000	7
15:06:40	2461.0000	884.0000	25
15:06:40	3209.0000	903.0000	0
15:06:40	3251.0000	960.0000	0
15:06:40	3306.0000	991.0000	23
15:06:40	3371.0000	1024.0000	46
15:06:40	3475.0000	1043.0000	0
15:06:40	3408.0000	1097.0000	9
15:06:40	3363.0000	1119.0000	21
15:06:40	2919.0000	1101.0000	0
15:06:40	2897.0000	1115.0000	11
15:06:40	2872.0000	1124.0000	37
15:06:40	2838.0000	1107.0000	53
15:06:40	2449.0000	1082.0000	0
15:06:40	2433.0000	1078.0000	6
15:06:40	2414.0000	1057.0000	37
15:06:40	2391.0000	1040.0000	45
15:06:40	2692.0000	1046.0000	0
15:06:40	2709.0000	1050.0000	15
15:06:40	2723.0000	1050.0000	18
15:06:40	3213.0000	1058.0000	0
15:06:40	3174.0000	1092.0000	16
15:06:40	3120.0000	1101.0000	30
15:06:40	3071.0000	1103.0000	48
15:06:40	2673.0000	1100.0000	0
15:06:40	2741.0000	1102.0000	13
15:06:40	2800.0000	1093.0000	37
15:06:40	2953.0000	1092.0000	0
15:06:40	2992.0000	1106.0000	12
15:06:40	3005.0000	1100.0000	38
15:06:40	3019.0000	1112.0000	55
15:06:40	2992.0000	1124.0000	0
15:06:40	3037.0000	1137.0000	18
15:06:40	3095.0000	1135.0000	43
15:06:40	3146.0000	1145.0000	61
15:06:40	3066.0000	1157.0000	0
15:06:40	3054.0000	1169.0000	16
15:06:40	3019.0000	1157.0000	47
15:06:40	2679.0000	1136.0000	0
15:06:40	2659.0000	1132.0000	16
15:06:40	3711.0000	737.0000	0
15:06:40	3714.0000	828.0000	0
15:06:40	3710.0000	883.0000	16
15:06:40	3706.0000	925.0000	0
15:06:40	3710.0000	989.0000	7
15:06:40	3707.0000	1030.0000	35
15:06:40	3685.0000	724.0000	0
15:06:40	3687.0000	813.0000	0
15:06:40	3691.0000	891.0000	3
15:06:40	3702.0000	918.0000	0
15:06:40	3703.0000	988.0000	1
15:06:40	3705.0000	1036.0000	28
15:06:40	3706.0000	1076.0000	48
15:06:40	3707.0000	1104.0000	0
15:06:40	3702.0000	1147.0000	16
15:06:40	3707.0000	1159.0000	46
15:06:40	3702.0000	1193.0000	59
15:06:40	3707.0000	1216.0000	0
15:06:40	3706.0000	1242.0000	26
15:06:40	3709.0000	1246.0000	49
15:06:40	3703.0000	1261.0000	0
15:06:40	3699.0000	1278.0000	23
15:06:40	3686.0000	1281.0000	43
15:06:40	3703.0000	1288.0000	80
15:06:40	3712.0000	1318.0000	0
15:06:40	3701.0000	1314.0000	25
15:06:40	3703.0000	1322.0000	53
15:06:40	3715.0000	1326.0000	73
15:06:40	3707.0000	1346.0000	0
15:06:40	3700.0000	1346.0000	22
15:06:40	3707.0000	1352.0000	54
15:06:40	3699.0000	1351.0000	0
15:06:40	3706.0000	1354.0000	28
15:06:40	3707.0000	1341.0000	57
15:06:40	3706.0000	1348.0000	80
15:06:40	3705.0000	1371.0000	0
15:06:40	3703.0000	1366.0000	26
15:06:40	3701.0000	1363.0000	53
15:06:40	3702.0000	1364.0000	80
15:06:40	3711.0000	1385.0000	0
15:06:40	3687.0000	1377.0000	18
15:06:40	3705.0000	1373.0000	62
15:06:40	3709.0000	1374.0000	0
15:06:40	3699.0000	1371.0000	29
15:06:40	3702.0000	1364.0000	57
15:06:40	3701.0000	1366.0000	79
15:06:40	3696.0000	1376.0000	0
15:06:40	3709.0000	1378.0000	28
15:06:40	3705.0000	1374.0000	61
15:06:41	3712.0000	1375.0000	81
15:06:41	3697.0000	1392.0000	0
15:06:41	3698.0000	1388.0000	31
15:06:41	3709.0000	1380.0000	64
15:06:41	3703.0000	1381.0000	0
15:06:41	3693.0000	1382.0000	19
15:06:41	3710.0000	1373.0000	63
15:06:41	3691.0000	1366.0000	72
15:06:41	3711.0000	1394.0000	0
15:06:41	3708.0000	1387.0000	29
15:06:41	3697.0000	1385.0000	61
15:06:41	3682.0000	1372.0000	73
15:06:41	3703.0000	1399.0000	0
15:06:41	3706.0000	1391.0000	29
15:06:41	3700.0000	1388.0000	61
15:06:41	3713.0000	1390.0000	0
15:06:41	3701.0000	1378.0000	29
15:06:41	3706.0000	1376.0000	58
15:06:41	3707.0000	1372.0000	80
15:06:41	3709.0000	1395.0000	0
15:06:41	3703.0000	1387.0000	29
15:06:41	3711.0000	1381.0000	62
15:06:41	3699.0000	1379.0000	80
15:06:41	3707.0000	1404.0000	0
15:06:41	3701.0000	1390.0000	26
15:06:41	3703.0000	1383.0000	61
15:06:41	3709.0000	1391.0000	0
15:06:41	3697.0000	1385.0000	27
15:06:41	3707.0000	1379.0000	59
15:06:41	3702.0000	1375.0000	79
15:06:41	3707.0000	1395.0000	0
15:06:41	3699.0000	1396.0000	26
15:06:41	3711.0000	1380.0000	59
15:06:41	3699.0000	1383.0000	80
15:06:41	3706.0000	1402.0000	0
15:06:41	3702.0000	1393.0000	29
15:06:41	3703.0000	1384.0000	59
15:06:41	3709.0000	1391.0000	0
15:06:41	3703.0000	1378.0000	38
15:06:41	3699.0000	1369.0000	67
15:06:41	3703.0000	1364.0000	84
15:06:41	3698.0000	1396.0000	0
15:06:41	3702.0000	1388.0000	35
15:06:41	3686.0000	1361.0000	64
15:06:41	3703.0000	1373.0000	82
15:06:41	3707.0000	1399.0000	0
15:06:41	3703.0000	1390.0000	34
15:06:41	3699.0000	1384.0000	64
15:06:41	3709.0000	1391.0000	0
15:06:41	3699.0000	1384.0000	30
15:06:41	3702.0000	1373.0000	61
15:06:41	3703.0000	1371.0000	79
15:06:41	3699.0000	1397.0000	0
15:06:41	3698.0000	1392.0000	30
15:06:41	3707.0000	1380.0000	64
15:06:41	3711.0000	1382.0000	80
15:06:41	3706.0000	1402.0000	0
15:06:41	3698.0000	1394.0000	30
15:06:41	3698.0000	1386.0000	61
15:06:41	3703.0000	1392.0000	0
15:06:41	3698.0000	1385.0000	30
15:06:41	3703.0000	1375.0000	58
15:06:41	3705.0000	1374.0000	80
15:06:41	3709.0000	1398.0000	0
15:06:41	3699.0000	1392.0000	30
15:06:41	3696.0000	1382.0000	59
15:06:41	3702.0000	1392.0000	0
15:06:41	3699.0000	1383.0000	40
15:06:41	3696.0000	1376.0000	59
15:06:41	3693.0000	1374.0000	80
15:06:41	3705.0000	1398.0000	0
15:06:41	3692.0000	1392.0000	30
15:06:41	3696.0000	1381.0000	59
15:06:41	3702.0000	1384.0000	80
15:06:41	3706.0000	1405.0000	0
15:06:41	3684.0000	1397.0000	16
15:06:41	3707.0000	1391.0000	58
15:06:41	3702.0000	1392.0000	0
15:06:41	3696.0000	1389.0000	41
15:06:41	3712.0000	1381.0000	54
15:06:41	3694.0000	1373.0000	78
15:06:41	3703.0000	1398.0000	0
15:06:41	3699.0000	1392.0000	19
15:06:41	3706.0000	1387.0000	50
15:06:41	3701.0000	1380.0000	79
15:06:41	3698.0000	1402.0000	0
15:06:41	3685.0000	1395.0000	29
15:06:41	3696.0000	1386.0000	58
15:06:41	3699.0000	1392.0000	0
15:06:41	3695.0000	1384.0000	37
15:06:41	3693.0000	1376.0000	58
15:06:41	3695.0000	1375.0000	78
15:06:41	3696.0000	1396.0000	0
15:06:41	3694.0000	1390.0000	38
15:06:41	3694.0000	1380.0000	57
15:06:41	3695.0000	1380.0000	80
15:06:41	3695.0000	1403.0000	0
15:06:41	3686.0000	1388.0000	41
15:06:41	3687.0000	1384.0000	62
15:06:41	3699.0000	1398.0000	0
15:06:41	3691.0000	1381.0000	30
15:06:41	3696.0000	1375.0000	65
15:06:41	3692.0000	1376.0000	80
15:06:41	3707.0000	1407.0000	0
15:06:41	3696.0000	1390.0000	32
15:06:41	3693.0000	1363.0000	71
15:06:41	3687.0000	1375.0000	80
15:06:41	3703.0000	1408.0000	0
15:06:41	3683.0000	1390.0000	25
15:06:41	3684.0000	1375.0000	67
15:06:41	3696.0000	1394.0000	0
15:06:41	3676.0000	1381.0000	34
15:06:41	3679.0000	1376.0000	64
15:06:41	3662.0000	1369.0000	80
15:06:41	2880.0000	1359.0000	0
15:06:41	2854.0000	1329.0000	29
15:06:41	2833.0000	1298.0000	48
15:06:41	2822.0000	1273.0000	71
15:06:41	3181.0000	1281.0000	0
15:06:41	3216.0000	1279.0000	23
15:06:41	3193.0000	1265.0000	49
15:06:41	3709.0000	1278.0000	0
15:06:41	3698.0000	1296.0000	16
15:06:41	3687.0000	1296.0000	55
15:06:41	3686.0000	1303.0000	70
15:06:41	3706.0000	1327.0000	0
15:06:41	3685.0000	1330.0000	31
15:06:41	3724.0000	1326.0000	60
15:06:41	3685.0000	1330.0000	80
15:06:41	3190.0000	1335.0000	0
15:06:41	3169.0000	1317.0000	31
15:06:41	3130.0000	1299.0000	55
15:06:41	2509.0000	1251.0000	0
15:06:41	2500.0000	1236.0000	11
15:06:41	2471.0000	1211.0000	24
15:06:41	2448.0000	1168.0000	50
15:06:42	1953.0000	1104.0000	0
15:06:42	1950.0000	1088.0000	0
15:06:42	1923.0000	1062.0000	7
15:06:42	1904.0000	1004.0000	29
15:06:42	1681.0000	946.0000	0
15:06:42	1684.0000	927.0000	0
15:06:42	1683.0000	890.0000	3
15:06:42	1438.0000	823.0000	0
15:06:42	1425.0000	791.0000	0
15:06:42	1409.0000	773.0000	0
15:06:42	1393.0000	737.0000	0
15:06:42	1447.0000	704.0000	0
15:06:42	1483.0000	688.0000	0
15:06:42	1520.0000	678.0000	0
15:06:42	1535.0000	671.0000	0
15:06:42	1988.0000	684.0000	0
15:06:42	2005.0000	697.0000	0
15:06:42	2018.0000	711.0000	0
15:06:42	2019.0000	718.0000	1
15:06:42	1777.0000	702.0000	0
15:06:42	1769.0000	701.0000	0
15:06:42	1762.0000	699.0000	0
15:06:42	1598.0000	684.0000	0
15:06:42	1579.0000	672.0000	0
15:06:42	1563.0000	665.0000	0
15:06:42	1535.0000	660.0000	0
15:06:42	1335.0000	640.0000	0
15:06:42	1322.0000	621.0000	0
15:06:42	1313.0000	609.0000	0
15:06:42	1299.0000	595.0000	0
15:06:42	1063.0000	588.0000	0
15:06:42	1047.0000	560.0000	0
15:06:42	1040.0000	545.0000	0
15:06:42	1023.0000	528.0000	0
15:06:42	846.0000	538.0000	0
15:06:42	832.0000	502.0000	0
15:06:42	837.0000	483.0000	0
15:06:42	820.0000	463.0000	0
15:06:42	673.0000	495.0000	0
15:06:42	661.0000	462.0000	0
15:06:42	656.0000	437.0000	0
15:06:42	654.0000	419.0000	0
15:06:42	543.0000	464.0000	0
15:06:42	542.0000	433.0000	0
15:06:42	533.0000	404.0000	0
15:06:42	447.0000	454.0000	0
15:06:42	423.0000	408.0000	0
15:06:42	437.0000	394.0000	0
15:06:42	434.0000	379.0000	0
15:06:42	422.0000	434.0000	0
15:06:42	421.0000	400.0000	0
15:06:42	420.0000	375.0000	0
15:06:42	420.0000	363.0000	0
15:06:42	459.0000	424.0000	0
15:06:42	457.0000	387.0000	0
15:06:42	464.0000	377.0000	0
15:06:42	469.0000	355.0000	0
15:06:42	555.0000	434.0000	0
15:06:42	564.0000	406.0000	0
15:06:42	572.0000	389.0000	0
15:06:42	576.0000	369.0000	0
15:06:42	539.0000	433.0000	0
15:06:42	556.0000	410.0000	0
15:06:42	575.0000	400.0000	0
15:06:42	581.0000	369.0000	0
15:06:42	605.0000	445.0000	0
15:06:42	615.0000	420.0000	0
15:06:42	619.0000	410.0000	0
15:06:42	606.0000	383.0000	0
15:06:42	629.0000	445.0000	0
15:06:42	634.0000	427.0000	0
15:06:42	631.0000	414.0000	0
15:06:42	624.0000	385.0000	0
15:06:42	656.0000	450.0000	0
15:06:42	675.0000	429.0000	0
15:06:42	683.0000	419.0000	0
15:06:42	673.0000	394.0000	0
15:06:42	699.0000	457.0000	0
15:06:42	704.0000	433.0000	0
15:06:42	700.0000	426.0000	0
15:06:42	595.0000	463.0000	0
15:06:42	595.0000	433.0000	0
15:06:42	591.0000	410.0000	0
15:06:42	596.0000	400.0000	0
15:06:42	656.0000	451.0000	0
15:06:42	739.0000	432.0000	0
15:06:42	859.0000	414.0000	0
15:06:42	970.0000	430.0000	0
15:06:42	1777.0000	528.0000	0
15:06:42	1801.0000	544.0000	0
15:06:42	1822.0000	566.0000	0
15:06:42	1833.0000	592.0000	0
15:06:42	1590.0000	597.0000	0
15:06:42	1575.0000	593.0000	0
15:06:42	1569.0000	598.0000	0
15:06:42	1566.0000	607.0000	0
15:06:42	1360.0000	596.0000	0
15:06:42	1341.0000	586.0000	0
15:06:42	1334.0000	578.0000	0
15:06:42	1326.0000	577.0000	0
15:06:42	1091.0000	570.0000	0
15:06:42	1074.0000	549.0000	0
15:06:42	1071.0000	531.0000	0
15:06:42	875.0000	545.0000	0
15:06:42	864.0000	507.0000	0
15:06:42	848.0000	488.0000	0
15:06:42	848.0000	467.0000	0
15:06:42	698.0000	498.0000	0
15:06:42	688.0000	465.0000	0
15:06:42	678.0000	444.0000	0
15:06:42	676.0000	427.0000	0
15:06:42	570.0000	464.0000	0
15:06:42	563.0000	432.0000	0
15:06:42	555.0000	407.0000	0
15:06:42	554.0000	388.0000	0
15:06:42	464.0000	443.0000	0
15:06:42	464.0000	413.0000	0
15:06:42	458.0000	384.0000	0
15:06:42	455.0000	366.0000	0
15:06:42	400.0000	431.0000	0
15:06:42	401.0000	397.0000	0
15:06:42	394.0000	368.0000	0
15:06:42	398.0000	349.0000	0
15:06:42	349.0000	420.0000	0
15:06:42	352.0000	385.0000	0
15:06:42	347.0000	355.0000	0
15:06:42	346.0000	336.0000	0
15:06:42	305.0000	414.0000	0
15:06:42	304.0000	373.0000	0
15:06:42	298.0000	349.0000	0
15:06:42	290.0000	315.0000	0
15:06:42	270.0000	402.0000	0
15:06:42	258.0000	361.0000	0
15:06:42	260.0000	339.0000	0
15:06:42	269.0000	305.0000	0
15:06:42	244.0000	400.0000	0
15:06:42	243.0000	365.0000	0
15:06:42	242.0000	336.0000	0
15:06:42	235.0000	411.0000	0
15:06:42	224.0000	369.0000	0
15:06:42	229.0000	337.0000	0
15:06:42	230.0000	316.0000	0
15:06:42	213.0000	398.0000	0
15:06:42	208.0000	359.0000	0
15:06:42	210.0000	330.0000	0
15:06:42	214.0000	304.0000	0
15:06:42	206.0000	397.0000	0
15:06:42	205.0000	355.0000	0
15:06:42	208.0000	327.0000	0
15:06:42	208.0000	301.0000	0
15:06:42	201.0000	397.0000	0
15:06:42	199.0000	355.0000	0
15:06:42	199.0000	330.0000	0
15:06:42	201.0000	303.0000	0
15:06:42	202.0000	395.0000	0
15:06:42	205.0000	355.0000	0
15:06:43	203.0000	327.0000	0
15:06:43	210.0000	307.0000	0
15:06:43	202.0000	391.0000	0
15:06:43	202.0000	353.0000	0
15:06:43	202.0000	323.0000	0
15:06:43	202.0000	302.0000	0
15:06:43	208.0000	394.0000	0
15:06:43	208.0000	357.0000	0
15:06:43	209.0000	325.0000	0
15:06:43	208.0000	299.0000	0
15:06:43	209.0000	395.0000	0
15:06:43	214.0000	354.0000	0
15:06:43	210.0000	325.0000	0
15:06:43	209.0000	299.0000	0
15:06:43	221.0000	403.0000	0
15:06:43	211.0000	357.0000	0
15:06:43	215.0000	330.0000	0
15:06:43	222.0000	401.0000	0
15:06:43	225.0000	367.0000	0
15:06:43	226.0000	335.0000	0
15:06:43	224.0000	311.0000	0
15:06:43	246.0000	401.0000	0
15:06:43	241.0000	365.0000	0
15:06:43	242.0000	334.0000	0
15:06:43	240.0000	306.0000	0
15:06:43	240.0000	400.0000	0
15:06:43	241.0000	358.0000	0
15:06:43	245.0000	323.0000	0
15:06:43	245.0000	305.0000	0
15:06:43	263.0000	401.0000	0
15:06:43	266.0000	358.0000	0
15:06:43	271.0000	332.0000	0
15:06:43	269.0000	305.0000	0
15:06:43	272.0000	407.0000	0
15:06:43	271.0000	362.0000	0
15:06:43	272.0000	335.0000	0
15:06:43	272.0000	305.0000	0
15:06:43	288.0000	406.0000	0
15:06:43	292.0000	365.0000	0
15:06:43	289.0000	337.0000	0
15:06:43	287.0000	311.0000	0
15:06:43	295.0000	407.0000	0
15:06:43	298.0000	366.0000	0
15:06:43	297.0000	337.0000	0
15:06:43	300.0000	309.0000	0
15:06:43	309.0000	415.0000	0
15:06:43	311.0000	369.0000	0
15:06:43	313.0000	341.0000	0
15:06:43	305.0000	319.0000	0
15:06:43	347.0000	404.0000	0
15:06:43	327.0000	368.0000	0
15:06:43	329.0000	339.0000	0
15:06:43	336.0000	415.0000	0
15:06:43	336.0000	378.0000	0
15:06:43	343.0000	352.0000	0
15:06:43	336.0000	319.0000	0
15:06:43	342.0000	411.0000	0
15:06:43	340.0000	380.0000	0
15:06:43	338.0000	353.0000	0
15:06:43	336.0000	331.0000	0
15:06:43	334.0000	407.0000	0
15:06:43	327.0000	376.0000	0
15:06:43	327.0000	345.0000	0
15:06:43	332.0000	325.0000	0
15:06:43	335.0000	408.0000	0
15:06:43	336.0000	378.0000	0
15:06:43	336.0000	350.0000	0
15:06:43	336.0000	329.0000	0
15:06:43	339.0000	405.0000	0
15:06:43	341.0000	378.0000	0
15:06:43	352.0000	362.0000	0
15:06:43	344.0000	329.0000	0
15:06:43	203.0000	575.0000	0
15:06:43	197.0000	510.0000	0
15:06:43	198.0000	463.0000	0
15:06:43	202.0000	416.0000	0
15:06:43	198.0000	446.0000	0
15:06:43	202.0000	400.0000	0
15:06:43	378.0000	570.0000	0
15:06:43	375.0000	527.0000	0
15:06:43	374.0000	474.0000	0
15:06:43	375.0000	448.0000	0
15:06:43	374.0000	464.0000	0
15:06:43	376.0000	425.0000	0
15:06:43	368.0000	390.0000	0
15:06:43	528.0000	448.0000	0
15:06:43	543.0000	419.0000	0
15:06:43	562.0000	395.0000	0
15:06:43	582.0000	378.0000	0
15:06:43	704.0000	447.0000	0
15:06:43	705.0000	423.0000	0
15:06:43	701.0000	407.0000	0
15:06:43	697.0000	392.0000	0
15:06:43	607.0000	459.0000	0
15:06:43	595.0000	431.0000	0
15:06:43	591.0000	399.0000	0
15:06:43	592.0000	381.0000	0
15:06:43	511.0000	450.0000	0
15:06:43	511.0000	419.0000	0
15:06:43	501.0000	386.0000	0
15:06:43	496.0000	368.0000	0
15:06:43	443.0000	429.0000	0
15:06:43	448.0000	398.0000	0
15:06:43	448.0000	370.0000	0
15:06:43	451.0000	350.0000	0
15:06:43	492.0000	436.0000	0
15:06:43	490.0000	397.0000	0
15:06:43	502.0000	384.0000	0
15:06:43	499.0000	355.0000	0
15:06:43	589.0000	441.0000	0
15:06:43	597.0000	414.0000	0
15:06:43	599.0000	379.0000	0
15:06:43	601.0000	370.0000	0
15:06:43	561.0000	439.0000	0
15:06:43	562.0000	411.0000	0
15:06:43	562.0000	389.0000	0
15:06:43	566.0000	368.0000	0
15:06:43	511.0000	432.0000	0
15:06:43	511.0000	414.0000	0
15:06:43	523.0000	384.0000	0
15:06:43	502.0000	363.0000	0
15:06:43	475.0000	426.0000	0
15:06:43	483.0000	405.0000	0
15:06:43	498.0000	384.0000	0
15:06:43	490.0000	432.0000	0
15:06:43	490.0000	412.0000	0
15:06:43	479.0000	380.0000	0
15:06:43	477.0000	358.0000	0
15:06:43	477.0000	430.0000	0
15:06:43	473.0000	403.0000	0
15:06:43	469.0000	372.0000	0
15:06:43	464.0000	355.0000	0
15:06:43	496.0000	427.0000	0
15:06:43	508.0000	398.0000	0
15:06:43	525.0000	377.0000	0
15:06:43	535.0000	358.0000	0
15:06:43	560.0000	432.0000	0
15:06:43	573.0000	406.0000	0
15:06:43	586.0000	385.0000	0
15:06:43	597.0000	369.0000	0
15:06:43	559.0000	434.0000	0
15:06:43	555.0000	405.0000	0
15:06:43	551.0000	387.0000	0
15:06:43	546.0000	368.0000	0
15:06:43	631.0000	442.0000	0
15:06:43	631.0000	407.0000	0
15:06:43	640.0000	400.0000	0
15:06:43	638.0000	381.0000	0
15:06:43	832.0000	455.0000	0
15:06:43	830.0000	435.0000	0
15:06:43	821.0000	426.0000	0
15:06:43	817.0000	411.0000	0
15:06:43	1020.0000	476.0000	0
15:06:43	1023.0000	464.0000	0
15:06:43	1034.0000	460.0000	0
15:06:43	861.0000	492.0000	0
15:06:43	851.0000	469.0000	0
15:06:43	845.0000	452.0000	0
15:06:43	836.0000	447.0000	0
15:06:43	741.0000	479.0000	0
15:06:43	733.0000	451.0000	0
15:06:43	726.0000	432.0000	0
15:06:43	720.0000	417.0000	0
15:06:43	667.0000	463.0000	0
15:06:43	661.0000	435.0000	0
15:06:43	663.0000	418.0000	0
15:06:43	659.0000	401.0000	0
15:06:43	714.0000	459.0000	0
15:06:43	709.0000	433.0000	0
15:06:43	707.0000	419.0000	0
15:06:43	697.0000	400.0000	0
15:06:43	809.0000	464.0000	0
15:06:43	822.0000	444.0000	0
15:06:43	844.0000	432.0000	0
15:06:43	863.0000	420.0000	0
15:06:43	781.0000	469.0000	0
15:06:43	769.0000	446.0000	0
15:06:43	762.0000	431.0000	0
15:06:43	754.0000	414.0000	0
15:06:43	666.0000	464.0000	0
15:06:43	656.0000	434.0000	0
15:06:43	656.0000	415.0000	0
15:06:43	652.0000	400.0000	0
15:06:43	688.0000	454.0000	0
15:06:43	688.0000	431.0000	0
15:06:43	691.0000	413.0000	0
15:06:43	706.0000	398.0000	0
15:06:43	725.0000	458.0000	0
15:06:43	725.0000	433.0000	0
15:06:43	728.0000	418.0000	0
15:06:43	784.0000	471.0000	0
15:06:43	785.0000	449.0000	0
15:06:43	789.0000	432.0000	0
15:06:43	786.0000	417.0000	0
15:06:43	742.0000	464.0000	0
15:06:43	735.0000	443.0000	0
15:06:43	732.0000	427.0000	0
15:06:43	722.0000	405.0000	0
15:06:43	765.0000	464.0000	0
15:06:43	761.0000	441.0000	0
15:06:43	772.0000	427.0000	0
15:06:43	770.0000	410.0000	0
15:06:43	774.0000	463.0000	0
15:06:43	779.0000	448.0000	0
15:06:43	784.0000	429.0000	0
15:06:43	784.0000	412.0000	0
15:06:43	812.0000	467.0000	0
15:06:43	827.0000	447.0000	0
15:06:43	855.0000	438.0000	0
15:06:43	893.0000	428.0000	0
15:06:43	1411.0000	503.0000	0
15:06:43	1438.0000	506.0000	0
15:06:43	1465.0000	511.0000	0
15:06:43	1488.0000	527.0000	0
15:06:43	1608.0000	564.0000	0
15:06:43	1600.0000	571.0000	0
15:06:43	1584.0000	576.0000	0
15:06:43	1484.0000	581.0000	0
15:06:43	1517.0000	592.0000	0
15:06:43	1566.0000	591.0000	0
15:06:43	1611.0000	594.0000	0
15:06:43	1941.0000	624.0000	0
15:06:43	1942.0000	640.0000	0
15:06:43	1936.0000	655.0000	0
15:06:43	1915.0000	666.0000	0
15:06:43	1937.0000	669.0000	0
15:06:43	1923.0000	678.0000	0
15:06:43	1919.0000	688.0000	0
15:06:43	1915.0000	695.0000	0
15:06:43	1922.0000	691.0000	0
15:06:43	1937.0000	699.0000	0
15:06:43	1955.0000	701.0000	0
15:06:43	1974.0000	720.0000	1
15:06:43	1967.0000	696.0000	0
15:06:43	1963.0000	714.0000	0
15:06:43	1968.0000	721.0000	0
15:06:43	1831.0000	697.0000	0
15:06:43	1845.0000	704.0000	0
15:06:43	1871.0000	711.0000	0
15:06:43	1890.0000	716.0000	0
15:06:43	2001.0000	705.0000	0
15:06:43	2032.0000	718.0000	0
15:06:43	2069.0000	733.0000	0
15:06:43	2095.0000	741.0000	1
15:06:43	2459.0000	750.0000	0
15:06:43	2511.0000	783.0000	0
15:06:43	2629.0000	811.0000	1
15:06:43	2749.0000	839.0000	16
15:06:43	3694.0000	889.0000	0
15:06:43	3690.0000	959.0000	0
15:06:44	3691.0000	998.0000	21
15:06:44	3696.0000	1023.0000	0
15:06:44	3682.0000	1076.0000	10
15:06:44	3686.0000	1112.0000	37
15:06:44	3685.0000	1131.0000	57
15:06:44	3636.0000	1170.0000	0
15:06:44	3568.0000	1190.0000	16
15:06:44	3507.0000	1195.0000	44
15:06:44	3469.0000	1214.0000	64
15:06:44	3697.0000	1237.0000	0
15:06:44	3685.0000	1253.0000	19
15:06:44	3696.0000	1262.0000	50
15:06:44	3693.0000	1264.0000	0
15:06:44	3681.0000	1280.0000	25
15:06:44	3683.0000	1282.0000	59
15:06:44	3682.0000	1290.0000	78
15:06:44	3396.0000	1303.0000	0
15:06:44	3395.0000	1306.0000	19
15:06:44	3357.0000	1294.0000	48
15:06:44	3293.0000	1289.0000	66
15:06:44	3621.0000	1308.0000	0
15:06:44	3663.0000	1310.0000	27
15:06:44	3670.0000	1310.0000	60
15:06:44	3701.0000	1319.0000	0
15:06:44	3696.0000	1323.0000	26
15:06:44	3690.0000	1322.0000	53
15:06:44	3700.0000	1327.0000	75
15:06:44	3702.0000	1348.0000	0
15:06:44	3697.0000	1348.0000	26
15:06:44	3696.0000	1348.0000	60
15:06:44	3696.0000	1345.0000	77
15:06:44	3699.0000	1366.0000	0
15:06:44	3696.0000	1362.0000	30
15:06:44	3696.0000	1354.0000	53
15:06:44	3705.0000	1360.0000	0
15:06:44	3703.0000	1360.0000	34
15:06:44	3701.0000	1352.0000	58
15:06:44	3696.0000	1355.0000	80
15:06:44	3703.0000	1373.0000	0
15:06:44	3702.0000	1368.0000	33
15:06:44	3696.0000	1353.0000	60
15:06:44	3686.0000	1374.0000	79
15:06:44	3711.0000	1382.0000	0
15:06:44	3710.0000	1375.0000	39
15:06:44	3683.0000	1375.0000	60
15:06:44	3712.0000	1385.0000	0
15:06:44	3702.0000	1376.0000	23
15:06:44	3701.0000	1366.0000	63
15:06:44	3702.0000	1366.0000	74
15:06:44	3712.0000	1395.0000	0
15:06:44	3707.0000	1377.0000	32
15:06:44	3695.0000	1372.0000	63
15:06:44	3703.0000	1373.0000	80
15:06:44	3708.0000	1398.0000	0
15:06:44	3702.0000	1384.0000	28
15:06:44	3699.0000	1375.0000	69
15:06:44	3708.0000	1378.0000	0
15:06:44	3698.0000	1367.0000	44
15:06:44	3701.0000	1368.0000	55
15:06:44	3708.0000	1372.0000	83
15:06:44	3710.0000	1389.0000	0
15:06:44	3705.0000	1374.0000	45
15:06:44	3712.0000	1365.0000	62
15:06:44	3703.0000	1369.0000	91
15:06:44	3712.0000	1392.0000	0
15:06:44	3706.0000	1379.0000	37
15:06:44	3700.0000	1362.0000	64
15:06:44	3727.0000	1392.0000	0
15:06:44	3700.0000	1375.0000	30
15:06:44	3701.0000	1366.0000	69
15:06:44	3706.0000	1371.0000	81
15:06:44	3726.0000	1398.0000	0
15:06:44	3703.0000	1385.0000	26
15:06:44	3711.0000	1383.0000	66
15:06:44	3703.0000	1377.0000	80
15:06:44	3717.0000	1394.0000	0
15:06:44	3719.0000	1408.0000	21
15:06:44	3687.0000	1389.0000	59
15:06:44	3711.0000	1386.0000	0
15:06:44	3719.0000	1380.0000	32
15:06:44	3699.0000	1366.0000	63
15:06:44	3702.0000	1360.0000	92
15:06:44	3707.0000	1389.0000	0
15:06:44	3715.0000	1392.0000	25
15:06:44	3705.0000	1382.0000	59
15:06:44	3725.0000	1377.0000	0
15:06:44	3703.0000	1376.0000	29
15:06:44	3723.0000	1375.0000	57
15:06:44	3702.0000	1372.0000	77
15:06:44	3707.0000	1388.0000	0
15:06:44	3699.0000	1380.0000	31
15:06:44	3719.0000	1383.0000	63
15:06:44	3696.0000	1368.0000	81
15:06:44	3701.0000	1393.0000	0
15:06:44	3702.0000	1389.0000	33
15:06:44	3714.0000	1391.0000	54
15:06:44	3707.0000	1387.0000	0
15:06:44	3720.0000	1375.0000	34
15:06:44	3686.0000	1383.0000	55
15:06:44	3723.0000	1374.0000	82
15:06:44	3709.0000	1392.0000	0
15:06:44	3709.0000	1386.0000	34
15:06:44	3728.0000	1373.0000	54
15:06:44	3723.0000	1382.0000	81
15:06:44	3711.0000	1397.0000	0
15:06:44	3711.0000	1390.0000	30
15:06:44	3716.0000	1382.0000	59
15:06:44	3707.0000	1390.0000	0
15:06:44	3702.0000	1379.0000	30
15:06:44	3703.0000	1370.0000	64
15:06:44	3707.0000	1370.0000	81
15:06:44	3710.0000	1392.0000	0
15:06:44	3701.0000	1384.0000	35
15:06:44	3703.0000	1372.0000	64
15:06:44	3704.0000	1370.0000	86
15:06:44	3712.0000	1397.0000	0
15:06:44	3687.0000	1388.0000	33
15:06:44	3705.0000	1377.0000	62
15:06:44	3709.0000	1386.0000	0
15:06:44	3707.0000	1380.0000	29
15:06:44	3714.0000	1372.0000	55
15:06:44	3715.0000	1374.0000	82
15:06:44	3690.0000	1383.0000	0
15:06:44	3703.0000	1385.0000	26
15:06:44	3689.0000	1358.0000	62
15:06:44	3701.0000	1371.0000	84
15:06:44	3713.0000	1395.0000	0
15:06:44	3699.0000	1390.0000	31
15:06:44	3709.0000	1387.0000	61
15:06:44	3703.0000	1383.0000	0
15:06:44	3700.0000	1377.0000	30
15:06:44	3693.0000	1368.0000	59
15:06:44	3703.0000	1372.0000	80
15:06:44	3703.0000	1392.0000	0
15:06:44	3699.0000	1388.0000	27
15:06:44	3696.0000	1383.0000	59
15:06:44	3712.0000	1375.0000	80
15:06:44	3696.0000	1393.0000	0
15:06:44	3702.0000	1389.0000	28
15:06:44	3702.0000	1379.0000	59
15:06:44	3702.0000	1383.0000	0
15:06:44	3699.0000	1377.0000	27
15:06:44	3707.0000	1365.0000	60
15:06:44	3697.0000	1377.0000	80
15:06:44	3687.0000	1381.0000	0
15:06:44	3711.0000	1390.0000	29
15:06:44	3688.0000	1375.0000	48
15:06:44	3711.0000	1375.0000	79
15:06:44	3686.0000	1390.0000	0
15:06:44	3703.0000	1389.0000	30
15:06:44	3725.0000	1383.0000	57
15:06:44	3709.0000	1387.0000	0
15:06:44	3707.0000	1384.0000	23
15:06:44	3699.0000	1369.0000	54
15:06:44	3699.0000	1376.0000	75
15:06:44	3711.0000	1393.0000	0
15:06:44	3712.0000	1390.0000	28
15:06:44	3710.0000	1380.0000	58
15:06:45	3703.0000	1381.0000	80
15:06:45	3714.0000	1403.0000	0
15:06:45	3687.0000	1396.0000	18
15:06:45	3712.0000	1388.0000	57
15:06:45	3705.0000	1391.0000	0
15:06:45	3700.0000	1382.0000	26
15:06:45	3702.0000	1378.0000	59
15:06:45	3698.0000	1369.0000	79
15:06:45	3709.0000	1395.0000	0
15:06:45	3702.0000	1386.0000	27
15:06:45	3706.0000	1381.0000	59
15:06:45	3711.0000	1379.0000	80
15:06:45	3710.0000	1396.0000	0
15:06:45	3706.0000	1393.0000	29
15:06:45	3703.0000	1382.0000	58
15:06:45	3711.0000	1388.0000	0
15:06:45	3703.0000	1382.0000	30
15:06:45	3706.0000	1371.0000	62
15:06:45	3703.0000	1368.0000	80
15:06:45	3713.0000	1395.0000	0
15:06:45	3702.0000	1393.0000	26
15:06:45	3702.0000	1385.0000	58
15:06:45	3708.0000	1380.0000	82
15:06:45	3705.0000	1399.0000	0
15:06:45	3689.0000	1389.0000	32
15:06:45	3706.0000	1382.0000	64
15:06:45	3711.0000	1390.0000	0
15:06:45	3698.0000	1383.0000	27
15:06:45	3690.0000	1358.0000	59
15:06:45	3701.0000	1374.0000	79
15:06:45	3706.0000	1392.0000	0
15:06:45	3710.0000	1389.0000	26
15:06:45	3684.0000	1365.0000	57
15:06:45	3706.0000	1379.0000	80
15:06:45	3695.0000	1386.0000	0
15:06:45	3705.0000	1391.0000	30
15:06:45	3706.0000	1382.0000	62
15:06:45	3711.0000	1387.0000	0
15:06:45	3702.0000	1380.0000	30
15:06:45	3701.0000	1369.0000	57
15:06:45	3702.0000	1371.0000	79
15:06:45	3710.0000	1392.0000	0
15:06:45	3702.0000	1385.0000	30
15:06:45	3706.0000	1374.0000	63
15:06:45	3708.0000	1386.0000	0
15:06:45	3701.0000	1374.0000	29
15:06:45	3718.0000	1365.0000	63
15:06:45	3707.0000	1369.0000	82
15:06:45	3709.0000	1392.0000	0
15:06:45	3709.0000	1388.0000	30
15:06:45	3699.0000	1377.0000	57
15:06:45	3706.0000	1373.0000	80
15:06:45	3712.0000	1396.0000	0
15:06:45	3705.0000	1390.0000	30
15:06:45	3701.0000	1381.0000	60
15:06:45	3710.0000	1390.0000	0
15:06:45	3706.0000	1379.0000	37
15:06:45	3695.0000	1374.0000	59
15:06:45	3702.0000	1371.0000	80
15:06:45	3698.0000	1392.0000	0
15:06:45	3695.0000	1392.0000	16
15:06:45	3711.0000	1381.0000	57
15:06:45	3703.0000	1378.0000	80
15:06:45	3712.0000	1397.0000	0
15:06:45	3701.0000	1391.0000	32
15:06:45	3701.0000	1386.0000	58
15:06:45	3703.0000	1390.0000	0
15:06:45	3712.0000	1384.0000	26
15:06:45	3710.0000	1377.0000	57
15:06:45	3709.0000	1375.0000	80
15:06:45	3714.0000	1395.0000	0
15:06:45	3701.0000	1390.0000	23
15:06:45	3706.0000	1380.0000	62
15:06:45	3699.0000	1376.0000	82
15:06:45	3709.0000	1404.0000	0
15:06:45	3705.0000	1394.0000	33
15:06:45	3712.0000	1385.0000	60
15:06:45	3712.0000	1392.0000	0
15:06:45	3705.0000	1387.0000	45
15:06:45	3702.0000	1376.0000	55
15:06:45	3711.0000	1376.0000	80
15:06:45	3710.0000	1396.0000	0
15:06:45	3701.0000	1389.0000	38
15:06:45	3711.0000	1381.0000	59
15:06:45	3696.0000	1376.0000	77
15:06:45	3715.0000	1402.0000	0
15:06:45	3706.0000	1391.0000	35
15:06:45	3699.0000	1387.0000	57
15:06:45	3709.0000	1402.0000	0
15:06:45	3706.0000	1381.0000	32
15:06:45	3703.0000	1362.0000	73
15:06:45	3705.0000	1369.0000	82
15:06:45	3710.0000	1397.0000	0
15:06:45	3706.0000	1390.0000	35
15:06:45	3710.0000	1374.0000	71
15:06:45	3702.0000	1379.0000	91
15:06:45	3705.0000	1398.0000	0
15:06:45	3705.0000	1394.0000	28
15:06:45	3699.0000	1382.0000	63
15:06:45	3728.0000	1397.0000	0
15:06:45	3708.0000	1383.0000	27
15:06:45	3705.0000	1376.0000	59
15:06:45	3696.0000	1370.0000	80
15:06:45	3726.0000	1405.0000	0
15:06:45	3707.0000	1391.0000	33
15:06:45	3706.0000	1382.0000	71
15:06:45	3696.0000	1376.0000	81
15:06:45	3710.0000	1399.0000	0
15:06:45	3712.0000	1393.0000	31
15:06:45	3705.0000	1386.0000	58
15:06:45	3728.0000	1386.0000	0
15:06:45	3706.0000	1380.0000	26
15:06:45	3718.0000	1372.0000	59
15:06:45	3710.0000	1375.0000	80
15:06:45	3715.0000	1392.0000	0
15:06:45	3721.0000	1404.0000	18
15:06:45	3725.0000	1391.0000	55
15:06:45	3724.0000	1379.0000	67
15:06:45	3727.0000	1395.0000	0
15:06:45	3719.0000	1411.0000	16
15:06:45	3719.0000	1385.0000	60
15:06:45	3709.0000	1392.0000	0
15:06:45	3719.0000	1393.0000	25
15:06:45	3707.0000	1376.0000	55
15:06:45	3703.0000	1384.0000	80
15:06:45	3712.0000	1399.0000	0
15:06:45	3728.0000	1400.0000	28
15:06:45	3706.0000	1385.0000	58
15:06:46	3711.0000	1382.0000	80
15:06:46	3690.0000	1387.0000	0
15:06:46	3708.0000	1395.0000	27
15:06:46	3707.0000	1391.0000	61
15:06:46	3703.0000	1391.0000	0
15:06:46	3711.0000	1383.0000	34
15:06:46	3724.0000	1375.0000	58
15:06:46	3709.0000	1377.0000	80
15:06:46	3709.0000	1397.0000	0
15:06:46	3709.0000	1391.0000	34
15:06:46	3714.0000	1380.0000	56
15:06:46	3706.0000	1380.0000	80
15:06:46	3707.0000	1403.0000	0
15:06:46	3710.0000	1393.0000	32
15:06:46	3716.0000	1385.0000	61
15:06:46	3710.0000	1392.0000	0
15:06:46	3712.0000	1386.0000	36
15:06:46	3703.0000	1377.0000	60
15:06:46	3722.0000	1380.0000	81
15:06:46	3711.0000	1397.0000	0
15:06:46	3709.0000	1387.0000	32
15:06:46	3699.0000	1384.0000	61
15:06:46	3707.0000	1382.0000	0
15:06:46	3709.0000	1380.0000	27
15:06:46	3704.0000	1378.0000	59
15:06:46	3707.0000	1373.0000	80
15:06:46	3712.0000	1394.0000	0
15:06:46	3706.0000	1392.0000	25
15:06:46	3707.0000	1380.0000	64
15:06:46	3702.0000	1375.0000	80
15:06:46	3712.0000	1399.0000	0
15:06:46	3702.0000	1392.0000	30
15:06:46	3673.0000	1381.0000	64
15:06:46	3707.0000	1381.0000	0
15:06:46	3701.0000	1383.0000	33
15:06:46	3683.0000	1375.0000	49
15:06:46	3718.0000	1373.0000	81
15:06:46	3696.0000	1385.0000	0
15:06:46	3701.0000	1393.0000	29
15:06:46	3686.0000	1378.0000	64
15:06:46	3699.0000	1371.0000	79
15:06:46	3710.0000	1394.0000	0
15:06:46	3697.0000	1395.0000	28
15:06:46	3705.0000	1383.0000	55
15:06:46	3707.0000	1392.0000	0
15:06:46	3707.0000	1382.0000	29
15:06:46	3723.0000	1375.0000	58
15:06:46	3708.0000	1373.0000	80
15:06:46	3701.0000	1392.0000	0
15:06:46	3708.0000	1391.0000	29
15:06:46	3701.0000	1388.0000	62
15:06:46	3701.0000	1383.0000	71
15:06:46	3710.0000	1403.0000	0
15:06:46	3707.0000	1389.0000	34
15:06:46	3705.0000	1375.0000	65
15:06:46	3710.0000	1392.0000	0
15:06:46	3703.0000	1382.0000	34
15:06:46	3706.0000	1375.0000	64
15:06:46	3706.0000	1373.0000	86
15:06:46	3713.0000	1395.0000	0
15:06:46	3708.0000	1390.0000	28
15:06:46	3709.0000	1383.0000	58
15:06:46	3712.0000	1381.0000	80
15:06:46	3715.0000	1402.0000	0
15:06:46	3706.0000	1390.0000	31
15:06:46	3707.0000	1389.0000	58
15:06:46	3717.0000	1391.0000	0
15:06:46	3706.0000	1383.0000	27
15:06:46	3705.0000	1374.0000	58
15:06:46	3703.0000	1378.0000	80
15:06:46	3712.0000	1395.0000	0
15:06:46	3705.0000	1394.0000	30
15:06:46	3705.0000	1384.0000	61
15:06:46	3707.0000	1380.0000	80
15:06:46	3712.0000	1401.0000	0
15:06:46	3705.0000	1392.0000	29
15:06:46	3735.0000	1386.0000	61
15:06:46	3715.0000	1391.0000	0
15:06:46	3702.0000	1380.0000	29
15:06:46	3710.0000	1376.0000	57
15:06:46	3707.0000	1371.0000	80
15:06:46	3696.0000	1397.0000	0
15:06:46	3707.0000	1394.0000	28
15:06:46	3716.0000	1383.0000	58
15:06:46	3709.0000	1376.0000	80
15:06:46	3701.0000	1399.0000	0
15:06:46	3702.0000	1393.0000	27
15:06:46	3691.0000	1389.0000	61
15:06:46	3712.0000	1392.0000	0
15:06:46	3710.0000	1388.0000	27
15:06:46	3701.0000	1378.0000	58
15:06:46	3705.0000	1373.0000	78
15:06:46	3715.0000	1399.0000	0
15:06:46	3702.0000	1393.0000	26
15:06:46	3702.0000	1382.0000	59
15:06:46	3707.0000	1378.0000	80
15:06:46	3711.0000	1402.0000	0
15:06:46	3705.0000	1389.0000	33
15:06:46	3703.0000	1378.0000	64
15:06:46	3709.0000	1391.0000	0
15:06:46	3711.0000	1384.0000	27
15:06:46	3706.0000	1373.0000	56
15:06:46	3705.0000	1378.0000	78
15:06:46	3711.0000	1394.0000	0
15:06:46	3707.0000	1391.0000	22
15:06:46	3703.0000	1384.0000	58
15:06:46	3702.0000	1382.0000	78
15:06:46	3712.0000	1395.0000	0
15:06:46	3698.0000	1395.0000	27
15:06:46	3699.0000	1391.0000	56
15:06:46	3710.0000	1392.0000	0
15:06:46	3702.0000	1383.0000	28
15:06:46	3708.0000	1381.0000	59
15:06:46	3705.0000	1377.0000	79
15:06:46	3712.0000	1399.0000	0
15:06:46	3713.0000	1390.0000	32
15:06:46	3711.0000	1384.0000	64
15:06:46	3712.0000	1379.0000	83
15:06:46	3709.0000	1405.0000	0
15:06:46	3712.0000	1394.0000	33
15:06:46	3706.0000	1390.0000	64
15:06:46	3712.0000	1392.0000	0
15:06:46	3709.0000	1389.0000	33
15:06:46	3707.0000	1377.0000	64
15:06:46	3727.0000	1372.0000	86
15:06:46	3706.0000	1401.0000	0
15:06:46	3701.0000	1391.0000	35
15:06:46	3714.0000	1384.0000	64
15:06:46	3713.0000	1388.0000	0
15:06:46	3695.0000	1374.0000	33
15:06:46	3706.0000	1372.0000	61
15:06:46	3696.0000	735.0000	0
15:06:46	3702.0000	827.0000	0
15:06:47	3719.0000	873.0000	13
15:06:47	3699.0000	922.0000	0
15:06:47	3710.0000	988.0000	7
15:06:47	3703.0000	1032.0000	39
15:06:47	3702.0000	1070.0000	54
15:06:47	3718.0000	1119.0000	0
15:06:47	187.0000	560.0000	0
15:06:47	189.0000	501.0000	0
15:06:47	190.0000	450.0000	0
15:06:47	185.0000	416.0000	0
15:06:47	187.0000	446.0000	0
15:06:47	188.0000	400.0000	0
15:06:47	191.0000	369.0000	0
15:06:47	189.0000	420.0000	0
15:06:47	187.0000	378.0000	0
15:06:47	185.0000	344.0000	0
15:06:47	182.0000	304.0000	0
15:06:47	181.0000	398.0000	0
15:06:47	180.0000	347.0000	0
15:06:47	182.0000	326.0000	0
15:06:47	178.0000	295.0000	0
15:06:47	176.0000	391.0000	0
15:06:47	177.0000	352.0000	0
15:06:47	176.0000	320.0000	0
15:06:47	174.0000	291.0000	0
15:06:47	176.0000	384.0000	0
15:06:47	171.0000	347.0000	0
15:06:47	167.0000	314.0000	0
15:06:47	170.0000	292.0000	0
15:06:47	166.0000	384.0000	0
15:06:47	165.0000	348.0000	0
15:06:47	161.0000	315.0000	0
15:06:47	165.0000	287.0000	0
15:06:47	174.0000	387.0000	0
15:06:47	174.0000	347.0000	0
15:06:47	176.0000	313.0000	0
15:06:47	176.0000	289.0000	0
15:06:47	176.0000	385.0000	0
15:06:47	176.0000	349.0000	0
15:06:47	176.0000	319.0000	0
15:06:47	178.0000	294.0000	0
15:06:47	187.0000	397.0000	0
15:06:47	177.0000	337.0000	0
15:06:47	188.0000	323.0000	0
15:06:47	188.0000	294.0000	0
15:06:47	206.0000	395.0000	0
15:06:47	208.0000	348.0000	0
15:06:47	199.0000	322.0000	0
15:06:47	230.0000	400.0000	0
15:06:47	231.0000	363.0000	0
15:06:47	227.0000	331.0000	0
15:06:47	235.0000	307.0000	0
15:06:47	250.0000	394.0000	0
15:06:47	247.0000	365.0000	0
15:06:47	253.0000	330.0000	0
15:06:47	256.0000	305.0000	0
15:06:47	273.0000	395.0000	0
15:06:47	262.0000	361.0000	0
15:06:47	268.0000	331.0000	0
15:06:47	259.0000	305.0000	0
15:06:47	278.0000	397.0000	0
15:06:47	276.0000	362.0000	0
15:06:47	283.0000	336.0000	0
15:06:47	278.0000	307.0000	0
15:06:47	289.0000	400.0000	0
15:06:47	287.0000	365.0000	0
15:06:47	291.0000	339.0000	0
15:06:47	282.0000	311.0000	0
15:06:47	291.0000	398.0000	0
15:06:47	289.0000	368.0000	0
15:06:47	294.0000	336.0000	0
15:06:47	288.0000	312.0000	0
15:06:47	291.0000	398.0000	0
15:06:47	291.0000	367.0000	0
15:06:47	293.0000	336.0000	0
15:06:47	286.0000	314.0000	0
15:06:47	306.0000	400.0000	0
15:06:47	306.0000	368.0000	0
15:06:47	304.0000	336.0000	0
15:06:47	304.0000	315.0000	0
15:06:47	307.0000	400.0000	0
15:06:47	312.0000	377.0000	0
15:06:47	315.0000	340.0000	0
15:06:47	315.0000	317.0000	0
15:06:47	304.0000	401.0000	0
15:06:47	320.0000	369.0000	0
15:06:47	310.0000	341.0000	0
15:06:47	302.0000	415.0000	0
15:06:47	303.0000	379.0000	0
15:06:47	301.0000	352.0000	0
15:06:47	303.0000	322.0000	0
15:06:47	293.0000	406.0000	0
15:06:47	291.0000	370.0000	0
15:06:47	288.0000	346.0000	0
15:06:47	285.0000	311.0000	0
15:06:47	274.0000	400.0000	0
15:06:47	275.0000	365.0000	0
15:06:47	272.0000	336.0000	0
15:06:47	274.0000	309.0000	0
15:06:47	272.0000	398.0000	0
15:06:47	268.0000	363.0000	0
15:06:47	262.0000	333.0000	0
15:06:47	250.0000	300.0000	0
15:06:47	254.0000	396.0000	0
15:06:47	253.0000	363.0000	0
15:06:47	249.0000	333.0000	0
15:06:47	240.0000	298.0000	0
15:06:47	255.0000	397.0000	0
15:06:47	254.0000	359.0000	0
15:06:47	252.0000	333.0000	0
15:06:47	253.0000	304.0000	0
15:06:47	241.0000	401.0000	0
15:06:47	243.0000	360.0000	0
15:06:47	243.0000	330.0000	0
15:06:47	241.0000	304.0000	0
15:06:47	241.0000	394.0000	0
15:06:47	242.0000	359.0000	0
15:06:47	240.0000	330.0000	0
15:06:47	239.0000	304.0000	0
15:06:47	237.0000	392.0000	0
15:06:47	227.0000	346.0000	0
15:06:47	233.0000	325.0000	0
15:06:47	235.0000	401.0000	0
15:06:47	230.0000	363.0000	0
15:06:47	239.0000	335.0000	0
15:06:47	239.0000	318.0000	0
15:06:47	224.0000	383.0000	0
15:06:47	239.0000	357.0000	0
15:06:47	237.0000	334.0000	0
15:06:47	240.0000	310.0000	0
15:06:47	230.0000	384.0000	0
15:06:48	239.0000	358.0000	0
15:06:48	240.0000	323.0000	0
15:06:48	245.0000	317.0000	0
15:06:48	234.0000	394.0000	0
15:06:48	237.0000	354.0000	0
15:06:48	234.0000	336.0000	0
15:06:48	240.0000	311.0000	0
15:06:48	235.0000	394.0000	0
15:06:48	236.0000	356.0000	0
15:06:48	237.0000	329.0000	0
15:06:48	241.0000	308.0000	0
15:06:48	235.0000	394.0000	0
15:06:48	240.0000	364.0000	0
15:06:48	230.0000	328.0000	0
15:06:48	234.0000	295.0000	0
15:06:48	231.0000	396.0000	0
15:06:48	238.0000	366.0000	0
15:06:48	231.0000	328.0000	0
15:06:48	230.0000	302.0000	0
15:06:48	234.0000	393.0000	0
15:06:48	234.0000	354.0000	0
15:06:48	235.0000	325.0000	0
15:06:48	238.0000	301.0000	0
15:06:48	234.0000	395.0000	0
15:06:48	238.0000	358.0000	0
15:06:48	234.0000	326.0000	0
15:06:48	240.0000	407.0000	0
15:06:48	240.0000	368.0000	0
15:06:48	240.0000	336.0000	0
15:06:48	240.0000	305.0000	0
15:06:48	245.0000	397.0000	0
15:06:48	249.0000	359.0000	0
15:06:48	246.0000	331.0000	0
15:06:48	245.0000	306.0000	0
15:06:48	257.0000	398.0000	0
15:06:48	258.0000	360.0000	0
15:06:48	256.0000	334.0000	0
15:06:48	256.0000	307.0000	0
15:06:48	269.0000	399.0000	0
15:06:48	268.0000	362.0000	0
15:06:48	272.0000	336.0000	0
15:06:48	272.0000	311.0000	0
15:06:48	275.0000	400.0000	0
15:06:48	272.0000	365.0000	0
15:06:48	276.0000	336.0000	0
15:06:48	278.0000	310.0000	0
15:06:48	286.0000	400.0000	0
15:06:48	283.0000	367.0000	0
15:06:48	287.0000	334.0000	0
15:06:48	283.0000	320.0000	0
15:06:48	289.0000	396.0000	0
15:06:48	294.0000	365.0000	0
15:06:48	292.0000	336.0000	0
15:06:48	286.0000	309.0000	0
15:06:48	286.0000	400.0000	0
15:06:48	288.0000	368.0000	0
15:06:48	290.0000	338.0000	0
15:06:48	291.0000	410.0000	0
15:06:48	294.0000	374.0000	0
15:06:48	291.0000	350.0000	0
15:06:48	294.0000	320.0000	0
15:06:48	290.0000	404.0000	0
15:06:48	290.0000	368.0000	0
15:06:48	287.0000	337.0000	0
15:06:48	281.0000	305.0000	0
15:06:48	298.0000	401.0000	0
15:06:48	304.0000	368.0000	0
15:06:48	304.0000	346.0000	0
15:06:48	304.0000	318.0000	0
15:06:48	316.0000	400.0000	0
15:06:48	317.0000	368.0000	0
15:06:48	316.0000	337.0000	0
15:06:48	315.0000	320.0000	0
15:06:48	325.0000	402.0000	0
15:06:48	322.0000	368.0000	0
15:06:48	322.0000	341.0000	0
15:06:48	330.0000	320.0000	0
15:06:48	337.0000	401.0000	0
15:06:48	336.0000	365.0000	0
15:06:48	336.0000	346.0000	0
15:06:48	321.0000	317.0000	0
15:06:48	339.0000	406.0000	0
15:06:48	340.0000	371.0000	0
15:06:48	339.0000	349.0000	0
15:06:48	337.0000	322.0000	0
15:06:48	355.0000	404.0000	0
15:06:48	338.0000	368.0000	0
15:06:48	343.0000	350.0000	0
15:06:48	345.0000	325.0000	0
15:06:48	352.0000	403.0000	0
15:06:48	352.0000	374.0000	0
15:06:48	351.0000	348.0000	0
15:06:48	354.0000	326.0000	0
15:06:48	347.0000	406.0000	0
15:06:48	343.0000	368.0000	0
15:06:48	346.0000	350.0000	0
15:06:48	336.0000	418.0000	0
15:06:48	340.0000	385.0000	0
15:06:48	337.0000	357.0000	0
15:06:48	335.0000	333.0000	0
15:06:48	330.0000	398.0000	0
15:06:48	336.0000	377.0000	0
15:06:48	336.0000	351.0000	0
15:06:48	334.0000	323.0000	0
15:06:48	320.0000	399.0000	0
15:06:48	323.0000	374.0000	0
15:06:48	320.0000	336.0000	0
15:06:48	319.0000	329.0000	0
15:06:48	304.0000	400.0000	0
15:06:48	306.0000	368.0000	0
15:06:48	303.0000	343.0000	0
15:06:48	301.0000	317.0000	0
15:06:48	299.0000	401.0000	0
15:06:48	296.0000	368.0000	0
15:06:48	289.0000	339.0000	0
15:06:48	290.0000	318.0000	0
15:06:48	272.0000	396.0000	0
15:06:48	272.0000	366.0000	0
15:06:48	273.0000	335.0000	0
15:06:48	274.0000	311.0000	0
15:06:48	272.0000	396.0000	0
15:06:48	272.0000	366.0000	0
15:06:48	273.0000	336.0000	0
15:06:48	273.0000	308.0000	0
15:06:48	258.0000	398.0000	0
15:06:48	256.0000	364.0000	0
15:06:48	258.0000	334.0000	0
15:06:48	249.0000	306.0000	0
15:06:48	247.0000	396.0000	0
15:06:48	247.0000	361.0000	0
15:06:48	249.0000	333.0000	0
15:06:48	241.0000	304.0000	0
15:06:48	235.0000	382.0000	0
15:06:48	239.0000	361.0000	0
15:06:48	237.0000	320.0000	0
15:06:48	236.0000	403.0000	0
15:06:48	239.0000	367.0000	0
15:06:49	237.0000	334.0000	0
15:06:49	235.0000	310.0000	0
15:06:49	243.0000	401.0000	0
15:06:49	247.0000	361.0000	0
15:06:49	243.0000	330.0000	0
15:06:49	256.0000	304.0000	0
15:06:49	254.0000	398.0000	0
15:06:49	254.0000	358.0000	0
15:06:49	243.0000	329.0000	0
15:06:49	256.0000	304.0000	0
15:06:49	244.0000	397.0000	0
15:06:49	249.0000	359.0000	0
15:06:49	249.0000	336.0000	0
15:06:49	247.0000	306.0000	0
15:06:49	241.0000	393.0000	0
15:06:49	241.0000	355.0000	0
15:06:49	246.0000	338.0000	0
15:06:49	242.0000	304.0000	0
15:06:49	243.0000	395.0000	0
15:06:49	243.0000	358.0000	0
15:06:49	243.0000	332.0000	0
15:06:49	246.0000	304.0000	0
15:06:49	240.0000	393.0000	0
15:06:49	240.0000	356.0000	0
15:06:49	240.0000	329.0000	0
15:06:49	240.0000	304.0000	0
15:06:49	238.0000	398.0000	0
15:06:49	240.0000	357.0000	0
15:06:49	240.0000	329.0000	0
15:06:49	238.0000	304.0000	0
15:06:49	240.0000	395.0000	0
15:06:49	240.0000	355.0000	0
15:06:49	241.0000	330.0000	0
15:06:49	243.0000	395.0000	0
15:06:49	243.0000	368.0000	0
15:06:49	250.0000	329.0000	0
15:06:49	256.0000	311.0000	0
15:06:49	243.0000	389.0000	0
15:06:49	244.0000	360.0000	0
15:06:49	235.0000	319.0000	0
15:06:49	250.0000	304.0000	0
15:06:49	243.0000	397.0000	0
15:06:49	239.0000	356.0000	0
15:06:49	230.0000	320.0000	0
15:06:49	242.0000	297.0000	0
15:06:49	246.0000	393.0000	0
15:06:49	241.0000	357.0000	0
15:06:49	241.0000	334.0000	0
15:06:49	256.0000	304.0000	0
15:06:49	250.0000	395.0000	0
15:06:49	256.0000	368.0000	0
15:06:49	253.0000	333.0000	0
15:06:49	249.0000	305.0000	0
15:06:49	252.0000	395.0000	0
15:06:49	253.0000	363.0000	0
15:06:49	253.0000	334.0000	0
15:06:49	255.0000	307.0000	0
15:06:49	254.0000	396.0000	0
15:06:49	253.0000	363.0000	0
15:06:49	254.0000	334.0000	0
15:06:49	251.0000	305.0000	0
15:06:49	240.0000	395.0000	0
15:06:49	240.0000	363.0000	0
15:06:49	231.0000	332.0000	0
15:06:49	240.0000	403.0000	0
15:06:49	3696.0000	736.0000	0
15:06:49	3687.0000	825.0000	0
15:06:49	3696.0000	886.0000	16
15:06:49	3698.0000	923.0000	0
15:06:49	3698.0000	992.0000	4
15:06:49	3697.0000	1036.0000	31
15:06:49	3699.0000	732.0000	0
15:06:49	3702.0000	822.0000	0
15:06:49	3702.0000	885.0000	14
15:06:49	3714.0000	925.0000	0
15:06:49	3707.0000	991.0000	9
15:06:49	3709.0000	1032.0000	34
15:06:49	3709.0000	1074.0000	53
15:06:49	3696.0000	1106.0000	0
15:06:49	3712.0000	1152.0000	18
15:06:49	3694.0000	1165.0000	34
15:06:49	3696.0000	1192.0000	58
15:06:49	3709.0000	1223.0000	0
15:06:49	3712.0000	1243.0000	19
15:06:49	3711.0000	1249.0000	53
15:06:49	3698.0000	1264.0000	0
15:06:49	3711.0000	1280.0000	27
15:06:49	3715.0000	1288.0000	50
15:06:49	3712.0000	1286.0000	83
15:06:49	3698.0000	1329.0000	0
15:06:49	3714.0000	1316.0000	36
15:06:49	3693.0000	1322.0000	47
15:06:49	3682.0000	1328.0000	59
15:06:49	3713.0000	1360.0000	0
15:06:49	3711.0000	1338.0000	43
15:06:49	3710.0000	1345.0000	70
15:06:49	3713.0000	1350.0000	0
15:06:49	3706.0000	1341.0000	32
15:06:49	3700.0000	1345.0000	59
15:06:49	3705.0000	1349.0000	80
15:06:49	3716.0000	1370.0000	0
15:06:49	3711.0000	1360.0000	37
15:06:49	3703.0000	1362.0000	54
15:06:49	3699.0000	1361.0000	85
15:06:49	3712.0000	1382.0000	0
15:06:49	3702.0000	1362.0000	42
15:06:49	3706.0000	1366.0000	61
15:06:49	3724.0000	1386.0000	0
15:06:49	3706.0000	1368.0000	29
15:06:49	3703.0000	1365.0000	66
15:06:49	3702.0000	1369.0000	78
15:06:49	3714.0000	1392.0000	0
15:06:49	3709.0000	1378.0000	34
15:06:49	3703.0000	1373.0000	73
15:06:49	3707.0000	1364.0000	97
15:06:49	3714.0000	1398.0000	0
15:06:49	3703.0000	1389.0000	30
15:06:49	3701.0000	1384.0000	64
15:06:49	3712.0000	1382.0000	0
15:06:49	3722.0000	1379.0000	27
15:06:49	3706.0000	1368.0000	58
15:06:49	3709.0000	1360.0000	90
15:06:49	3710.0000	1391.0000	0
15:06:49	3721.0000	1389.0000	33
15:06:49	3703.0000	1377.0000	62
15:06:49	3709.0000	1363.0000	93
15:06:49	3712.0000	1396.0000	0
15:06:49	3726.0000	1396.0000	29
15:06:49	3703.0000	1384.0000	60
15:06:50	3703.0000	1386.0000	0
15:06:50	3712.0000	1379.0000	25
15:06:50	3725.0000	1384.0000	57
15:06:50	3703.0000	1373.0000	79
15:06:50	3703.0000	1392.0000	0
15:06:50	3722.0000	1387.0000	30
15:06:50	3728.0000	1389.0000	60
15:06:50	3711.0000	1389.0000	0
15:06:50	3720.0000	1381.0000	30
15:06:50	3706.0000	1374.0000	61
15:06:50	3719.0000	1372.0000	81
15:06:50	3713.0000	1393.0000	0
15:06:50	3721.0000	1385.0000	34
15:06:50	3701.0000	1378.0000	57
15:06:50	3718.0000	1382.0000	79
15:06:50	3714.0000	1401.0000	0
15:06:50	3725.0000	1393.0000	33
15:06:50	3715.0000	1386.0000	62
15:06:50	3709.0000	1391.0000	0
15:06:50	3707.0000	1384.0000	29
15:06:50	3721.0000	1375.0000	59
15:06:50	3703.0000	1371.0000	80
15:06:50	3701.0000	1392.0000	0
15:06:50	3704.0000	1382.0000	35
15:06:50	3711.0000	1372.0000	66
15:06:50	3705.0000	1371.0000	85
15:06:50	3705.0000	1408.0000	0
15:06:50	3690.0000	1385.0000	30
15:06:50	3711.0000	1376.0000	69
15:06:50	3705.0000	1383.0000	0
15:06:50	3706.0000	1380.0000	31
15:06:50	3679.0000	1369.0000	49
15:06:50	3709.0000	1370.0000	80
15:06:50	3711.0000	1390.0000	0
15:06:50	3711.0000	1382.0000	31
15:06:50	3699.0000	1381.0000	57
15:06:50	3710.0000	1377.0000	79
15:06:50	3711.0000	1395.0000	0
15:06:50	3703.0000	1383.0000	34
15:06:50	3701.0000	1377.0000	64
15:06:50	3709.0000	1381.0000	0
15:06:50	3697.0000	1375.0000	29
15:06:50	3702.0000	1369.0000	61
15:06:50	3710.0000	1372.0000	80
15:06:50	3698.0000	1392.0000	0
15:06:50	3706.0000	1387.0000	29
15:06:50	3702.0000	1369.0000	59
15:06:50	3705.0000	1374.0000	80
15:06:50	3711.0000	1396.0000	0
15:06:50	3702.0000	1391.0000	32
15:06:50	3701.0000	1387.0000	61
15:06:50	3707.0000	1389.0000	0
15:06:50	3703.0000	1384.0000	27
15:06:50	3703.0000	1378.0000	58
15:06:50	3702.0000	1372.0000	78
15:06:50	3714.0000	1397.0000	0
15:06:50	3708.0000	1391.0000	29
15:06:50	3702.0000	1382.0000	59
15:06:50	3704.0000	1379.0000	80
15:06:50	3707.0000	1401.0000	0
15:06:50	3707.0000	1392.0000	31
15:06:50	3703.0000	1386.0000	61
15:06:50	3713.0000	1393.0000	0
15:06:50	3703.0000	1384.0000	26
15:06:50	3702.0000	1378.0000	58
15:06:50	3703.0000	1370.0000	80
15:06:50	3703.0000	1396.0000	0
15:06:50	3703.0000	1393.0000	27
15:06:50	3699.0000	1380.0000	55
15:06:50	3700.0000	1382.0000	79
15:06:50	3713.0000	1407.0000	0
15:06:50	3685.0000	1398.0000	17
15:06:50	3702.0000	1387.0000	60
15:06:50	3695.0000	1385.0000	0
15:06:50	3706.0000	1390.0000	30
15:06:50	3681.0000	1377.0000	52
15:06:50	3710.0000	1378.0000	82
15:06:50	3690.0000	1390.0000	0
15:06:50	3703.0000	1395.0000	28
15:06:50	3678.0000	1382.0000	48
15:06:50	3710.0000	1376.0000	82
15:06:50	3705.0000	1394.0000	0
15:06:50	3699.0000	1387.0000	33
15:06:50	3707.0000	1381.0000	63
15:06:50	3711.0000	1390.0000	0
15:06:50	3698.0000	1383.0000	30
15:06:50	3701.0000	1379.0000	61
15:06:50	3701.0000	1367.0000	84
15:06:50	3707.0000	1398.0000	0
15:06:50	3689.0000	1379.0000	32
15:06:50	3701.0000	1381.0000	64
15:06:50	3691.0000	1377.0000	75
15:06:50	3709.0000	1407.0000	0
15:06:50	3697.0000	1392.0000	29
15:06:50	3697.0000	1389.0000	59
15:06:50	3702.0000	1392.0000	0
15:06:50	3696.0000	1384.0000	27
15:06:50	3701.0000	1380.0000	58
15:06:50	3702.0000	1376.0000	80
15:06:50	3705.0000	1399.0000	0
15:06:50	3696.0000	1392.0000	30
15:06:50	3702.0000	1379.0000	59
15:06:50	3698.0000	1383.0000	80
15:06:50	3707.0000	1406.0000	0
15:06:50	3703.0000	1394.0000	27
15:06:50	3696.0000	1388.0000	60
15:06:50	3708.0000	1392.0000	0
15:06:50	3707.0000	1386.0000	30
15:06:50	3698.0000	1371.0000	64
15:06:50	3697.0000	1371.0000	84
15:06:50	3707.0000	1399.0000	0
15:06:50	3704.0000	1391.0000	33
15:06:50	3701.0000	1382.0000	62
15:06:50	3701.0000	1382.0000	81
15:06:50	3706.0000	1398.0000	0
15:06:50	3700.0000	1392.0000	30
15:06:50	3697.0000	1384.0000	58
15:06:50	3702.0000	1390.0000	0
15:06:50	3696.0000	1382.0000	31
15:06:50	3697.0000	1378.0000	57
15:06:50	3695.0000	1375.0000	79
15:06:50	3709.0000	1397.0000	0
15:06:50	3697.0000	1390.0000	26
15:06:50	3697.0000	1381.0000	61
15:06:50	3710.0000	1390.0000	0
15:06:50	3703.0000	1378.0000	34
15:06:50	3699.0000	1373.0000	64
15:06:50	3699.0000	1376.0000	78
15:06:50	3710.0000	1394.0000	0
15:06:50	3707.0000	1383.0000	38
15:06:50	3697.0000	1378.0000	58
15:06:51	3697.0000	1375.0000	79
15:06:51	3709.0000	1397.0000	0
15:06:51	3698.0000	1384.0000	39
15:06:51	3711.0000	1377.0000	55
15:06:51	3709.0000	1396.0000	0
15:06:51	3697.0000	1381.0000	30
15:06:51	3696.0000	1374.0000	67
15:06:51	3696.0000	1374.0000	78
15:06:51	3718.0000	1407.0000	0
15:06:51	3698.0000	1393.0000	29
15:06:51	3687.0000	1373.0000	64
15:06:51	3703.0000	1375.0000	75
15:06:51	3727.0000	1408.0000	0
15:06:51	3698.0000	1392.0000	31
15:06:51	3705.0000	1377.0000	64
15:06:51	3703.0000	1387.0000	0
15:06:51	3699.0000	1385.0000	34
15:06:51	3702.0000	1375.0000	61
15:06:51	3699.0000	1374.0000	85
15:06:51	3705.0000	1395.0000	0
15:06:51	3696.0000	1390.0000	26
15:06:51	3696.0000	1383.0000	55
15:06:51	3695.0000	1384.0000	80
15:06:51	3702.0000	1395.0000	0
15:06:51	3697.0000	1395.0000	26
15:06:51	3701.0000	1386.0000	61
15:06:51	3727.0000	1385.0000	0
15:06:51	3713.0000	1401.0000	17
15:06:51	3683.0000	1374.0000	60
15:06:51	3703.0000	1372.0000	82
15:06:51	3706.0000	1397.0000	0
15:06:51	3699.0000	1392.0000	30
15:06:51	3703.0000	1386.0000	62
15:06:51	3703.0000	1382.0000	80
15:06:51	3725.0000	1397.0000	0
15:06:51	3706.0000	1393.0000	29
15:06:51	3707.0000	1382.0000	60
15:06:51	3681.0000	1377.0000	0
15:06:51	3710.0000	1387.0000	32
15:06:51	3706.0000	1377.0000	57
15:06:51	3705.0000	1376.0000	85
15:06:51	3703.0000	1395.0000	0
15:06:51	3719.0000	1397.0000	26
15:06:51	3712.0000	1402.0000	48
15:06:51	3731.0000	1381.0000	80
15:06:51	3682.0000	1393.0000	0
15:06:51	3717.0000	1395.0000	27
15:06:51	3715.0000	1403.0000	48
15:06:51	3705.0000	1392.0000	0
15:06:51	3728.0000	1388.0000	29
15:06:51	3704.0000	1380.0000	58
15:06:51	3711.0000	1377.0000	77
15:06:51	3709.0000	1394.0000	0
15:06:51	3693.0000	1393.0000	16
15:06:51	3664.0000	1383.0000	57
15:06:51	3707.0000	1384.0000	80
15:06:51	3699.0000	1403.0000	0
15:06:51	3702.0000	1395.0000	29
15:06:51	3717.0000	1385.0000	57
15:06:51	3707.0000	1391.0000	0
15:06:51	3707.0000	1381.0000	31
15:06:51	3701.0000	1373.0000	57
15:06:51	3721.0000	1374.0000	78
15:06:51	3693.0000	1386.0000	0
15:06:51	3697.0000	1387.0000	29
15:06:51	3680.0000	1379.0000	51
15:06:51	3718.0000	1385.0000	78
15:06:51	3682.0000	1391.0000	0
15:06:51	3696.0000	1392.0000	30
15:06:51	3683.0000	1379.0000	48
15:06:51	3703.0000	1383.0000	0
15:06:51	3682.0000	1382.0000	14
15:06:51	3701.0000	1368.0000	61
15:06:51	3691.0000	1374.0000	68
15:06:51	3705.0000	1392.0000	0
15:06:51	3707.0000	1389.0000	28
15:06:51	3698.0000	1380.0000	58
15:06:51	3698.0000	1381.0000	79
15:06:51	3701.0000	1397.0000	0
15:06:51	3701.0000	1392.0000	29
15:06:51	3700.0000	1379.0000	60
15:06:51	3698.0000	1386.0000	0
15:06:51	3697.0000	1383.0000	28
15:06:51	3639.0000	1373.0000	49
15:06:51	3710.0000	1376.0000	80
15:06:51	3685.0000	1386.0000	0
15:06:51	3698.0000	1393.0000	31
15:06:51	3679.0000	1378.0000	46
15:06:51	3697.0000	1377.0000	80
15:06:51	3704.0000	1401.0000	0
15:06:51	3701.0000	1396.0000	32
15:06:51	3705.0000	1385.0000	53
15:06:51	3699.0000	1392.0000	0
15:06:51	3704.0000	1387.0000	29
15:06:51	3709.0000	1379.0000	55
15:06:51	3703.0000	1376.0000	78
15:06:51	3713.0000	1396.0000	0
15:06:51	3703.0000	1393.0000	26
15:06:51	3703.0000	1381.0000	59
15:06:51	3681.0000	1384.0000	68
15:06:51	3710.0000	1402.0000	0
15:06:51	3685.0000	1395.0000	16
15:06:51	3707.0000	1383.0000	60
15:06:51	3715.0000	1391.0000	0
15:06:51	3705.0000	1385.0000	26
15:06:51	3706.0000	1376.0000	57
15:06:51	3701.0000	1375.0000	79
15:06:51	3707.0000	1394.0000	0
15:06:51	3707.0000	1390.0000	28
15:06:51	3700.0000	1378.0000	61
15:06:51	3713.0000	1390.0000	0
15:06:51	3699.0000	1376.0000	34
15:06:51	3705.0000	1373.0000	64
15:06:51	3708.0000	1369.0000	80
15:06:51	3708.0000	1396.0000	0
15:06:51	3698.0000	1391.0000	27
15:06:51	3709.0000	1380.0000	55
15:06:51	3712.0000	1382.0000	80
15:06:51	3713.0000	1403.0000	0
15:06:51	3700.0000	1393.0000	26
15:06:51	3706.0000	1382.0000	57
15:06:51	3712.0000	1392.0000	0
15:06:51	3705.0000	1383.0000	27
15:06:51	3702.0000	1375.0000	59
15:06:51	3710.0000	1373.0000	80
15:06:51	3714.0000	1396.0000	0
15:06:51	3696.0000	1389.0000	27
15:06:51	3705.0000	1385.0000	58
15:06:51	3706.0000	1379.0000	80
15:06:51	3706.0000	1398.0000	0
15:06:51	3699.0000	1395.0000	22
15:06:51	3701.0000	1379.0000	54
15:06:51	3708.0000	1390.0000	0
15:06:51	3709.0000	1385.0000	32
15:06:51	3702.0000	1377.0000	64
15:06:51	3700.0000	1371.0000	83
15:06:51	3711.0000	1398.0000	0
15:06:51	3698.0000	1386.0000	29
15:06:51	3699.0000	1387.0000	64
15:06:51	3685.0000	1373.0000	71
15:06:51	3710.0000	1402.0000	0
15:06:51	3712.0000	1391.0000	32
15:06:51	3713.0000	1381.0000	65
15:06:51	3708.0000	1387.0000	0
15:06:51	3706.0000	1392.0000	32
15:06:51	3721.0000	1374.0000	66
15:06:51	3723.0000	1388.0000	85
15:06:52	3711.0000	1398.0000	0
15:06:52	3728.0000	1387.0000	37
15:06:52	3710.0000	1380.0000	66
15:06:52	3711.0000	1372.0000	100
15:06:52	3710.0000	1402.0000	0
15:06:52	3728.0000	1395.0000	29
15:06:52	3709.0000	1385.0000	65
15:06:52	3727.0000	1402.0000	0
15:06:52	3711.0000	1386.0000	35
15:06:52	511.0000	591.0000	0
15:06:52	509.0000	550.0000	0
15:06:52	511.0000	501.0000	0
15:06:52	631.0000	508.0000	0
15:06:52	627.0000	479.0000	0
15:06:52	624.0000	453.0000	0
15:06:52	211.0000	562.0000	0
15:06:52	218.0000	507.0000	0
15:06:52	222.0000	457.0000	0
15:06:52	224.0000	431.0000	0
15:06:52	198.0000	438.0000	0
15:06:52	207.0000	402.0000	0
15:06:52	212.0000	358.0000	0
15:06:52	212.0000	423.0000	0
15:06:52	210.0000	382.0000	0
15:06:52	208.0000	348.0000	0
15:06:52	210.0000	320.0000	0
15:06:52	213.0000	400.0000	0
15:06:52	210.0000	361.0000	0
15:06:52	212.0000	330.0000	0
15:06:52	211.0000	304.0000	0
15:06:52	208.0000	394.0000	0
15:06:52	207.0000	355.0000	0
15:06:52	208.0000	327.0000	0
15:06:52	206.0000	301.0000	0
15:06:52	205.0000	392.0000	0
15:06:52	208.0000	353.0000	0
15:06:52	207.0000	320.0000	0
15:06:52	208.0000	298.0000	0
15:06:52	199.0000	391.0000	0
15:06:52	205.0000	350.0000	0
15:06:52	203.0000	321.0000	0
15:06:52	202.0000	297.0000	0
15:06:52	198.0000	397.0000	0
15:06:52	199.0000	351.0000	0
15:06:52	202.0000	320.0000	0
15:06:52	199.0000	294.0000	0
15:06:52	196.0000	385.0000	0
15:06:52	201.0000	351.0000	0
15:06:52	207.0000	334.0000	0
15:06:52	200.0000	294.0000	0
15:06:52	185.0000	390.0000	0
15:06:52	196.0000	352.0000	0
15:06:52	202.0000	329.0000	0
15:06:52	194.0000	295.0000	0
15:06:52	192.0000	389.0000	0
15:06:52	201.0000	349.0000	0
15:06:52	206.0000	332.0000	0
15:06:52	208.0000	304.0000	0
15:06:52	190.0000	389.0000	0
15:06:52	197.0000	349.0000	0
15:06:52	203.0000	329.0000	0
15:06:52	208.0000	400.0000	0
15:06:52	208.0000	359.0000	0
15:06:52	207.0000	328.0000	0
15:06:52	214.0000	310.0000	0
15:06:52	199.0000	391.0000	0
15:06:52	201.0000	350.0000	0
15:06:52	195.0000	323.0000	0
15:06:52	208.0000	304.0000	0
15:06:52	195.0000	390.0000	0
15:06:52	197.0000	352.0000	0
15:06:52	197.0000	322.0000	0
15:06:52	203.0000	303.0000	0
15:06:52	194.0000	389.0000	0
15:06:52	201.0000	358.0000	0
15:06:52	208.0000	312.0000	0
15:06:52	194.0000	297.0000	0
15:06:52	197.0000	375.0000	0
15:06:52	201.0000	359.0000	0
15:06:52	197.0000	327.0000	0
15:06:52	192.0000	299.0000	0
15:06:52	193.0000	389.0000	0
15:06:52	197.0000	358.0000	0
15:06:52	193.0000	322.0000	0
15:06:52	192.0000	304.0000	0
15:06:52	205.0000	388.0000	0
15:06:52	208.0000	359.0000	0
15:06:52	202.0000	320.0000	0
15:06:52	204.0000	304.0000	0
15:06:52	177.0000	377.0000	0
15:06:52	202.0000	357.0000	0
15:06:52	201.0000	331.0000	0
15:06:52	196.0000	304.0000	0
15:06:52	176.0000	378.0000	0
15:06:52	198.0000	342.0000	0
15:06:52	195.0000	321.0000	0
15:06:52	183.0000	400.0000	0
15:06:52	192.0000	361.0000	0
15:06:52	200.0000	336.0000	0
15:06:52	196.0000	301.0000	0
15:06:52	192.0000	390.0000	0
15:06:52	193.0000	352.0000	0
15:06:52	195.0000	333.0000	0
15:06:52	194.0000	295.0000	0
15:06:52	192.0000	385.0000	0
15:06:52	192.0000	349.0000	0
15:06:52	193.0000	327.0000	0
15:06:52	192.0000	290.0000	0
15:06:52	183.0000	387.0000	0
15:06:52	187.0000	349.0000	0
15:06:52	188.0000	325.0000	0
15:06:52	187.0000	291.0000	0
15:06:52	192.0000	386.0000	0
15:06:52	192.0000	346.0000	0
15:06:52	193.0000	319.0000	0
15:06:52	192.0000	291.0000	0
15:06:52	205.0000	386.0000	0
15:06:52	208.0000	349.0000	0
15:06:52	209.0000	317.0000	0
15:06:52	207.0000	295.0000	0
15:06:52	208.0000	396.0000	0
15:06:52	208.0000	351.0000	0
15:06:52	207.0000	321.0000	0
15:06:52	208.0000	295.0000	0
15:06:52	208.0000	390.0000	0
15:06:52	195.0000	339.0000	0
15:06:53	208.0000	323.0000	0
15:06:53	208.0000	299.0000	0
15:06:53	205.0000	385.0000	0
15:06:53	193.0000	341.0000	0
15:06:53	202.0000	320.0000	0
15:06:53	208.0000	286.0000	0
15:06:53	207.0000	384.0000	0
15:06:53	206.0000	348.0000	0
15:06:53	203.0000	321.0000	0
15:06:53	206.0000	400.0000	0
15:06:53	202.0000	356.0000	0
15:06:53	199.0000	331.0000	0
15:06:53	208.0000	304.0000	0
15:06:53	210.0000	394.0000	0
15:06:53	210.0000	355.0000	0
15:06:53	210.0000	325.0000	0
15:06:53	211.0000	299.0000	0
15:06:53	222.0000	384.0000	0
15:06:53	227.0000	355.0000	0
15:06:53	226.0000	322.0000	0
15:06:53	235.0000	304.0000	0
15:06:53	253.0000	395.0000	0
15:06:53	255.0000	353.0000	0
15:06:53	256.0000	330.0000	0
15:06:53	256.0000	304.0000	0
15:06:53	285.0000	400.0000	0
15:06:53	285.0000	367.0000	0
15:06:53	282.0000	336.0000	0
15:06:53	283.0000	310.0000	0
15:06:53	273.0000	400.0000	0
15:06:53	272.0000	363.0000	0
15:06:53	273.0000	336.0000	0
15:06:53	272.0000	317.0000	0
15:06:53	249.0000	400.0000	0
15:06:53	240.0000	362.0000	0
15:06:53	247.0000	323.0000	0
15:06:53	250.0000	315.0000	0
15:06:53	231.0000	385.0000	0
15:06:53	226.0000	358.0000	0
15:06:53	211.0000	318.0000	0
15:06:53	234.0000	304.0000	0
15:06:53	223.0000	382.0000	0
15:06:53	225.0000	357.0000	0
15:06:53	227.0000	327.0000	0
15:06:53	229.0000	304.0000	0
15:06:53	215.0000	392.0000	0
15:06:53	213.0000	354.0000	0
15:06:53	213.0000	325.0000	0
15:06:53	222.0000	399.0000	0
15:06:53	222.0000	365.0000	0
15:06:53	209.0000	332.0000	0
15:06:53	219.0000	307.0000	0
15:06:53	206.0000	397.0000	0
15:06:53	209.0000	354.0000	0
15:06:53	211.0000	335.0000	0
15:06:53	208.0000	301.0000	0
15:06:53	203.0000	386.0000	0
15:06:53	204.0000	352.0000	0
15:06:53	208.0000	334.0000	0
15:06:53	203.0000	298.0000	0
15:06:53	205.0000	389.0000	0
15:06:53	206.0000	351.0000	0
15:06:53	207.0000	332.0000	0
15:06:53	207.0000	298.0000	0
15:06:53	206.0000	387.0000	0
15:06:53	206.0000	354.0000	0
15:06:53	208.0000	324.0000	0
15:06:53	206.0000	295.0000	0
15:06:53	208.0000	391.0000	0
15:06:53	208.0000	354.0000	0
15:06:53	208.0000	327.0000	0
15:06:53	210.0000	298.0000	0
15:06:53	206.0000	385.0000	0
15:06:53	196.0000	340.0000	0
15:06:53	208.0000	322.0000	0
15:06:53	206.0000	304.0000	0
15:06:53	202.0000	389.0000	0
15:06:53	205.0000	351.0000	0
15:06:53	205.0000	321.0000	0
15:06:53	204.0000	295.0000	0
15:06:53	205.0000	386.0000	0
15:06:53	203.0000	349.0000	0
15:06:53	208.0000	327.0000	0
15:06:53	204.0000	400.0000	0
15:06:53	208.0000	367.0000	0
15:06:53	204.0000	327.0000	0
15:06:53	203.0000	309.0000	0
15:06:53	199.0000	391.0000	0
15:06:53	197.0000	363.0000	0
15:06:53	198.0000	321.0000	0
15:06:53	199.0000	299.0000	0
15:06:53	206.0000	386.0000	0
15:06:53	206.0000	350.0000	0
15:06:53	205.0000	320.0000	0
15:06:53	207.0000	293.0000	0
15:06:53	202.0000	389.0000	0
15:06:53	206.0000	350.0000	0
15:06:53	203.0000	322.0000	0
15:06:53	203.0000	299.0000	0
15:06:53	208.0000	390.0000	0
15:06:53	208.0000	351.0000	0
15:06:53	208.0000	322.0000	0
15:06:53	207.0000	294.0000	0
15:06:53	203.0000	390.0000	0
15:06:53	208.0000	354.0000	0
15:06:53	207.0000	321.0000	0
15:06:53	208.0000	295.0000	0
15:06:53	203.0000	391.0000	0
15:06:53	208.0000	351.0000	0
15:06:53	206.0000	322.0000	0
15:06:53	205.0000	298.0000	0
15:06:53	208.0000	393.0000	0
15:06:53	208.0000	341.0000	0
15:06:53	206.0000	323.0000	0
15:06:53	207.0000	299.0000	0
15:06:53	208.0000	390.0000	0
15:06:53	206.0000	352.0000	0
15:06:53	204.0000	325.0000	0
15:06:53	198.0000	400.0000	0
15:06:53	198.0000	360.0000	0
15:06:53	203.0000	332.0000	0
15:06:53	205.0000	304.0000	0
15:06:53	213.0000	393.0000	0
15:06:53	215.0000	353.0000	0
15:06:53	214.0000	325.0000	0
15:06:53	210.0000	299.0000	0
15:06:53	210.0000	387.0000	0
15:06:53	208.0000	349.0000	0
15:06:53	208.0000	325.0000	0
15:06:53	209.0000	298.0000	0
15:06:53	208.0000	390.0000	0
15:06:53	206.0000	355.0000	0
15:06:53	208.0000	313.0000	0
15:06:53	207.0000	302.0000	0
15:06:53	208.0000	390.0000	0
15:06:53	210.0000	350.0000	0
15:06:53	208.0000	320.0000	0
15:06:53	208.0000	299.0000	0
15:06:53	205.0000	390.0000	0
15:06:53	202.0000	351.0000	0
15:06:53	202.0000	320.0000	0
15:06:53	202.0000	297.0000	0
15:06:53	209.0000	390.0000	0
15:06:53	210.0000	352.0000	0
15:06:53	212.0000	322.0000	0
15:06:53	212.0000	297.0000	0
15:06:53	208.0000	392.0000	0
15:06:53	208.0000	353.0000	0
15:06:54	205.0000	323.0000	0
15:06:54	206.0000	298.0000	0
15:06:54	208.0000	393.0000	0
15:06:54	208.0000	353.0000	0
15:06:54	208.0000	322.0000	0
15:06:54	208.0000	400.0000	0
15:06:54	208.0000	362.0000	0
15:06:54	208.0000	331.0000	0
15:06:54	209.0000	304.0000	0
15:06:54	207.0000	392.0000	0
15:06:54	207.0000	346.0000	0
15:06:54	208.0000	326.0000	0
15:06:54	208.0000	291.0000	0
15:06:54	208.0000	387.0000	0
15:06:54	208.0000	339.0000	0
15:06:54	208.0000	322.0000	0
15:06:54	208.0000	289.0000	0
15:06:54	216.0000	389.0000	0
15:06:54	212.0000	342.0000	0
15:06:54	215.0000	323.0000	0
15:06:54	212.0000	290.0000	0
15:06:54	211.0000	393.0000	0
15:06:54	208.0000	343.0000	0
15:06:54	211.0000	327.0000	0
15:06:54	212.0000	298.0000	0
15:06:54	218.0000	391.0000	0
15:06:54	215.0000	353.0000	0
15:06:54	213.0000	325.0000	0
15:06:54	216.0000	300.0000	0
15:06:54	207.0000	392.0000	0
15:06:54	208.0000	353.0000	0
15:06:54	207.0000	324.0000	0
15:06:54	209.0000	299.0000	0
15:06:54	218.0000	391.0000	0
15:06:54	214.0000	353.0000	0
15:06:54	217.0000	325.0000	0
15:06:54	219.0000	304.0000	0
15:06:54	213.0000	391.0000	0
15:06:54	211.0000	342.0000	0
15:06:54	224.0000	323.0000	0
15:06:54	211.0000	305.0000	0
15:06:54	209.0000	389.0000	0
15:06:54	211.0000	355.0000	0
15:06:54	211.0000	332.0000	0
15:06:54	227.0000	400.0000	0
15:06:54	225.0000	365.0000	0
15:06:54	226.0000	333.0000	0
15:06:54	221.0000	304.0000	0
15:06:54	213.0000	396.0000	0
15:06:54	215.0000	357.0000	0
15:06:54	218.0000	328.0000	0
15:06:54	215.0000	298.0000	0
15:06:54	226.0000	393.0000	0
15:06:54	232.0000	355.0000	0
15:06:54	230.0000	325.0000	0
15:06:54	223.0000	303.0000	0
15:06:54	224.0000	393.0000	0
15:06:54	222.0000	353.0000	0
15:06:54	223.0000	325.0000	0
15:06:54	223.0000	304.0000	0
15:06:54	218.0000	391.0000	0
15:06:54	218.0000	353.0000	0
15:06:54	214.0000	325.0000	0
15:06:54	217.0000	299.0000	0
15:06:54	231.0000	391.0000	0
15:06:54	229.0000	356.0000	0
15:06:54	231.0000	325.0000	0
15:06:54	227.0000	304.0000	0
15:06:54	225.0000	394.0000	0
15:06:54	225.0000	354.0000	0
15:06:54	230.0000	325.0000	0
15:06:54	230.0000	303.0000	0
15:06:54	275.0000	393.0000	0
15:06:54	272.0000	361.0000	0
15:06:54	275.0000	323.0000	0
15:06:54	275.0000	311.0000	0
15:06:54	425.0000	403.0000	0
15:06:54	432.0000	373.0000	0
15:06:54	442.0000	346.0000	0
15:06:54	447.0000	336.0000	0
15:06:54	654.0000	425.0000	0
15:06:54	659.0000	402.0000	0
15:06:54	669.0000	385.0000	0
15:06:54	656.0000	447.0000	0
15:06:54	656.0000	427.0000	0
15:06:54	655.0000	400.0000	0
15:06:54	646.0000	388.0000	0
15:06:54	575.0000	446.0000	0
15:06:54	570.0000	417.0000	0
15:06:54	569.0000	398.0000	0
15:06:54	571.0000	374.0000	0
15:06:54	550.0000	438.0000	0
15:06:54	559.0000	405.0000	0
15:06:54	575.0000	393.0000	0
15:06:54	592.0000	375.0000	0
15:06:54	678.0000	445.0000	0
15:06:54	689.0000	426.0000	0
15:06:54	707.0000	413.0000	0
15:06:54	720.0000	395.0000	0
15:06:54	763.0000	453.0000	0
15:06:54	779.0000	438.0000	0
15:06:54	793.0000	432.0000	0
15:06:54	785.0000	410.0000	0
15:06:54	906.0000	481.0000	0
15:06:54	912.0000	459.0000	0
15:06:54	910.0000	446.0000	0
15:06:54	897.0000	432.0000	0
15:06:54	1367.0000	503.0000	0
15:06:54	1391.0000	509.0000	0
15:06:54	1398.0000	511.0000	0
15:06:54	1733.0000	569.0000	0
15:06:54	1744.0000	582.0000	0
15:06:54	3699.0000	730.0000	0
15:06:54	3716.0000	822.0000	0
15:06:54	3712.0000	883.0000	19
15:06:54	3718.0000	921.0000	0
15:06:54	3706.0000	989.0000	5
15:06:54	3705.0000	1032.0000	35
15:06:54	3709.0000	1067.0000	55
15:06:54	3710.0000	1105.0000	0
15:06:54	3691.0000	720.0000	0
15:06:54	3686.0000	811.0000	0
15:06:54	3678.0000	885.0000	0
15:06:54	3696.0000	917.0000	0
15:06:54	3699.0000	988.0000	1
15:06:54	3696.0000	1033.0000	21
15:06:54	3698.0000	1071.0000	46
15:06:54	3703.0000	1104.0000	0
15:06:54	3697.0000	1145.0000	11
15:06:54	3702.0000	1169.0000	38
15:06:54	3697.0000	1192.0000	60
15:06:54	3703.0000	1218.0000	0
15:06:54	3695.0000	1241.0000	18
15:06:54	3697.0000	1251.0000	48
15:06:54	3685.0000	1250.0000	0
15:06:54	3701.0000	1275.0000	20
15:06:54	3696.0000	1277.0000	49
15:06:54	3699.0000	1283.0000	71
15:06:55	3701.0000	1309.0000	0
15:06:55	3703.0000	1320.0000	22
15:06:55	3696.0000	1323.0000	49
15:06:55	3709.0000	1328.0000	75
15:06:55	3705.0000	1346.0000	0
15:06:55	3700.0000	1344.0000	26
15:06:55	3704.0000	1344.0000	55
15:06:55	3707.0000	1347.0000	0
15:06:55	3692.0000	1351.0000	26
15:06:55	3705.0000	1347.0000	55
15:06:55	3701.0000	1347.0000	80
15:06:55	3701.0000	1369.0000	0
15:06:55	3695.0000	1367.0000	26
15:06:55	3698.0000	1364.0000	56
15:06:55	3696.0000	1362.0000	78
15:06:55	3698.0000	1385.0000	0
15:06:55	3667.0000	1380.0000	31
15:06:55	3695.0000	1371.0000	57
15:06:55	3691.0000	1370.0000	0
15:06:55	3696.0000	1371.0000	23
15:06:55	3694.0000	1367.0000	52
15:06:55	3701.0000	1361.0000	77
15:06:55	3699.0000	1383.0000	0
15:06:55	3693.0000	1376.0000	26
15:06:55	3696.0000	1369.0000	58
15:06:55	3696.0000	1371.0000	82
15:06:55	3701.0000	1391.0000	0
15:06:55	3696.0000	1384.0000	28
15:06:55	3695.0000	1377.0000	58
15:06:55	3701.0000	1378.0000	0
15:06:55	3693.0000	1378.0000	25
15:06:55	3694.0000	1372.0000	55
15:06:55	3689.0000	1368.0000	77
15:06:55	3687.0000	1392.0000	0
15:06:55	3674.0000	1382.0000	28
15:06:55	3675.0000	1383.0000	60
15:06:55	3664.0000	1377.0000	80
15:06:55	2737.0000	1350.0000	0
15:06:55	2707.0000	1318.0000	19
15:06:55	2672.0000	1281.0000	44
15:06:55	2181.0000	1217.0000	0
15:06:55	2159.0000	1180.0000	11
15:06:55	2131.0000	1140.0000	30
15:06:55	2118.0000	1094.0000	43
15:06:55	1870.0000	1043.0000	0
15:06:55	1849.0000	1012.0000	0
15:06:55	1833.0000	972.0000	16
15:06:55	1813.0000	936.0000	28
15:06:55	2311.0000	925.0000	0
15:06:55	2373.0000	934.0000	0
15:06:55	2451.0000	936.0000	13
15:06:55	3312.0000	960.0000	0
15:06:55	3367.0000	1003.0000	0
15:06:55	3335.0000	1037.0000	30
15:06:55	3327.0000	1061.0000	48
15:06:55	2672.0000	1060.0000	0
15:06:55	2640.0000	1067.0000	15
15:06:55	2608.0000	1056.0000	27
15:06:55	2559.0000	1045.0000	46
15:06:55	2194.0000	1014.0000	0
15:06:55	2176.0000	1007.0000	4
15:06:55	2160.0000	984.0000	18
15:06:55	1815.0000	922.0000	0
15:06:55	1799.0000	898.0000	0
15:06:55	1782.0000	877.0000	4
15:06:55	1763.0000	850.0000	16
15:06:55	1454.0000	807.0000	0
15:06:55	1439.0000	765.0000	0
15:06:55	1424.0000	742.0000	0
15:06:55	1414.0000	720.0000	0
15:06:55	1177.0000	687.0000	0
15:06:55	1168.0000	647.0000	0
15:06:55	1154.0000	624.0000	0
15:06:55	1150.0000	601.0000	0
15:06:55	1516.0000	615.0000	0
15:06:55	1554.0000	612.0000	0
15:06:55	1580.0000	614.0000	0
15:06:55	1590.0000	614.0000	0
15:06:55	2250.0000	658.0000	0
15:06:55	2224.0000	683.0000	0
15:06:55	2195.0000	710.0000	2
15:06:55	1894.0000	695.0000	0
15:06:55	1885.0000	699.0000	0
15:06:55	1874.0000	706.0000	0
15:06:55	1870.0000	709.0000	0
15:06:55	1669.0000	698.0000	0
15:06:55	1648.0000	689.0000	0
15:06:55	1637.0000	687.0000	0
15:06:55	1621.0000	671.0000	5
15:06:55	1372.0000	656.0000	0
15:06:55	1360.0000	639.0000	0
15:06:55	1349.0000	627.0000	0
15:06:55	1342.0000	597.0000	0
15:06:55	1103.0000	603.0000	0
15:06:55	1098.0000	578.0000	0
15:06:55	1074.0000	556.0000	0
15:06:55	891.0000	560.0000	0
15:06:55	882.0000	527.0000	0
15:06:55	875.0000	507.0000	0
15:06:55	866.0000	478.0000	0
15:06:55	720.0000	500.0000	0
15:06:55	711.0000	471.0000	0
15:06:55	702.0000	460.0000	0
15:06:55	691.0000	431.0000	0
15:06:55	614.0000	465.0000	0
15:06:55	611.0000	438.0000	0
15:06:55	614.0000	429.0000	0
15:06:55	614.0000	395.0000	0
15:06:55	557.0000	450.0000	0
15:06:55	555.0000	422.0000	0
15:06:55	560.0000	406.0000	0
15:06:55	545.0000	378.0000	0
15:06:55	489.0000	436.0000	0
15:06:55	482.0000	407.0000	0
15:06:55	476.0000	391.0000	0
15:06:55	471.0000	365.0000	0
15:06:55	427.0000	428.0000	0
15:06:55	421.0000	398.0000	0
15:06:55	430.0000	379.0000	0
15:06:55	413.0000	347.0000	0
15:06:55	369.0000	416.0000	0
15:06:55	368.0000	386.0000	0
15:06:55	371.0000	369.0000	0
15:06:55	363.0000	336.0000	0
15:06:55	325.0000	409.0000	0
15:06:55	336.0000	383.0000	0
15:06:55	336.0000	361.0000	0
15:06:55	336.0000	330.0000	0
15:06:55	624.0000	419.0000	0
15:06:55	667.0000	402.0000	0
15:06:55	678.0000	396.0000	0
15:06:55	671.0000	371.0000	0
15:06:55	907.0000	454.0000	0
15:06:55	914.0000	440.0000	0
15:06:55	919.0000	439.0000	0
15:06:55	816.0000	478.0000	0
15:06:55	810.0000	458.0000	0
15:06:55	803.0000	436.0000	0
15:06:55	809.0000	432.0000	0
15:06:55	723.0000	470.0000	0
15:06:55	720.0000	446.0000	0
15:06:55	714.0000	430.0000	0
15:06:55	719.0000	418.0000	0
15:06:55	599.0000	458.0000	0
15:06:55	607.0000	437.0000	0
15:06:56	590.0000	405.0000	0
15:06:56	592.0000	386.0000	0
15:06:56	493.0000	443.0000	0
15:06:56	490.0000	411.0000	0
15:06:56	483.0000	385.0000	0
15:06:56	477.0000	365.0000	0
15:06:56	407.0000	432.0000	0
15:06:56	406.0000	395.0000	0
15:06:56	400.0000	368.0000	0
15:06:56	397.0000	345.0000	0
15:06:56	359.0000	418.0000	0
15:06:56	355.0000	384.0000	0
15:06:56	353.0000	359.0000	0
15:06:56	347.0000	334.0000	0
15:06:56	353.0000	412.0000	0
15:06:56	353.0000	380.0000	0
15:06:56	361.0000	353.0000	0
15:06:56	366.0000	323.0000	0
15:06:56	502.0000	421.0000	0
15:06:56	525.0000	381.0000	0
15:06:56	531.0000	371.0000	0
15:06:56	608.0000	443.0000	0
15:06:56	604.0000	416.0000	0
15:06:56	599.0000	396.0000	0
15:06:56	592.0000	374.0000	0
15:06:56	540.0000	439.0000	0
15:06:56	532.0000	413.0000	0
15:06:56	529.0000	389.0000	0
15:06:56	528.0000	369.0000	0
15:06:56	455.0000	432.0000	0
15:06:56	451.0000	402.0000	0
15:06:56	447.0000	374.0000	0
15:06:56	447.0000	356.0000	0
15:06:56	395.0000	426.0000	0
15:06:56	389.0000	390.0000	0
15:06:56	386.0000	363.0000	0
15:06:56	382.0000	339.0000	0
15:06:56	337.0000	416.0000	0
15:06:56	336.0000	382.0000	0
15:06:56	339.0000	354.0000	0
15:06:56	327.0000	335.0000	0
15:06:56	301.0000	407.0000	0
15:06:56	298.0000	371.0000	0
15:06:56	299.0000	347.0000	0
15:06:56	296.0000	321.0000	0
15:06:56	261.0000	403.0000	0
15:06:56	257.0000	368.0000	0
15:06:56	256.0000	336.0000	0
15:06:56	259.0000	313.0000	0
15:06:56	235.0000	398.0000	0
15:06:56	234.0000	359.0000	0
15:06:56	233.0000	332.0000	0
15:06:56	229.0000	304.0000	0
15:06:56	213.0000	393.0000	0
15:06:56	210.0000	354.0000	0
15:06:56	210.0000	322.0000	0
15:06:56	210.0000	300.0000	0
15:06:56	202.0000	393.0000	0
15:06:56	197.0000	353.0000	0
15:06:56	196.0000	322.0000	0
15:06:56	187.0000	400.0000	0
15:06:56	187.0000	349.0000	0
15:06:56	189.0000	325.0000	0
15:06:56	186.0000	290.0000	0
15:06:56	183.0000	391.0000	0
15:06:56	179.0000	337.0000	0
15:06:56	183.0000	320.0000	0
15:06:56	179.0000	282.0000	0
15:06:56	179.0000	388.0000	0
15:06:56	177.0000	348.0000	0
15:06:56	178.0000	320.0000	0
15:06:56	182.0000	289.0000	0
15:06:56	178.0000	386.0000	0
15:06:56	175.0000	347.0000	0
15:06:56	182.0000	317.0000	0
15:06:56	176.0000	289.0000	0
15:06:56	176.0000	389.0000	0
15:06:56	177.0000	347.0000	0
15:06:56	177.0000	318.0000	0
15:06:56	176.0000	292.0000	0
15:06:56	182.0000	385.0000	0
15:06:56	181.0000	347.0000	0
15:06:56	177.0000	318.0000	0
15:06:56	178.0000	290.0000	0
15:06:56	181.0000	385.0000	0
15:06:56	182.0000	345.0000	0
15:06:56	181.0000	320.0000	0
15:06:56	180.0000	289.0000	0
15:06:56	175.0000	387.0000	0
15:06:56	175.0000	345.0000	0
15:06:56	176.0000	323.0000	0
15:06:56	176.0000	279.0000	0
15:06:56	181.0000	383.0000	0
15:06:56	183.0000	346.0000	0
15:06:56	184.0000	317.0000	0
15:06:56	187.0000	399.0000	0
15:06:56	182.0000	359.0000	0
15:06:56	184.0000	328.0000	0
15:06:56	182.0000	298.0000	0
15:06:56	185.0000	386.0000	0
15:06:56	185.0000	351.0000	0
15:06:56	187.0000	320.0000	0
15:06:56	193.0000	294.0000	0
15:06:56	194.0000	385.0000	0
15:06:56	198.0000	347.0000	0
15:06:56	198.0000	317.0000	0
15:06:56	201.0000	293.0000	0
15:06:56	202.0000	386.0000	0
15:06:56	202.0000	347.0000	0
15:06:56	199.0000	320.0000	0
15:06:56	197.0000	293.0000	0
15:06:56	209.0000	389.0000	0
15:06:56	208.0000	349.0000	0
15:06:56	208.0000	321.0000	0
15:06:56	206.0000	298.0000	0
15:06:56	205.0000	384.0000	0
15:06:56	203.0000	349.0000	0
15:06:56	205.0000	320.0000	0
15:06:56	206.0000	293.0000	0
15:06:56	208.0000	391.0000	0
15:06:56	208.0000	356.0000	0
15:06:56	208.0000	322.0000	0
15:06:56	202.0000	294.0000	0
15:06:56	215.0000	390.0000	0
15:06:56	211.0000	351.0000	0
15:06:56	213.0000	325.0000	0
15:06:56	208.0000	295.0000	0
15:06:56	212.0000	390.0000	0
15:06:56	211.0000	353.0000	0
15:06:56	208.0000	322.0000	0
15:06:56	208.0000	297.0000	0
15:06:56	212.0000	387.0000	0
15:06:57	212.0000	355.0000	0
15:06:57	209.0000	320.0000	0
15:06:57	213.0000	400.0000	0
15:06:57	214.0000	361.0000	0
15:06:57	218.0000	331.0000	0
15:06:57	217.0000	304.0000	0
15:06:57	213.0000	397.0000	0
15:06:57	213.0000	357.0000	0
15:06:57	213.0000	331.0000	0
15:06:57	212.0000	300.0000	0
15:06:57	211.0000	393.0000	0
15:06:57	211.0000	354.0000	0
15:06:57	214.0000	327.0000	0
15:06:57	214.0000	299.0000	0
15:06:57	210.0000	391.0000	0
15:06:57	211.0000	353.0000	0
15:06:57	212.0000	323.0000	0
15:06:57	209.0000	298.0000	0
15:06:57	215.0000	393.0000	0
15:06:57	214.0000	357.0000	0
15:06:57	214.0000	328.0000	0
15:06:57	214.0000	301.0000	0
15:06:57	217.0000	390.0000	0
15:06:57	213.0000	353.0000	0
15:06:57	214.0000	322.0000	0
15:06:57	214.0000	304.0000	0
15:06:57	208.0000	394.0000	0
15:06:57	208.0000	354.0000	0
15:06:57	208.0000	325.0000	0
15:06:57	208.0000	301.0000	0
15:06:57	209.0000	395.0000	0
15:06:57	208.0000	355.0000	0
15:06:57	208.0000	325.0000	0
15:06:57	208.0000	300.0000	0
15:06:57	207.0000	389.0000	0
15:06:57	207.0000	353.0000	0
15:06:57	208.0000	320.0000	0
15:06:57	208.0000	301.0000	0
15:06:57	208.0000	393.0000	0
15:06:57	208.0000	350.0000	0
15:06:57	212.0000	325.0000	0
15:06:57	208.0000	395.0000	0
15:06:57	206.0000	365.0000	0
15:06:57	206.0000	321.0000	0
15:06:57	219.0000	304.0000	0
15:06:57	206.0000	383.0000	0
15:06:57	208.0000	355.0000	0
15:06:57	208.0000	318.0000	0
15:06:57	208.0000	301.0000	0
15:06:57	207.0000	386.0000	0
15:06:57	208.0000	353.0000	0
15:06:57	208.0000	323.0000	0
15:06:57	208.0000	300.0000	0
15:06:57	208.0000	389.0000	0
15:06:57	208.0000	351.0000	0
15:06:57	208.0000	322.0000	0
15:06:57	208.0000	295.0000	0
15:06:57	204.0000	389.0000	0
15:06:57	203.0000	352.0000	0
15:06:57	206.0000	320.0000	0
15:06:57	201.0000	299.0000	0
15:06:57	207.0000	389.0000	0
15:06:57	208.0000	355.0000	0
15:06:57	208.0000	321.0000	0
15:06:57	192.0000	297.0000	0
15:06:57	203.0000	385.0000	0
15:06:57	203.0000	345.0000	0
15:06:57	203.0000	322.0000	0
15:06:57	203.0000	304.0000	0
15:06:57	199.0000	387.0000	0
15:06:57	201.0000	354.0000	0
15:06:57	201.0000	324.0000	0
15:06:57	195.0000	400.0000	0
15:06:57	197.0000	365.0000	0
15:06:57	197.0000	331.0000	0
15:06:57	197.0000	303.0000	0
15:06:57	193.0000	391.0000	0
15:06:57	3691.0000	734.0000	0
15:06:57	3696.0000	823.0000	0
15:06:57	3699.0000	885.0000	17
15:06:57	3697.0000	919.0000	0
15:06:57	3707.0000	981.0000	5
15:06:57	3711.0000	1031.0000	34
15:06:57	3685.0000	722.0000	0
15:06:57	3682.0000	810.0000	0
15:06:57	3677.0000	883.0000	0
15:06:57	3703.0000	915.0000	0
15:06:57	3707.0000	985.0000	7
15:06:57	3709.0000	1038.0000	26
15:06:57	3711.0000	1071.0000	48
15:06:57	3707.0000	1103.0000	0
15:06:57	3709.0000	1144.0000	12
15:06:57	3722.0000	1167.0000	37
15:06:57	3715.0000	1193.0000	58
15:06:57	3707.0000	1214.0000	0
15:06:57	3707.0000	1244.0000	18
15:06:57	3723.0000	1253.0000	48
15:06:57	3710.0000	1258.0000	0
15:06:57	3705.0000	1277.0000	18
15:06:57	3706.0000	1283.0000	48
15:06:57	3719.0000	1298.0000	67
15:06:57	3695.0000	1296.0000	0
15:06:57	3699.0000	1319.0000	21
15:06:57	3693.0000	1313.0000	48
15:06:57	3710.0000	1325.0000	80
15:06:57	3707.0000	1344.0000	0
15:06:57	3705.0000	1344.0000	29
15:06:57	3704.0000	1341.0000	56
15:06:57	3709.0000	1344.0000	0
15:06:58	3703.0000	1347.0000	27
15:06:58	3706.0000	1342.0000	55
15:06:58	3708.0000	1346.0000	80
15:06:58	3701.0000	1363.0000	0
15:06:58	3703.0000	1364.0000	29
15:06:58	3702.0000	1357.0000	61
15:06:58	3707.0000	1354.0000	80
15:06:58	3710.0000	1378.0000	0
15:06:58	3712.0000	1380.0000	27
15:06:58	3708.0000	1369.0000	58
15:06:58	3712.0000	1375.0000	0
15:06:58	3702.0000	1373.0000	29
15:06:58	3712.0000	1362.0000	60
15:06:58	3710.0000	1361.0000	80
15:06:58	3712.0000	1382.0000	0
15:06:58	3704.0000	1378.0000	30
15:06:58	3703.0000	1372.0000	54
15:06:58	3700.0000	1376.0000	78
15:06:58	3712.0000	1392.0000	0
15:06:58	3703.0000	1386.0000	28
15:06:58	3709.0000	1376.0000	63
15:06:58	3712.0000	1381.0000	0
15:06:58	3701.0000	1375.0000	28
15:06:58	3699.0000	1365.0000	53
15:06:58	3703.0000	1373.0000	80
15:06:58	3715.0000	1392.0000	0
15:06:58	3703.0000	1385.0000	25
15:06:58	3712.0000	1380.0000	54
15:06:58	3705.0000	1377.0000	77
15:06:58	3714.0000	1398.0000	0
15:06:58	3705.0000	1391.0000	29
15:06:58	3711.0000	1388.0000	64
15:06:58	3697.0000	1378.0000	0
15:06:58	3703.0000	1379.0000	29
15:06:58	3678.0000	1377.0000	46
15:06:58	3715.0000	1375.0000	80
15:06:58	3715.0000	1393.0000	0
15:06:58	3708.0000	1385.0000	28
15:06:58	3707.0000	1379.0000	61
15:06:58	3706.0000	1385.0000	81
15:06:58	3712.0000	1397.0000	0
15:06:58	3707.0000	1388.0000	33
15:06:58	3716.0000	1380.0000	63
15:06:58	3717.0000	1389.0000	0
15:06:58	3707.0000	1377.0000	31
15:06:58	3702.0000	1372.0000	63
15:06:58	3712.0000	1368.0000	85
15:06:58	3714.0000	1394.0000	0
15:06:58	3701.0000	1377.0000	34
15:06:58	3709.0000	1376.0000	65
15:06:58	3709.0000	1372.0000	85
15:06:58	3708.0000	1398.0000	0
15:06:58	3712.0000	1393.0000	29
15:06:58	3711.0000	1383.0000	61
15:06:58	3719.0000	1389.0000	0
15:06:58	3707.0000	1388.0000	28
15:06:58	3712.0000	1376.0000	57
15:06:58	3712.0000	1374.0000	80
15:06:58	3715.0000	1393.0000	0
15:06:58	3706.0000	1390.0000	28
15:06:58	3713.0000	1379.0000	58
15:06:58	3706.0000	1378.0000	79
15:06:58	3714.0000	1396.0000	0
15:06:58	3710.0000	1395.0000	31
15:06:58	3684.0000	1381.0000	45
15:06:58	3715.0000	1390.0000	0
15:06:58	3705.0000	1379.0000	27
15:06:58	3710.0000	1371.0000	59
15:06:58	3707.0000	1373.0000	80
15:06:58	3712.0000	1392.0000	0
15:06:58	3705.0000	1386.0000	21
15:06:58	3701.0000	1378.0000	58
15:06:58	3707.0000	1372.0000	80
15:06:58	3717.0000	1394.0000	0
15:06:58	3709.0000	1393.0000	23
15:06:58	3703.0000	1384.0000	58
15:06:58	3712.0000	1387.0000	0
15:06:58	3698.0000	1378.0000	21
15:06:58	3708.0000	1370.0000	57
15:06:58	3706.0000	1375.0000	79
15:06:58	3709.0000	1393.0000	0
15:06:58	3708.0000	1388.0000	23
15:06:58	3703.0000	1380.0000	58
15:06:58	3714.0000	1382.0000	0
15:06:58	3707.0000	1375.0000	35
15:06:58	3706.0000	1363.0000	65
15:06:58	3710.0000	1363.0000	82
15:06:58	3711.0000	1392.0000	0
15:06:58	3701.0000	1383.0000	32
15:06:58	3701.0000	1374.0000	59
15:06:58	3708.0000	1373.0000	80
15:06:58	3710.0000	1395.0000	0
15:06:58	3706.0000	1392.0000	28
15:06:58	3699.0000	1381.0000	55
15:06:58	3712.0000	1387.0000	0
15:06:58	3706.0000	1380.0000	28
15:06:58	3705.0000	1371.0000	55
15:06:58	3703.0000	1374.0000	80
15:06:58	3698.0000	1378.0000	0
15:06:58	3707.0000	1387.0000	32
15:06:58	3703.0000	1377.0000	59
15:06:58	3713.0000	1377.0000	80
15:06:58	3712.0000	1397.0000	0
15:06:58	3707.0000	1393.0000	30
15:06:58	3696.0000	1383.0000	62
15:06:58	3712.0000	1390.0000	0
15:06:58	3706.0000	1381.0000	21
15:06:58	3711.0000	1382.0000	58
15:06:58	3706.0000	1376.0000	80
15:06:58	3712.0000	1395.0000	0
15:06:58	3703.0000	1389.0000	33
15:06:58	3706.0000	1381.0000	58
15:06:58	3706.0000	1380.0000	80
15:06:58	3711.0000	1399.0000	0
15:06:58	3718.0000	1393.0000	34
15:06:58	3710.0000	1390.0000	62
15:06:58	3709.0000	1392.0000	0
15:06:58	3706.0000	1375.0000	41
15:06:58	3712.0000	1381.0000	64
15:06:58	3707.0000	1377.0000	80
15:06:58	3714.0000	1403.0000	0
15:06:58	3713.0000	1389.0000	30
15:06:58	3705.0000	1380.0000	64
15:06:58	3711.0000	1375.0000	80
15:06:58	3704.0000	1406.0000	0
15:06:58	3741.0000	1393.0000	27
15:06:58	3703.0000	1380.0000	67
15:06:58	3707.0000	1389.0000	0
15:06:58	3709.0000	1383.0000	29
15:06:58	3709.0000	1380.0000	55
15:06:58	3709.0000	1376.0000	77
15:06:58	3711.0000	1392.0000	0
15:06:58	3709.0000	1392.0000	25
15:06:58	3705.0000	1380.0000	55
15:06:58	3709.0000	1382.0000	78
15:06:58	3717.0000	1402.0000	0
15:06:58	3714.0000	1385.0000	36
15:06:58	3709.0000	1388.0000	59
15:06:58	3717.0000	1392.0000	0
15:06:58	3704.0000	1383.0000	29
15:06:58	3714.0000	1367.0000	64
15:06:58	3709.0000	1365.0000	83
15:06:58	3726.0000	1406.0000	0
15:06:58	3701.0000	1391.0000	35
15:06:58	3708.0000	1368.0000	74
15:06:58	3703.0000	1375.0000	82
15:06:58	3728.0000	1409.0000	0
15:06:58	3707.0000	1395.0000	29
15:06:58	3705.0000	1385.0000	64
15:06:58	3714.0000	1390.0000	0
15:06:58	3719.0000	1380.0000	31
15:06:58	3709.0000	1376.0000	63
15:06:58	3705.0000	1359.0000	94
15:06:58	3711.0000	1392.0000	0
15:06:58	3726.0000	1385.0000	28
15:06:58	3708.0000	1376.0000	57
15:06:58	3702.0000	1365.0000	84
15:06:58	3713.0000	1396.0000	0
15:06:58	3727.0000	1394.0000	27
15:06:58	3705.0000	1387.0000	55
15:06:58	3713.0000	1385.0000	0
15:06:58	3713.0000	1381.0000	29
15:06:58	3737.0000	1381.0000	52
15:06:58	3707.0000	1373.0000	79
15:06:58	3707.0000	1392.0000	0
15:06:58	3706.0000	1387.0000	31
15:06:58	3719.0000	1387.0000	58
15:06:58	3703.0000	1374.0000	83
15:06:58	3715.0000	1397.0000	0
15:06:58	3709.0000	1389.0000	34
15:06:58	3723.0000	1383.0000	60
15:06:58	3695.0000	1373.0000	0
15:06:58	3709.0000	1384.0000	23
15:06:58	3721.0000	1372.0000	57
15:06:58	3723.0000	1374.0000	75
15:06:58	3705.0000	1392.0000	0
15:06:58	3712.0000	1370.0000	37
15:06:58	3707.0000	1369.0000	64
15:06:58	3713.0000	1365.0000	86
15:06:58	3712.0000	1393.0000	0
15:06:58	3705.0000	1385.0000	31
15:06:58	3709.0000	1377.0000	56
15:06:58	3701.0000	1380.0000	0
15:06:58	3703.0000	1376.0000	29
15:06:58	3706.0000	1364.0000	64
15:06:58	3709.0000	1367.0000	84
15:06:58	3703.0000	1391.0000	0
15:06:58	3702.0000	1378.0000	33
15:06:58	3705.0000	1369.0000	65
15:06:58	3708.0000	1371.0000	82
15:06:58	3709.0000	1393.0000	0
15:06:58	3702.0000	1385.0000	30
15:06:58	3704.0000	1376.0000	64
15:06:58	3710.0000	1380.0000	0
15:06:58	3719.0000	1375.0000	29
15:06:58	3708.0000	1367.0000	59
15:06:58	3705.0000	1367.0000	80
15:06:58	3710.0000	1392.0000	0
15:06:58	3703.0000	1380.0000	31
15:06:58	3731.0000	1375.0000	59
15:06:58	3711.0000	1380.0000	0
15:06:58	3703.0000	1376.0000	31
15:06:58	3712.0000	1363.0000	61
15:06:58	3713.0000	1369.0000	80
15:06:58	3712.0000	1390.0000	0
15:06:58	3700.0000	1390.0000	25
15:06:58	3709.0000	1389.0000	54
15:06:58	3683.0000	1379.0000	64
15:06:58	3715.0000	1401.0000	0
15:06:58	3706.0000	1397.0000	23
15:06:58	3703.0000	1389.0000	59
15:06:58	3711.0000	1389.0000	0
15:06:58	3707.0000	1384.0000	28
15:06:58	3709.0000	1377.0000	61
15:06:58	3707.0000	1379.0000	80
15:06:58	3709.0000	1398.0000	0
15:06:58	3707.0000	1392.0000	32
15:06:59	3707.0000	1388.0000	62
15:06:59	3715.0000	1384.0000	82
15:06:59	3712.0000	1402.0000	0
15:06:59	3703.0000	1396.0000	27
15:06:59	3706.0000	1398.0000	57
15:06:59	3711.0000	1390.0000	0
15:06:59	3713.0000	1384.0000	30
15:06:59	3711.0000	1380.0000	57
15:06:59	3703.0000	1378.0000	80
15:06:59	3711.0000	1393.0000	0
15:06:59	3707.0000	1390.0000	31
15:06:59	3706.0000	1384.0000	57
15:06:59	3709.0000	1379.0000	80
15:06:59	3715.0000	1397.0000	0
15:06:59	3703.0000	1391.0000	27
15:06:59	3726.0000	1382.0000	55
15:06:59	3725.0000	1383.0000	0
15:06:59	3703.0000	1382.0000	32
15:06:59	3729.0000	1370.0000	62
15:06:59	3701.0000	1371.0000	81
15:06:59	3707.0000	1392.0000	0
15:06:59	3703.0000	1388.0000	32
15:06:59	3699.0000	1373.0000	59
15:06:59	3700.0000	1380.0000	80
15:06:59	3711.0000	1399.0000	0
15:06:59	3708.0000	1395.0000	26
15:06:59	3680.0000	1389.0000	42
15:06:59	3713.0000	1390.0000	0
15:06:59	3679.0000	1393.0000	27
15:06:59	3711.0000	1373.0000	55
15:06:59	3671.0000	1376.0000	78
15:06:59	3713.0000	1394.0000	0
15:06:59	3706.0000	1390.0000	27
15:06:59	3705.0000	1381.0000	56
15:06:59	3707.0000	1381.0000	78
15:06:59	3712.0000	1397.0000	0
15:06:59	3709.0000	1388.0000	26
15:06:59	3705.0000	1381.0000	58
15:06:59	3706.0000	1388.0000	0
15:06:59	3707.0000	1382.0000	25
15:06:59	3702.0000	1376.0000	54
15:06:59	3702.0000	1378.0000	79
15:06:59	3707.0000	1394.0000	0
15:06:59	3700.0000	1396.0000	33
15:06:59	3700.0000	1380.0000	58
15:06:59	3707.0000	1382.0000	74
15:06:59	3699.0000	1403.0000	0
15:06:59	3703.0000	1395.0000	34
15:06:59	3709.0000	1388.0000	63
15:06:59	3707.0000	1390.0000	0
15:06:59	3710.0000	1381.0000	33
15:06:59	3709.0000	1374.0000	64
15:06:59	3707.0000	1372.0000	82
15:06:59	3703.0000	1397.0000	0
15:06:59	3712.0000	1392.0000	32
15:06:59	3707.0000	1383.0000	64
15:06:59	3696.0000	1380.0000	85
15:06:59	3699.0000	1395.0000	0
15:06:59	3709.0000	1388.0000	33
15:06:59	3696.0000	1384.0000	62
15:06:59	3698.0000	1379.0000	0
15:06:59	3699.0000	1384.0000	32
15:06:59	3707.0000	1372.0000	64
15:06:59	317.0000	574.0000	0
15:06:59	318.0000	529.0000	0
15:06:59	326.0000	477.0000	0
15:06:59	313.0000	434.0000	0
15:06:59	319.0000	457.0000	0
15:06:59	315.0000	427.0000	0
15:06:59	337.0000	389.0000	0
15:06:59	320.0000	437.0000	0
15:06:59	316.0000	400.0000	0
15:06:59	320.0000	368.0000	0
15:06:59	319.0000	339.0000	0
15:06:59	311.0000	415.0000	0
15:06:59	318.0000	380.0000	0
15:06:59	314.0000	353.0000	0
15:06:59	317.0000	331.0000	0
15:06:59	324.0000	411.0000	0
15:06:59	322.0000	375.0000	0
15:06:59	326.0000	347.0000	0
15:06:59	325.0000	324.0000	0
15:06:59	314.0000	409.0000	0
15:06:59	313.0000	373.0000	0
15:06:59	314.0000	345.0000	0
15:06:59	314.0000	321.0000	0
15:06:59	304.0000	406.0000	0
15:06:59	303.0000	370.0000	0
15:06:59	310.0000	354.0000	0
15:06:59	308.0000	310.0000	0
15:06:59	317.0000	403.0000	0
15:06:59	319.0000	371.0000	0
15:06:59	314.0000	342.0000	0
15:06:59	317.0000	321.0000	0
15:06:59	311.0000	406.0000	0
15:06:59	308.0000	372.0000	0
15:06:59	304.0000	343.0000	0
15:06:59	305.0000	323.0000	0
15:06:59	302.0000	407.0000	0
15:06:59	302.0000	369.0000	0
15:06:59	306.0000	345.0000	0
15:06:59	299.0000	319.0000	0
15:06:59	290.0000	405.0000	0
15:06:59	289.0000	369.0000	0
15:06:59	290.0000	341.0000	0
15:06:59	279.0000	416.0000	0
15:06:59	289.0000	375.0000	0
15:06:59	280.0000	343.0000	0
15:06:59	272.0000	321.0000	0
15:06:59	272.0000	402.0000	0
15:06:59	269.0000	368.0000	0
15:06:59	272.0000	337.0000	0
15:06:59	269.0000	314.0000	0
15:06:59	287.0000	401.0000	0
15:06:59	283.0000	368.0000	0
15:06:59	282.0000	338.0000	0
15:06:59	274.0000	311.0000	0
15:06:59	275.0000	401.0000	0
15:06:59	272.0000	368.0000	0
15:06:59	278.0000	339.0000	0
15:06:59	271.0000	313.0000	0
15:06:59	267.0000	400.0000	0
15:06:59	275.0000	364.0000	0
15:06:59	269.0000	337.0000	0
15:06:59	260.0000	306.0000	0
15:06:59	257.0000	400.0000	0
15:06:59	269.0000	362.0000	0
15:06:59	254.0000	334.0000	0
15:06:59	248.0000	307.0000	0
15:06:59	255.0000	389.0000	0
15:06:59	262.0000	366.0000	0
15:06:59	251.0000	320.0000	0
15:06:59	251.0000	310.0000	0
15:06:59	240.0000	399.0000	0
15:06:59	240.0000	361.0000	0
15:06:59	241.0000	332.0000	0
15:06:59	240.0000	304.0000	0
15:06:59	242.0000	392.0000	0
15:06:59	240.0000	358.0000	0
15:06:59	241.0000	330.0000	0
15:06:59	238.0000	403.0000	0
15:06:59	239.0000	368.0000	0
15:06:59	235.0000	336.0000	0
15:06:59	237.0000	311.0000	0
15:06:59	234.0000	393.0000	0
15:06:59	231.0000	359.0000	0
15:06:59	234.0000	334.0000	0
15:06:59	233.0000	304.0000	0
15:06:59	226.0000	391.0000	0
15:06:59	225.0000	358.0000	0
15:06:59	225.0000	326.0000	0
15:06:59	224.0000	303.0000	0
